leg,leg_number,name,type,address,on_route,distance_from_route_m,interest_rating,description,interesting_fact_1,interesting_fact_2,interesting_fact_3,external_link,source_notes,latitude,longitude,geocode_confidence,image_path,verdict,text_length,photo_choice,map_icon_correct,note_text,new_gps_lat,new_gps_lon,new_gps_accuracy_m,reviewed_at
"RBS HQ -> Pitt Statue","1","Statue of John Hope, 4th Earl of Hopetoun","statue","Forecourt of Dundas House, 36 St Andrew Square, Edinburgh EH2 2YB","","","","A bronze general stands guard over Dundas House's forecourt, toga draped over one shoulder, a horse bowing its head beside him. This is John Hope, 4th Earl of Hopetoun (1765-1823), who took command of the British army at Corunna after Sir John Moore fell in battle. Sculptor Thomas Campbell dressed him as a Roman rather than a soldier, standing rather than mounted - a quieter kind of monument than you might expect for a general. The stepped granite plinth beneath him carries an inscription penned by Sir Walter Scott himself.","It was never meant to be here. Edinburgh commissioned the statue in 1824 for Charlotte Square, then judged it unsuitable; it went unplaced for years until the bank accepted it in 1834 and set it in its own forecourt. The accidental siting produced the square's best in-joke: the Earl stands looking west across the gardens directly at the Melville Monument and Henry Dundas - who was his brother-in-law, having married the Earl's sister Lady Jane Hope in 1793.","","","https://en.wikipedia.org/wiki/John_Hope,_4th_Earl_of_Hopetoun","","55.95442886464266","-3.191716979846795","","1-1.jpg","","","","","RECOVERY: draft-JSON fallback (pre-review, not confirmed post-review)","","","",""
"RBS HQ -> Pitt Statue","1","Lion of Scotland","statue","St Andrew Square Gardens, Edinburgh","","","","This sleeping lion is carved from 20 tonnes of pink granite, and you're looking at over a year of hand-tool labour with not a single power tool used. Sculptor Ronald Rae carved this from a single boulder of Corrennie granite from Aberdeenshire - some 17 feet nose to tail, 8 feet at the shoulder. It first lay in Holyrood Park, deliberately placed between the Palace of Holyroodhouse and the new Scottish Parliament, beneath Arthur's Seat - a hill long read as a lion in its own right. Now it rests here in St Andrew Square Gardens instead.","It's been voted Edinburgh's best-loved sculpture. When its Holyrood loan was due to expire in 2008, Scottish Blue Badge guides raised a petition and thousands signed it; that won a two-year reprieve, and on 25 April 2010 the lion made the mile-long journey across town.","It came here on loan rather than by purchase, financed by Essential Edinburgh and private sponsors - Rae has said he hopes the city will one day buy it outright. Technically, it is still a visitor.","","https://www.ronaldrae.co.uk/lion-of-scotland/","","55.954561751061455","-3.1929936377678936","","1-2.jpg","","","","","RECOVERY: draft-JSON fallback (pre-review, not confirmed post-review)","","","",""
"RBS HQ -> Pitt Statue","1","Melville Monument","monument","St Andrew Square Gardens, Edinburgh","","","","Tip your head back for the full 45 metres of fluted Doric column rising above the gardens, modelled on Trajan's Column in Rome and weighing around 1,500 tons. Robert Stevenson - grandfather of novelist Robert Louis Stevenson, and already Scotland's master lighthouse engineer - helped solve the engineering, since nothing this large had been attempted in the country before. At the top stands Henry Dundas, 1st Viscount Melville, carved by Robert Forrest from a design by Sir Francis Chantrey.","Dundas was so politically powerful in late-18th-century Scotland he was nicknamed 'The Uncrowned King of Scotland' - and this monument is the 'big man in the sky' the game's own clue points players toward. In 1806 he became the last person ever impeached in the UK, for misappropriating public funds.","A plaque added in 2021 addresses his role in delaying the abolition of the slave trade. The £8,000 bill was met by subscription from the officers and men of the Royal Navy, which Dundas had run as First Lord of the Admiralty from 1804.","","https://en.wikipedia.org/wiki/Melville_Monument","","55.954209464635085","-3.1931551391033786","","1-3.jpg","","","","","RECOVERY: draft-JSON fallback (pre-review, not confirmed post-review)","","","",""
"RBS HQ -> Pitt Statue","1","Paddington Bear Statue","quirky","St Andrew Square Gardens (near 42 St Andrew Sq), Edinburgh","","","","Take a seat beside the bronze bear on the bench - there's a gap left deliberately for you, marmalade sandwich in his paw, because this whole spot was built around the photograph you're about to take. He's sitting on ground that was private, railed-off garden for well over two centuries, reserved for the households around the square, and only opened to the public in 2008.","Unveiled 9 Oct 2024 as part of the national 'Paddington Visits' trail (tied to the Paddington in Peru film) - one of 23 across the UK and Ireland, each hand-painted in the red hat and blue duffle coat.","The luggage label round his neck - 'Please look after this bear' - came straight from Michael Bond's memory of wartime evacuee children arriving at London stations with tags tied to their coats. Bond bought the lone unsold teddy that started it all on Christmas Eve 1956, as a present for his wife.","","https://mindtrip.ai/attraction/edinburgh-scotland/paddington-bear-statue/at-AhHdS9wz","","55.9541629","-3.1934904","","1-4.jpg","","","","","RECOVERY: draft-JSON fallback (pre-review, not confirmed post-review)","","","",""
"RBS HQ -> Pitt Statue","1","National Portrait Gallery","gallery","1 Queen Street, Edinburgh EH2 1JD","","","","Red sandstone turrets and niche-set statues of famous Scots line this Gothic Revival facade, and you're facing a building whose donor kept his identity secret for seven years. Robert Rowand Anderson designed it, built 1885-90 from stone quarried at Corsehill near Annan, as a double building sharing one Great Hall: portrait gallery in the east wing, National Museum of Antiquities in the west.","Nobody was supposed to know who paid for it. In 1882 an anonymous £10,000 gift arrived to 'set on foot' a national portrait gallery; the donor quietly kept paying until the bill reached roughly £70,000, and his identity was revealed only on opening day in 1889 - John Ritchie Findlay, proprietor of The Scotsman.","Inside, the Great Hall's arcaded balcony carries William Hole's processional frieze of 155 Scots running backwards in time from Thomas Carlyle to the Stone Age, beneath a ceiling of over 2,000 gold stars.","","https://en.wikipedia.org/wiki/Scottish_National_Portrait_Gallery","","55.955679","-3.193556","","1-5.jpg","","","","","RECOVERY: draft-JSON fallback (pre-review, not confirmed post-review)","","","",""
"RBS HQ -> Pitt Statue","1","The Capital Building","building","The Capital Building, 12-13 St Andrew Square, Edinburgh EH2 2AF","","","","Black granite and warm sandstone banding rise sharply above St Andrew Square's corner, and you're standing in front of one of the New Town's only full-blooded Art Deco buildings. Built 1938-40 as the Caledonian Insurance Company's head office, to designs by Leslie Grahame Thomson with Frank J Connell, its splayed corner entrance is flanked by two outsized bronzes by Alexander Carrick.","The two bronzes over the door are an insurance advert in metal. Carrick's figures are 'Safety' - a man shielding a young girl - and 'Security' - a woman with a baby and a boy: not civic virtues, but precisely the two things a Caledonian Insurance policy claimed to sell, cast at twice life size above the counter where you bought one.","The theme carries indoors, where William Wilson's stained glass in the stairwell depicts commercial trades rather than scripture. The building was finished just as war halted Edinburgh construction.","","https://www.capital-building.co.uk/","","55.953857","-3.194273","","1-6.jpg","","","","","RECOVERY: draft-JSON fallback (pre-review, not confirmed post-review)","","","",""
"RBS HQ -> Pitt Statue","1","James Clerk Maxwell statue","statue","Central reservation, east end of George Street at St Andrew Square, Edinburgh EH2 2LL","","","","Sit for a moment across from the seated bronze at the top of George Street, and you're facing James Clerk Maxwell (1831-1879), captured mid-thought by sculptor Alexander Stoddart, spinning colour top in hand and his terrier Toby curled at his feet. Unveiled in 2008, the granite plinth beneath him carries reliefs of Newton and Einstein either side, plus a plaque of his own equations.","The four equations on the plinth are not the ones Maxwell wrote. His 1865 formulation ran to twenty equations in twenty variables; the compact vector form the world now calls 'Maxwell's equations' was boiled down by Oliver Heaviside two decades later, after Maxwell was dead.","The Royal Society of Edinburgh, which commissioned this statue and sits a block west, first published Maxwell at fourteen - his 1846 paper on oval curves had to be read aloud to the Society by Professor James Forbes, because a boy that age could not present it himself.","","https://en.wikipedia.org/wiki/James_Clerk_Maxwell","","55.95400445645818","-3.1944016638513006","","1-7.jpg","","","","","RECOVERY: draft-JSON fallback (pre-review, not confirmed post-review)","","","",""
"RBS HQ -> Pitt Statue","1","Thistle Court","architectural_point","Thistle Street, Edinburgh","","","","Two plain sandstone houses face each other across this small grass court, and you're standing at the very start of the New Town - the oldest surviving buildings in the whole development, put up in 1767. There's no column, no pediment, nothing to announce it: developer John Young simply built houses facing each other rather than following James Craig's grid, and collected the council's £20 prize for breaking ground first.","These are possibly the oldest semi-detached houses in Scotland. The rest of Thistle Street took another twenty-odd years to fill up, put up as plain craft workers' dwellings and workshops - the cheap seats directly behind George Street's mansions.","Craig named the street for Scotland's emblem, pairing it with Rose Street, named for England's.","","https://canmore.org.uk/site/52431/edinburgh-thistle-street-1-thistle-court","","55.954485007671934","-3.195650485176331","","1-8.jpg","","","","","RECOVERY: draft-JSON fallback (pre-review, not confirmed post-review)","","","",""
"RBS HQ -> Pitt Statue","1","The Dome","building","14 George Street, Edinburgh","","","","A hexastyle Corinthian portico towers over George Street - six 35-foot columns, 95 feet wide, topped by a sculpted pediment. Built around 1847 by architect David Rhind, this was once the Commercial Bank's grand headquarters, and its namesake glass dome still lights the banking hall inside. The pediment's carving of Fruitfulness, Trade and Navigation once appeared on the bank's own banknotes - so Scots carried this exact building around in their pockets.","The bank that built this grand headquarters eventually merged into the very same Royal Bank of Scotland whose own head office - Dundas House - is the first stop on this walk: once a rival across town, now part of the same institution.","This replaced the Physicians' Hall, designed by James Craig himself; its foundation stone was laid in 1776, and when it came down in January 1844 the workmen opened that stone and found silver medals sealed inside.","","https://en.wikipedia.org/wiki/The_Dome,_Edinburgh","","55.95366","-3.195608","","1-9.jpg","","","","","RECOVERY: draft-JSON fallback (pre-review, not confirmed post-review)","","","",""
"RBS HQ -> Pitt Statue","1","St Andrew's and St George's West Church","religious_building","13 George Street, Edinburgh","","","","Inside, the oval ceiling is lifted straight from an 18th-century engraving of the ruins of Palmyra - the first elliptical church plan built anywhere in Britain. Built in 1784 as St Andrew's Church - the New Town's first - its curved interior was partly a virtue made of necessity, since the leftover plot was too shallow for a conventional nave. Its 51-metre steeple, added in 1787, holds the oldest complete ring of bells in Scotland.","The site was originally earmarked for Dundas House before it was swapped for the church - Sir Lawrence Dundas quietly bought up the square's east side before Craig's plan could be enforced, and the church was bumped along George Street instead.","On 18 May 1843 this was the room where the Disruption happened: around a third of the ministers at the General Assembly walked out and founded the Free Church of Scotland.","","https://en.wikipedia.org/wiki/St_Andrew%27s_and_St_George%27s_West_Church","","55.95389536651243","-3.1957734524751946","","1-10.jpg","","","","","RECOVERY: draft-JSON fallback (pre-review, not confirmed post-review)","","","",""
"RBS HQ -> Pitt Statue","1","Caledonian Insurance Building","architectural_point","15-19 George Street, Edinburgh","","","","A grand doorway now serves as a hotel entrance, and you're looking at a company founded out of pure spite. David Bryce remodelled this 1780s townhouse into a grand insurance office in 1839-40 for the Caledonian, usually called Scotland's oldest insurance company - founded in 1805 after a man named Forrest Alexander had a £600 fire claim rejected for being one day late, so he started a Scottish insurer of his own instead.","The painter Sir Henry Raeburn sat on the Caledonian's board and designed the company's policy heading, in use until 1838 — the firm stayed at George Street until 1939, when it sold the premises to the George Hotel next door, only for the military to requisition them straight back for the rest of the war.","","","https://en.wikipedia.org/wiki/George_Street,_Edinburgh","","55.9538","-3.1963","","1-11.jpg","","","","","","","","",""
"RBS HQ -> Pitt Statue","1","Royal Society of Edinburgh","building","22-26 George Street, Edinburgh","","","","A green cupola tops the pale, glossy stone facade - noticeably colder and harder than its sandstone neighbours - and you're standing outside Scotland's National Academy of Science and Letters. Founded in 1783 in imitation of London's Royal Society, its first Council included Adam Smith, Joseph Black and James Hutton, who read his 'Theory of the Earth' here - the paper that effectively invented deep geological time.","Its earliest lodgings, from 1807, were in the Physicians' Hall - which stood on the site of The Dome, a few doors east on this same walk.","The first women Fellows were not elected until 1949, over 160 years after the Society was founded.","","https://en.wikipedia.org/wiki/Royal_Society_of_Edinburgh","","55.95346890648104","-3.1966786275180348","","1-12.jpg","","","","","RECOVERY: draft-JSON fallback (pre-review, not confirmed post-review)","","","",""
"RBS HQ -> Pitt Statue","1","Susan Ferrier's Home","history","25 George Street, Edinburgh","","","","This townhouse is now folded into the InterContinental hotel, and you're looking at the home where novelist Susan Ferrier lived from age two until nearly sixty, writing all three of her novels under this roof. Sometimes called 'the Scottish Jane Austen', she published anonymously - not publicly named as an author until 1851, three years before her death - while her father's position as a Writer to the Signet put her at the heart of Edinburgh's literary establishment, seated beside Walter Scott himself.","The fees tell you how well her novels sold: Blackwood paid £150 for 'Marriage' in 1818, and by 'Destiny' in 1831 Robert Cadell was handing over £1,700, a small fortune for a novel then.","Scott rated her company as much as her books, calling her conversation 'the least exigeant of any author, female at least'. Failing eyesight made her a recluse in later life; she is buried at St Cuthbert's.","","https://en.wikipedia.org/wiki/Susan_Ferrier","","55.95380310807158","-3.1966022751715495","","1-13.jpg","","","","","RECOVERY: draft-JSON fallback (pre-review, not confirmed post-review)","","","",""
"RBS HQ -> Pitt Statue","1","King George IV Statue","statue","Junction of George St and Hanover St, Edinburgh","","","","At the crossing of George Street and Hanover Street, you're facing a king who never lived to see himself honoured here. Sir Francis Chantrey's statue, showing George IV in full Highland dress from his stage-managed 1822 visit - the first by a reigning monarch in around 170 years - wasn't unveiled until 1831, by which point the king had been dead for over a year.","Chantrey also sculpted the William Pitt statue at the far end of this walk - same sculptor, two statues. Make that three: Henry Dundas atop the Melville Monument in St Andrew Square was carved by Robert Forrest from a Chantrey model, so Chantrey effectively bookends this entire route.","Chantrey left his fortune to found the Chantrey Bequest, which still buys art for the nation today.","","https://en.wikipedia.org/wiki/George_Street,_Edinburgh","","55.9535225","-3.1972676","","1-14.jpg","","","","","RECOVERY: draft-JSON fallback (pre-review, not confirmed post-review)","","","",""
"RBS HQ -> Pitt Statue","1","The Assembly Rooms","building","54 George Street, Edinburgh","","","","A grand portico marks Edinburgh's oldest surviving events venue, and you're standing where Walter Scott finally admitted, in 1827, that he'd secretly written the Waverley novels - a thirteen-year secret undone by a single toast he couldn't dodge. Opened in 1787 to designs by John Henderson, who died before it was finished, the building hosted King George IV's Peers Ball in 1822 and has been a Fringe venue since 1981.","At a Theatrical Fund dinner here in February 1827, a toast to 'the Author of Waverley' left Scott no way out, and he stood up and owned the secret himself, in public, for the first time.","Dickens and Thackeray both read here afterwards, and the great portico wasn't even original - it was added in 1818, thirty years after the hall itself opened.","","https://en.wikipedia.org/wiki/Assembly_Rooms_(Edinburgh)","","55.953137100000006","-3.1986887999999998","","1-15.jpg","","","","","RECOVERY: draft-JSON fallback (pre-review, not confirmed post-review)","","","",""
"RBS HQ -> Pitt Statue","1","Pink Sandstone Among Yellow Free-Stone","architectural_point","65 George Street, Edinburgh","","","","Pink stone breaks the pattern along this stretch of George Street, and you're seeing a different rock entirely from its neighbours. Built 1907-08 as Dowell's Auctioneers, its New Red Sandstone was hauled seventy miles from Locharbriggs near Dumfries once railways made that cheaper than the local Craigleith stone everyone else used - a Permian desert rock laid down some eighty million years after the swampy sands beside it.","Craigleith quarry worked from 1615 and did not close until 1942, supplying most of the New Town - which makes this one Edwardian building the odd one out on the whole street.","Dowell's catalogues and roup rolls, from 1879 onwards, are now held by the National Library of Scotland.","","https://en.wikipedia.org/wiki/George_Street,_Edinburgh","","55.953","-3.1998","","1-16.jpg","","","","","RECOVERY: draft-JSON fallback (pre-review, not confirmed post-review)","","","",""
"RBS HQ -> Pitt Statue","1","Hidden Back-Lane White Tiles","recurring_feature","Rose Street North Lane, Edinburgh","","","","Duck into this back lane and look up at the white glazed brick lining its walls - a Victorian trick for bouncing daylight into a space the sun never reaches directly. Every one of James Craig's New Town blocks is cut through by a service lane like this, lined with stables and coach houses so carriages never appeared at the front door. Rose Street North Lane served the discreet back entrances of the Princes Street houses above.","The glazed brick had a second job in a coal-smoke city that called itself Auld Reekie: it sheds soot and can simply be sluiced clean with a bucket - which is also why it lined the stables and dairies these lanes held.","Well into the 19th century some lanes also held byres for the cows that supplied surrounding households with milk. Glazed brick like this was mass-produced from the 1860s by fireclay firms like Burmantofts of Leeds.","","","","55.95233808640327","-3.200912273844927","","1-17.jpg","","","","","RECOVERY: draft-JSON fallback (pre-review, not confirmed post-review)","","","",""
"RBS HQ -> Pitt Statue","1","The Giant Caryatids","architectural_point","78-80 George Street, Edinburgh","","","","The fifth-floor gallery isn't held up by columns at all - four robed female figures carry the weight on their heads instead. Built 1903-07 for the Professional and Civil Service Supply Association by Sir John James Burnet, these are the 'Four Seasons Facade', each carved for Spring, Summer, Autumn or Winter. The term caryatid comes from the Ancient Greek for 'maidens of Karyai' - one theory ties it to dancers for Artemis, another to women condemned to hard labour for siding with the Persians.","Classical caryatids are meant to look as if they're effortlessly carrying a building's weight, and Burnet used the trick to make a six-storey stone block feel light at its highest point.","The cooperative era gave way to a long spell as a National Westminster Bank branch; the interior is now WeWork offices, but the four seasons still watch over George Street exactly as Burnet intended.","","https://britishlistedbuildings.co.uk/200367495-national-westminster-bank-78-80-george-street-edinburgh-edinburgh","","55.95269834778553","-3.201264175010834","","1-18.jpg","","","","","RECOVERY: draft-JSON fallback (pre-review, not confirmed post-review)","","","",""
"RBS HQ -> Pitt Statue","1","Micro-Lighthouse Above the Doorway","quirky","84 George Street, Edinburgh","","","","A working miniature lighthouse sits in the first-floor window above this doorway, lamp still turning, built on the premises and running since 1950. This is the Northern Lighthouse Board's headquarters, and the model above your head replicates Bell Rock Lighthouse - built 1807-10 by Robert Stevenson, grandfather of Robert Louis Stevenson, on a reef eleven miles out that vanishes under every high tide.","Eight Stevensons across four generations designed close to a hundred Scottish lighthouses between 1790 and 1940 for this very body - a second RLS thread on this route, alongside the Chantrelle murder case said to have inspired Dr Jekyll and Mr Hyde.","Bell Rock's lamp was first lit on 1 February 1811 and the masonry has never needed replacing since.","","https://www.atlasobscura.com/places/northern-lighthouse-board","","55.952652","-3.2015384","","1-19.jpg","","","","","RECOVERY: draft-JSON fallback (pre-review, not confirmed post-review)","","","",""
"RBS HQ -> Pitt Statue","1","Freemasons' Hall","building","96 George Street, Edinburgh","","","","A statue of St Andrew tops this facade, and you're standing outside the Grand Lodge of Scotland's headquarters since the mid-19th century. The current building, 1911-12, replaced an earlier hall by David Bryce - the same architect behind the Caledonian Insurance building at the other end of this walk. Inside, a museum holds Masonic treasures open to the public.","The Grand Lodge dates its own founding to 1736; on its roll at No 1 is the Lodge of Edinburgh (Mary's Chapel), whose minute of 31 July 1599 is the oldest surviving record of any lodge still working anywhere in the world.","From 1947 the hall doubled as a concert venue for the new Edinburgh International Festival.","","https://en.wikipedia.org/wiki/Freemasons%27_Hall,_Edinburgh","","55.9522804","-3.2024455","","1-20.jpg","","","","","RECOVERY: draft-JSON fallback (pre-review, not confirmed post-review)","","","",""
"RBS HQ -> Pitt Statue","1","Early Modernist Steel Anomaly","architectural_point","100-104 George Street, Edinburgh","","","","An Egyptian Revival doorcase in polished red and black granite marks this corner, and you're seeing a trend that reached Edinburgh just two years after Tutankhamun's tomb was found in 1922. Built 1924-25 for Cleghorn's Department Store, architect Alfred George Lochhead hid a structural steel frame behind the cream sandstone front, breaking every rule of Craig's original plan to open up wider windows and larger retail floors than the New Town allowed.","Higher up, a Lorimerian scrolled pediment nods back to the Georgian neighbours the building otherwise defies entirely.","A later rework by architects CDA added a glass-and-steel penthouse floor, approved by Historic Scotland, now home to rooftop restaurant Oloroso, with panoramic views over the Castle and the Forth.","","https://britishlistedbuildings.co.uk/200371084-cleghorns-department-store-100-104-george-street-edinburgh-edinburgh","","55.952214857662405","-3.2033208750319453","","1-21.jpg","","","","","RECOVERY: draft-JSON fallback (pre-review, not confirmed post-review)","","","",""
"RBS HQ -> Pitt Statue","1","View Down Frederick Street to St Stephen's and the Kingdom of Fife","viewpoint","Frederick Street at George Street, Edinburgh","","","","From here, Frederick Street's grid opens onto one of Edinburgh's most celebrated views: half a mile of dead-straight street closing on St Stephen's Church tower in Stockbridge, then carrying on across the Firth of Forth to the hills of Fife. William Playfair designed that tower specifically to close this vista in 1827-28, rising 162 feet to dominate the skyline exactly where Frederick Street, Howe Street and St Vincent Street converge below.","St Stephen's clock, fitted by James Ritchie & Son in 1828, carries the longest pendulum of any public clock in Europe - 60 feet long, swinging with an 8.6-second period.","The far shore on a clear day is Fife, still known traditionally as 'the Kingdom of Fife' from its days as a distinct Pictish territory. St Stephen's stopped holding regular services decades ago and became a theatre; in 2026 the building went up for sale, its spire still framing the same view Playfair intended two centuries earlier.","","https://en.wikipedia.org/wiki/St_Stephen%27s_Church,_Edinburgh","","55.953149588001196","-3.200547955301354","","1-22.jpg","","","","","RECOVERY: draft-JSON fallback (pre-review, not confirmed post-review)","","","",""
"RBS HQ -> Pitt Statue","1","Hard Rock Cafe","building","20 George St, Edinburgh EH2 2PF","","","","Behind the neon sign is a Georgian townhouse from George Street's original 1780s development. It became Dowell's Rooms, a well-known auction house, by 1882, then a public house, before Hard Rock Cafe moved in in 1998 - one stop in a pattern repeated up and down this street, where grand Georgian frontages now hide banks, bars and everything in between behind their original stonework.","The 'Love All, Serve All' motto worked into the doorway lettering here is the same one displayed at every Hard Rock Cafe worldwide, dating back to the first branch, opened in London in 1971 by two young Americans who wanted an American-style diner that welcomed absolutely everyone.","That founding philosophy is also why Hard Rock cafes fill their walls with rock memorabilia rather than velvet ropes; Edinburgh's own collection has included Ringo Starr's leather jacket and a guitar once played by Red Hot Chili Peppers.","","https://cafe.hardrock.com/edinburgh/","","55.9534995","-3.1962599","","1-23.jpg","","","","","RECOVERY: draft-JSON fallback (pre-review, not confirmed post-review)","","","",""
"RBS HQ -> Pitt Statue","1","The Standing Order","building","62-66 George St, Edinburgh EH2 2LR","","","","Soaring columns and a coffered ceiling fill this former banking hall, where a bronze figure nicknamed 'Money, Money, Money' watches over the room - a bank manager offering up a case of cash. Built 1874-78 as the Union Bank of Scotland's headquarters by David Bryce, it's now a Wetherspoon pub, but an original Chubb vault, dated 1968, still sits in one of the dining areas.","The pub takes its name from banking terminology as a nod to the building's past, on a street that was lined with grand Victorian banks - most of it now converted the same way, to pubs and restaurants behind their original facades.","","","https://www.jdwetherspoon.com/pub-histories/the-standing-order-edinburgh/","","55.9528699","-3.1995054","","1-24.jpg","","","","","RECOVERY: draft-JSON fallback (pre-review, not confirmed post-review)","","","",""
"RBS HQ -> Pitt Statue","1","Thistle Street Bar","building","39 Thistle St, Edinburgh EH2 1DY","","","","This snug pub sits on Edinburgh's oldest New Town street, built around 1775-80 as a cow shed before its later life pulling pints. In the late 1970s it traded as Marr's Bar, named for landlord Archie Marr - once a drummer with the Bay City Rollers, the Edinburgh pop group whose tartan-clad 'Rollermania' made them one of the biggest-selling acts of the mid-1970s, a name reportedly picked by throwing a dart at a map of North America.","The dart is said to have landed near Bay City, Michigan - a detail that's stuck with the band's story ever since, even though the lineup itself, including Marr, changed repeatedly through the group's early years.","Today the pub is known for a proper cask-ale selection from independent Scottish breweries and regular live folk music sessions.","","https://thistlestreetbar.com/history/","","55.95407601606167","-3.198894767330116","","1-25.jpg","","","","","RECOVERY: draft-JSON fallback (pre-review, not confirmed post-review)","","","",""
"RBS HQ -> Pitt Statue","1","Fishers in the City","building","58 Thistle St, Edinburgh EH2 1EN","","","","This converted warehouse on Thistle Street, opened in 2001 as the second branch of a Leith seafood institution family-run since 1991. The original Fishers still operates a few miles away at The Shore in Leith, inside a round stone tower built in 1685-86 as a windmill before being battlemented into a harbour watchtower in 1805 - a landmark this branch doesn't share, though the family recipes carry over directly.","Now in its third generation of family ownership, Fishers has grown from that single Leith address, opened in 1991, into one of Edinburgh's most consistently well-regarded seafood groups.","","","https://www.fishersrestaurants.co.uk/fishers-in-the-city/","","55.9538931","-3.1995351","","1-26.jpg","","","","","RECOVERY: draft-JSON fallback (pre-review, not confirmed post-review)","","","",""
"RBS HQ -> Pitt Statue","1","Cafe Marlayne","building","76 Thistle St, Edinburgh EH2 1EN","","","","This intimate French bistro, opened on 27 February 2000 by Islay Fraser and Marcelline Levicky, who blended their names into 'Marlayne'. The menu draws on the bistros of Marcelline's hometown, Lyon, reworked with Scottish produce. More than two decades on, it's still independently run by its founders rather than expanded into a chain - something diners regularly point to as the reason it's kept its charm.","Cafe Marlayne became successful enough to open a second branch, which has since moved locations and now trades at the top of Leith Walk, while this original Thistle Street bistro remains the flagship.","","","https://cafemarlayne.com/about-us","","55.9537556","-3.200325","","1-27.jpg","","","","","RECOVERY: draft-JSON fallback (pre-review, not confirmed post-review)","","","",""
"RBS HQ -> Pitt Statue","1","The Merchants' Hall","building","22 Hanover Street, Edinburgh EH2 2EP","","","","A striking Minstrels' Gallery sits inside this Category B hall, headquarters of the Company of Merchants of the City of Edinburgh since a Royal Charter from Charles II in 1681. Its roots reach back to 13th- and 14th-century trade guilds, and its charitable reach still extends well beyond this building: the Company founds and funds two of Edinburgh's best-known independent schools, George Watson's College and Erskine Stewart's Melville.","The Hall runs a permanent exhibition inside chronicling the Company's full history 'from 1681 to the present day' - meaning this working private hall, still used for events and private hire, is also one of Edinburgh's more discreet, lesser-known small museums.","","","https://www.mcoe.org.uk/","","55.9526572","-3.197171","","1-28.jpg","","","","","RECOVERY: draft-JSON fallback (pre-review, not confirmed post-review)","","","",""
"RBS HQ -> Pitt Statue","1","Former TSB Bank, Hanover Street","architectural_point","28-30 Hanover Street, Edinburgh EH2 2DS","","","","Four full-height Ionic columns front this neo-Greek bank facade, built in Darney sandstone in 1939 right as the Second World War was breaking out - a deliberate show of financial permanence at the worst possible moment. Roundels above the entrances carry TSB's arms, a two-towered castle, while the arms of Edinburgh, Leith and Musselburgh mark out the three burghs the bank once served.","The banking hall was designed on a genuinely double-height scale to project total trustworthiness - and the site has since been earmarked for conversion into a pub and restaurant, ending 85-plus years as a working bank.","","","","","55.9528412","-3.1973951","","1-29.jpg","","","","","RECOVERY: draft-JSON fallback (pre-review, not confirmed post-review)","","","",""
"RBS HQ -> Pitt Statue","1","All Bar One, George Street","architectural_point","29-31 George Street, Edinburgh EH2 2PA","","","","Balustraded upper storeys and heavy classical detailing wrap this corner building, and you're looking at deliberate financial theatre - built as a bank specifically to project prestige on one of the New Town's two principal crossings, George Street meeting Hanover Street. It's now an All Bar One, but the original double-height banking hall still gives the bar a far grander interior than any purpose-built pub of the same footprint would have.","The building's position - directly on the crossing of two of the New Town's principal axes - meant that whichever bank originally built it was making a deliberate statement of prestige simply through its address, long before anyone had heard of All Bar One.","","","","","55.9537725","-3.1970607","","1-30.jpg","","","","","RECOVERY: draft-JSON fallback (pre-review, not confirmed post-review)","","","",""
"RBS HQ -> Pitt Statue","1","Sir Chris Hoy Gold Post Box (Hanover Street)","monument","1 Hanover Street, Edinburgh EH2 2DL","","","","A gold pillar box stands at the foot of Hanover Street - one of two in Edinburgh honouring Sir Chris Hoy, painted gold in August 2012 after his team sprint gold alongside Philip Hindes and Jason Kenny, a different medal from the keirin gold that earned the city's other gold box in Hunter Square. A hometown collecting two gold boxes was unusual under the nationwide scheme.","The team sprint final was itself a piece of Olympic drama: Hindes crashed on the opening lap of the first-round heat, triggering a restart under a rule permitting a rerun after any first-lap fall - a decision some observers suspected was tactical, though officials ruled it accidental.","On the restart, Hoy, Hindes and Kenny broke their own qualifying world record, stopping the clock at 42.600 seconds. This box sits a short walk from the New Town streets where Hoy grew up before his track career began at Meadowbank Velodrome.","","https://en.wikipedia.org/wiki/Cycling_at_the_2012_Summer_Olympics_%E2%80%93_Men%27s_team_sprint","","55.9523224","-3.1963739","","1-31.jpg","","","","","RECOVERY: draft-JSON fallback (pre-review, not confirmed post-review)","","","",""
"RBS HQ -> Pitt Statue","1","Harvey Nichols Edinburgh","building","30-34 St Andrew Square, Edinburgh EH2 2LL","","","","A glass-and-stone facade lines the east side of St Andrew Square, and you're looking at what was, on opening in 2002, the largest Harvey Nichols outside London - part of a wave that turned this quiet Georgian square into the city's most upscale shopping quarter. The top-floor Forth Floor terrace looks north over the Firth of Forth it's named after, sharing the view with the Melville Monument at the square's centre.","St Andrew Square dates to the 1760s, the very first phase of James Craig's New Town plan, and was originally Edinburgh's most fashionable residential address; its early residents included the philosopher David Hume, whose townhouse there predates Harvey Nichols' facade by well over two centuries.","Multrees Walk, the pedestrian street of luxury boutiques linking the square to the older St James Centre, followed the year after, in 2003.","","https://en.wikipedia.org/wiki/Multrees_Walk","","55.95480213114321","-3.192126599600311","","1-32.jpg","","","","","RECOVERY: draft-JSON fallback (pre-review, not confirmed post-review)","","","",""
"RBS HQ -> Pitt Statue","1","Milnes Bar","building","35 Hanover Street, Edinburgh EH2 2PJ","","","","The basement snug here is nicknamed the 'Little Kremlin' by regulars, only half-jokingly, for the political arguments and poetic manifestos traded there. Milnes opened in 1910 as a spirit merchants' shop before becoming the 'Poets' Pub' by the 1950s - the gathering place for the Scottish Literary Renaissance, drawing Hugh MacDiarmid, Sorley MacLean and Norman MacCaig. MacDiarmid called it his favourite howff, and it was redecorated in his memory in 1985.","MacDiarmid's own Milnes-fuelled reputation later found its way into fiction: Alasdair Gray's 1984 novel '1982, Janine' draws directly on his legendary sessions at the bar.","A century on from its 1910 opening, Milnes still trades as a pub barely a hundred metres from the two gold-painted Chris Hoy post boxes on the same street.","","https://en.wikipedia.org/wiki/Hugh_MacDiarmid","","55.95297019903354","-3.196744300780743","","1-33.jpg","","","","","RECOVERY: draft-JSON fallback (pre-review, not confirmed post-review)","","","",""
"RBS HQ -> Pitt Statue","1","St Andrew Square","history","St Andrew Square, Edinburgh","","","","This wasn't meant to be Edinburgh's financial quarter - it was supposed to be its grandest address. James Craig's 1767 plan put a church here, mirroring Charlotte Square at the New Town's far end, but banker Sir Lawrence Dundas outbid the city and built Dundas House for himself in 1774. Where one banker led, others followed, and by the century's end this had become Scotland's banking and insurance headquarters - a role the buildings ringing you still play today. For over 200 years the gardens at the centre stayed locked, private to residents and nearby offices only, finally opening to the public for the first time in April 2008.","The 45-metre Melville Monument at the square's centre, modelled on Trajan's Column in Rome, honours Henry Dundas - a politician so dominant over 1790s Scotland that he was nicknamed 'the uncrowned king of Scotland'. He's also this walk's most contested figure: as Home Secretary in 1792 he pushed for a 'gradual' rather than immediate abolition of the slave trade, a delay historians still argue prolonged it by over a decade, and a plaque addressing that history was added to the monument in 2021.","Philosopher David Hume lived just off the square in the 1770s, persuaded to move there by his architect friend Robert Adam, and hosted guests including Benjamin Franklin. Locals nicknamed his street 'Saint David Street' as a joke about the famously atheist philosopher living somewhere named for a saint - and, unusually, the joke stuck: it's still the street's official name today.","Since reopening in 2008 after a £2.6 million refurbishment, these gardens have become one of the city's busiest public spaces, hosting open-air cinema screenings, festival pop-ups and a winter ice rink - a striking reversal for a garden that spent two centuries locked to everyone but the residents overlooking it.","https://en.wikipedia.org/wiki/St_Andrew_Square,_Edinburgh","","55.95460","-3.19230","","1-34.jpg","","","","","","","","",""
"RBS HQ -> Pitt Statue","1","George Street","history","George Street, Edinburgh","","","","Everything about this street was built to impress. George Street sits on the New Town's central ridge, a full storey above Princes Street and Queen Street on either side, so that from up here you can see clear across the Forth to Fife in one direction and the Pentland Hills in the other. James Craig's 1767 grid made it the spine of the whole development, running dead straight between St Andrew Square behind you and Charlotte Square three-quarters of a mile ahead - named for King George III, with the two squares at either end named for his wife and, informally, himself.","George Street was drawn up purely as a residential address, lined with Georgian townhouses for the city's wealthiest families. That changed hard in the Victorian era, when banks and insurance offices - drawn by the street's sheer prestige - bought up the townhouses one by one and rebuilt their fronts as grand banking halls, which is why you'll spot far more columns and pediments here than on any ordinary residential street.","In 1822, George Street hosted the social event of the century: a Peers' Ball at the Assembly Rooms in honour of King George IV's state visit, the first by a reigning monarch to Scotland in almost 170 years. The whole street was said to be gridlocked with carriages that night.","","https://en.wikipedia.org/wiki/George_Street,_Edinburgh","","55.95415","-3.19350","","1-35.jpg","","","","","","","","",""
"Pitt Statue -> Bute House","2","Thomas Chalmers Statue","statue","George Street at Castle Street, Edinburgh","","","","At the Castle Street corner stands a bronze man in Moderator's robes, Bible cradled on one forearm, his other hand marking the page as if mid-sermon. The plinth beneath him is bare red granite, cut only with his name and dates - no list of achievements, because in 1843 he didn't need one. On 18 May that year, Thomas Chalmers led roughly a third of the ministers at the Church of Scotland's General Assembly out of St Andrew's and St George's Church, back along this very street, in protest at the state's grip on who churches could appoint. Crowds cheered them through Edinburgh as they founded the Free Church of Scotland on the spot, with Chalmers as its first Moderator and a fund already drawn up to support the hundreds of ministers who'd just walked away from their salaries. Sir John Steell cast this statue in 1878, three decades later, and put him back exactly where it happened.","Steell, who cast this statue in 1878, was Scotland's leading monumental sculptor of the century - the same hand behind the seated marble Scott inside the Scott Monument and the mounted Duke of Wellington outside Register House on Princes Street.","","","https://en.wikipedia.org/wiki/Thomas_Chalmers","","55.952466","-3.2035209","","2-1.jpg","","","","","","","","",""
"Pitt Statue -> Bute House","2","View Down Castle Street to the Castle","viewpoint","Castle Street at George Street, Edinburgh","","","","From this junction, the view south does exactly what it was drawn to do: Castle Street runs dead straight for a quarter mile before Edinburgh Castle rises above the rooftops on its volcanic crag, framed neatly by tenements on either side. That's not an accident of geography - it's James Craig's New Town plan working precisely as designed over two centuries later. Craig's original 1766 competition entry was far fussier than what got built: a diagonal web of radiating streets around a central square, loosely modelled on the Union flag. Edinburgh's town council thought it impractical and sent him back to the drawing board, and what came out was the plainer grid you're standing in now - a set of parallel streets whose cross-streets, this one included, were deliberately aligned and named so that looking down them would always lead your eye somewhere worth seeing.","Craig's original 1766 prize-winning competition entry was far fussier than what actually got built: a diagonal layout of radiating streets around a central square, loosely inspired by the Union flag. Edinburgh's town council judged it impractical, and Craig reworked it into the plainer grid of parallel streets that exists today - the same plan whose cross-streets, this one included, were given these deliberate, view-aligned names.","","","https://en.wikipedia.org/wiki/New_Town,_Edinburgh","","55.952332493549456","-3.2034740052232324","","2-2.jpg","","","","","RECOVERY: draft-JSON fallback (pre-review, not confirmed post-review)","","","",""
"Pitt Statue -> Bute House","2","Walter Scott's House","history","39 North Castle Street, Edinburgh","","","","Picture candlelight before dawn behind the plain sash windows on the first floor: this is where Sir Walter Scott wrote, often starting at 5am, hours before his day job at the Court of Session began. He and his family used this handsome three-storey townhouse as their winter home from 1801 to 1826, and it was here - at what he affectionately nicknamed 'the cabin' - that he produced the bulk of the Waverley novels that made him the best-selling author in Europe. The ending wasn't so tidy: in January 1826 his printing and publishing partnerships collapsed under debts of well over £100,000, and rather than declare bankruptcy he spent the rest of his life writing to pay it off, a decision that broke his health. He recorded leaving for the last time in his journal: 'This morning I leave No. 39 Castle Street for the last time... So farewell, poor 39.'","J.M.W. Turner painted this house in 1834, two years after Scott's death, in a work he titled simply 'Former Residence of Walter Scott.'","","","https://blog.historicenvironment.scot/2021/08/homes-of-walter-scott/","","55.9528561","-3.2033755","","2-3.jpg","","","","","RECOVERY: draft-JSON fallback (pre-review, not confirmed post-review)","","","",""
"Pitt Statue -> Bute House","2","The Oxford Bar","building","8 Young Street, Edinburgh EH2 4JB","","","","Push through the door on Young Street and notice what's missing: no music, no fruit machines, no television, just a corridor of small rooms and the low murmur of regulars over pies and a well-kept range of beer and whisky. The pub has traded here since at least 1811, though deeds show it was still a confectioner's shop as late as 1843, only becoming a bar for good once formally handed to wine merchant Andrew Wilson in 1893. It stayed a quiet local secret until Ian Rankin, drawn partly because it was a genuine off-duty haunt for Edinburgh police officers, made it the fictional local of Inspector Rebus from the character's 1987 debut. True to form, the Oxford Bar has stayed famously indifferent to its own fame - no Rebus merchandise, no themed decor, just the same compartmentalised layout it's kept since being Category B listed in 1966.","Willie Ross, the first-ever official occupant of Bute House up on Charlotte Square at the far end of this walk, was also known to drink here.","","","https://en.wikipedia.org/wiki/The_Oxford_Bar","","55.9529694","-3.20465","","2-4.jpg","","","","","","","","",""
"Pitt Statue -> Bute House","2","Church of Scotland Offices","building","121 George Street, Edinburgh","","","","This one doesn't match its neighbours: a steep double-pitched mansard roof and heavy dark stonework that reads closer to Stockholm than to the pale Georgian terraces on either side. Nicknamed 'one-two-one' inside Church circles for its street number, it was built in 1909-11 to a design by Edinburgh architect Sydney Mitchell for the United Free Church of Scotland - descended from the Free Church that Thomas Chalmers founded after leading a third of ministers out of the General Assembly in 1843, whose statue stands a short walk back along this street. Only when the two churches reunited in 1929, healing that 86-year rift, did this building's name finally become accurate. A matching bookshop extension went up next door at 119 George Street in the 1930s, and it remains the Church of Scotland's administrative headquarters today.","A planned matching extension on the west side of the building was never built, though the church went on to buy the neighbouring property regardless; the bookshop wing that did get built sits on the opposite side, at 119 George Street.","","","https://en.wikipedia.org/wiki/Church_of_Scotland_offices","","55.9524657","-3.2047658","","2-5.jpg","","","","","RECOVERY: draft-JSON fallback (pre-review, not confirmed post-review)","","","",""
"Pitt Statue -> Bute House","2","Kimpton Charlotte Square Hotel","architectural_point","38 Charlotte Square, Edinburgh (corner of George Street)","","","","At the corner where George Street opens out into Charlotte Square, a pilastered stone facade - it's part of Robert Adam's 1791 unified 'palace front' scheme for the square, continued after his death in 1792 by his successor as the Crown's Scottish architect, Robert Reid, who reworked the design in 1810. Two of these grand townhouses, numbers 38 and 39, were knocked together into a hotel in the 1870s, with more of the terrace absorbed over later decades. It traded for generations as the Roxburghe Hotel before a 2019 rebrand turned it into the Kimpton Charlotte Square - new name, new interiors, but the same Adam-Reid facade above street level that householders here would still recognise, looking out now at the domed former church across the gardens that Reid built on the site Adam never got to finish.","Architects kept adapting the shell of Adam's 1791 townhouses rather than replacing them as the building passed from private residence to hotel through several names and refits - guests today sleep behind the same pilastered facade Adam drew for householders who never imagined a hotel there.","","","https://www.kimptoncharlottesquare.com/","","55.9516014","-3.2062537","","2-6.jpg","","","","","RECOVERY: draft-JSON fallback (pre-review, not confirmed post-review)","","","",""
"Pitt Statue -> Bute House","2","Prince Albert Memorial","monument","Charlotte Square Gardens, Edinburgh","","","","Even from behind the railings - because these gardens stay locked to everyone except keyholders most of the year - the scale of this thing is obvious: a 30-foot bronze of Prince Albert in Field Marshal's uniform, rearing on his horse above a granite pedestal at the centre of the square. Queen Victoria commissioned it after Albert's sudden death from typhoid in December 1861, but it took Sir John Steell fifteen years to finish and unveil it, by which point several other Albert memorials already stood elsewhere in Britain. Victoria came in person on 17 August 1876 to unveil her husband's statue and knighted Steell on the spot. The horse itself was cast from a single piece with no visible joins, reckoned a technical feat at the time.","The four bronze figure groups ringing the base were each cast by a different sculptor - William Brodie's Nobility, Clark Stanton's Army and Navy, and David Watson Stevenson's Labour and Science and Learning - while the stone plinth beneath them was designed by architect David Bryce, better known for his baronial mansions and the Royal Infirmary of Edinburgh.","","","https://britishlistedbuildings.co.uk/200365177-albert-memorial-charlotte-square-edinburgh-edinburgh","","55.9517641","-3.2076353","","2-7.jpg","","","","","","","","",""
"Pitt Statue -> Bute House","2","West Register House","religious_building","Charlotte Square, Edinburgh (west side)","","","","A green copper dome and gilt cupola rise some 160 feet above the square, and it's worth knowing what used to happen underneath it: hymn-singing. Built in 1811-14 as St George's Church to designs by Robert Reid - who reworked an earlier scheme Robert Adam had drawn for the same site before his death in 1792 - it opened in 1814 with room for around 1,600 worshippers beneath a dome deliberately styled to echo St Paul's Cathedral in London. St George's closed as a congregation in 1964, merging with St Andrew's Church further along George Street, where Thomas Chalmers led his 1843 walkout. By 1970 the sacred interior had been gutted and refitted with five storeys of fireproof archive stacks, reopening as West Register House - now holding some of the nation's oldest legal documents under the dome once built for worship.","The building's own structure eventually threatened it: the wood-and-stone construction beneath the dome developed severe defects that forced the closure of the church and drove the decision to gut the interior and rebuild it as fireproof archive stacks in the 1960s.","","","https://en.wikipedia.org/wiki/West_Register_House","","55.9515512","-3.2088685","","2-8.jpg","","","","","RECOVERY: draft-JSON fallback (pre-review, not confirmed post-review)","","","",""
"Pitt Statue -> Bute House","2","The Georgian House","museum","7 Charlotte Square, Edinburgh","","","","No.7's front door is the threshold of a house frozen at the height of Georgian fashion - the National Trust for Scotland runs it now as a museum, furnished exactly as it would have looked when new. It was built in 1796 for John Lamont, 18th Chief of Clan Lamont, who lived here with his family until 1815; he bought it for a little over £1,800 and sold it twenty years later for £3,000, trying and failing to offset debts that were sinking his clan's finances. From 1889 it was home to theologian Rev Alexander Whyte and his wife Jane, who raised eight children within these walls, and the Marquess of Bute bought the house in 1927. On the 5th Marquess's death in 1956, it passed to the National Trust in part settlement of death duties, restored and opened to the public in 1975 - standing directly next door to No.6, Bute House, official residence of Scotland's First Minister since 1999.","For decades before it became a museum, No.7 served as an antique dealer's showroom - the very trade the house now exists to interpret, minus the historical accuracy.","","","https://www.nts.org.uk/visit/places/georgian-house","","55.9524137445645","-3.2084567586012147","","2-9.jpg","","","","","RECOVERY: draft-JSON fallback (pre-review, not confirmed post-review)","","","",""
"Pitt Statue -> Bute House","2","Bute House","building","6 Charlotte Square, Edinburgh","","","","The elegant pilastered door of No.6 is the working home of Scotland's First Minister, though the story starts long before devolution. Robert Adam designed it in 1791 as part of his grand vision for the whole square, though he died the following year, before it was finished. The plot was first sold in 1792 to Orlando Hart, an Edinburgh shoemaker and town councillor, for a modest £290. The house later spent decades as a hotel - in 1832 the exiled King Charles X of France stayed here briefly while it traded as Oman's Hotel, and some of the hotel's original brass lettering is still visible on the building today. The Marquess of Bute bought it in 1922 and spent decades restoring Adam's design before it was preserved for the nation and renamed Bute House in 1966, with William Ross, Secretary of State for Scotland, installed as its first official resident.","William Ross, installed as the first official resident when the house was renamed Bute House in 1966, was known to be a regular down at the Oxford Bar on Young Street, a few minutes' walk from this door.","","","https://en.wikipedia.org/wiki/Bute_House","","55.952441769528605","-3.2082736862846484","","2-10.jpg","","","","","RECOVERY: draft-JSON fallback (pre-review, not confirmed post-review)","","","",""
"Pitt Statue -> Bute House","2","The Alexander Graham Bell","building","128 George St, Edinburgh EH2 4JZ","","","","Above one of the doorways here is something older than the pub itself: a carved lintel reading 'God bless the baxters of Edinburgh who built this house 1675', a nod to the city's medieval baker's guild and a much earlier building that once stood on this corner. The Georgian townhouses in front of you actually date from around 1785, and traded for years as the Ivory Lounge before JD Wetherspoon took the site over in May 2010 and renamed it after the inventor said to have been born just around the corner. Alexander Graham Bell really was born nearby, at 16 South Charlotte Street. He patented the telephone in 1876 while teaching in Boston, emigrated permanently to North America as a young man, and kept his ties to his home city throughout his life.","Bell was made a Freeman of Edinburgh in 1920, more than four decades after the invention that made him famous, and kept returning to visit his home city throughout his life.","","","https://www.jdwetherspoon.com/pub-histories/the-alexander-graham-bell-edinburgh/","","55.9519685","-3.2052923","","2-11.jpg","","","","","","","","",""
"Pitt Statue -> Bute House","2","The Cambridge Bar","building","20 Young St, Edinburgh EH2 4JB","","","","Young Street is one of the New Town's quiet service lanes, tucked just behind George Street's grander frontages, sharing this short stretch with an even more famous neighbour a few doors along: the spartan, traditional Oxford Bar, world-famous as the fictional haunt of Ian Rankin's Inspector Rebus. This two-storey Georgian corner bar takes the opposite approach - a craft beer and gourmet burger menu served downstairs in an L-shaped room full of wooden alcoves, low tables and leather benches, with an upstairs room for private functions and overflow dining. The two pubs, one named for Oxford and one for Cambridge, sit on the same lane purely by coincidence rather than design, making for a natural point of comparison between the Oxford's famously spartan interior and the Cambridge's more contemporary take.","Young Street was originally the westernmost stretch of Thistle Street before being split off and renamed after John Young, the developer paid £20 to buy the very first plot sold in Edinburgh's New Town in 1767 - an incentive that helped kick-start the whole development. Young's own Thistle Court, built that same year, still stands nearby as the oldest surviving building in the New Town.","","","https://thecambridgebar.co.uk/","","55.9527358","-3.2059486","","2-12.jpg","","","","","RECOVERY: draft-JSON fallback (pre-review, not confirmed post-review)","","","",""
"Pitt Statue -> Bute House","2","Browns Restaurant","building","131-133 George Street, Edinburgh EH2 4JS","","","","Take a seat at one of Browns' pavement tables and you're dining behind a distinguished architectural facade. These category B-listed townhouses at 131-133 George Street went up between 1780 and 1790 as part of the New Town's original terrace, altered by architect John Bryce in 1883. William Burn, one of the era's most sought-after architects, kept his office at No.131 from 1822; after 1844 his former assistant and eventual partner David Bryce - designer of Fettes College and the Royal Infirmary - worked from the same address. No.133 next door had its own notable residents: the great portraitist Sir Henry Raeburn lived there for a time, followed later by novelist Catherine Sinclair. The building later passed through spells as the Leicester Permanent Building Society's offices and, more recently, a hairdressers, before becoming part of Browns' brasserie.","Raeburn's own likenesses of Sir Walter Scott and the skating Reverend Robert Walker rank among Scotland's best-known images, and his studio on nearby York Place still stands - an easy walk from this same George Street frontage he'd have crossed daily.","","","https://portal.historicenvironment.scot/apex/f?p=1505:300:::::DESIGNATION,LB28858","","55.95220092637353","-3.205710256745531","","2-13.jpg","","","","","RECOVERY: draft-JSON fallback (pre-review, not confirmed post-review)","","","",""
"Pitt Statue -> Bute House","2","Charlotte Square","history","Charlotte Square, Edinburgh","","","","James Craig's original 1767 plan named this square after King George III and gave it the same footprint as St Andrew Square at the New Town's other end - a matching bookend, symmetrical right down to the name. It was renamed Charlotte Square in 1786, for the King's queen, to stop confusion with a different George Square over in the Old Town. Robert Adam won the commission for its unifying design in 1791, his last major work before his death the following year - one long palace-like frontage on the north side, disguising what's actually a row of separate townhouses behind it, an idea barely tried in Scotland before this.","Adam's north side is the one everyone photographs, but he didn't design the whole square - after his death in 1792, other architects filled in the remaining three sides more plainly, which is why the square looks subtly less grand the further you get from that one iconic Adam frontage.","From 1983 to 2020, these private gardens became a different kind of stage every August: the Edinburgh International Book Festival pitched its tents on this lawn for 38 years running, turning Adam's genteel square into one of the world's biggest literary gatherings before the festival moved elsewhere in 2021.","","https://en.wikipedia.org/wiki/Charlotte_Square","","55.9520","-3.2058","","2-14.jpg","","","","","","","","",""
"Bute House -> Wojtek Memorial (via Rose Street)","3","Rose Street (West End)","history","Rose Street at South Charlotte Street, Edinburgh","","","","This thousand-metre run of pubs, bars and restaurants, and you're standing at the start of what Victorian Edinburgh called faintly disreputable after dark - the street its own pub crawl nicknamed the 'Amber Mile'. Laid out by James Craig in 1767 as a modest service lane behind George Street's grand townhouses, it's this trade character, not the architecture, that made Rose Street famous. The crawl traditionally starts right here on your left at Scott's, 202 Rose Street - dating to 1790, named for a formidable 19th-century landlady, 'Ma Scott', still advertised on the pub's own sign today.","Pedestrianised by the 1970s, Rose Street runs some 1,000 metres in total to St Andrew Square; this walk follows only its westernmost stretch.","","","https://en.wikipedia.org/wiki/Rose_Street","","55.9512238","-3.2062652","","3-1.jpg","","","","","","","","",""
"Bute House -> Wojtek Memorial (via Rose Street)","3","Charlotte Chapel / Rose Theatre","religious_building","204 Rose Street, Edinburgh EH2 4AZ","","","","This plain, dignified stone hall, and you'd never guess it once held a Baptist congregation of 1,000 - or that it's now a four-stage theatre. Built in 1912 to a design by J A Arnott and J Inch Morrison, this was Charlotte Chapel, founded in January 1808 by evangelist Christopher Anderson, who began preaching in the Pleasance before outgrowing that hall and relocating here. Its restrained exterior gives little away about the busy life that has filled it for over two centuries.","In 2016 the congregation, grown too large again, moved out to Shandwick Place, leaving this hall empty for the first time in two centuries. Danish choreographer Peter Schaufuss bought the deconsecrated chapel that year for £1.8 million and reopened it in 2017 as the Rose Theatre, now a year-round performing arts venue and Fringe hub.","As of 2026, a hotel conversion with a rooftop bar has already been approved for the building - so the theatre you're looking at may prove just one more phase in a longer story.","","https://en.wikipedia.org/wiki/Rose_Theatre,_Edinburgh","","55.9511694","-3.2054963","","3-2.jpg","","","","","RECOVERY: draft-JSON fallback (pre-review, not confirmed post-review)","","","",""
"Bute House -> Wojtek Memorial (via Rose Street)","3","Beachcomber by George Mackay Brown","gallery","155 Rose Street, Edinburgh EH2 4AZ","","","","The arched windows of this former telephone exchange reward a slow read as you pass - seven laser-cut steel panels, each illustrating one verse of Orcadian poet George Mackay Brown's 1971 poem 'Beachcomber'. Artist Astrid Jaekel designed the piece first as intricate hand-cut paper before Pentland Precision Engineering translated it into weatherproof steel, commissioned around 2012-13 by Essential Edinburgh as a nod to the 'Rose Street Poets' who once drank in its pubs.","The poem's seven short verses each describe one day's finds on a beach - a boot, a spar, seaweed, a fish, driftwood - ending on Sunday's line 'I sit on a rock and I forget/ Sundays and Fridays.' Jaekel chose it after realising the building's seven arched windows matched its seven verses exactly.","The work was shortlisted for the 2013 Adrian Henri Prize for Poetry in Art and the 2014 Association of Illustrators Awards.","","https://astridjaekel.com/Beachcomber","","55.9515655","-3.2045366","","3-3.jpg","","","","","RECOVERY: draft-JSON fallback (pre-review, not confirmed post-review)","","","",""
"Bute House -> Wojtek Memorial (via Rose Street)","3","Rose Street's Last Original Block","architectural_point","172-202 Rose Street, Edinburgh","","","","This long run of matching three-storey-and-attic buildings, and you're looking at the only stretch of Rose Street where the original terraced rhythm survives unbroken end to end. Put up around 1790 as plain coursed-rubble tenements with shops let in at street level, Historic Environment Scotland lists numbers 172 to 202 together as a single Category B entry - 'a significant surviving part of the original fabric' of the New Town.","Historic Environment Scotland's own listing calls this specifically the 'last surviving continuous block in Rose Street' - everywhere else, individual buildings have been replaced or rebuilt piecemeal across two and a half centuries of shop-and-pub trading; only here does the original run survive intact.","","","https://britishlistedbuildings.co.uk/200369790-182-rose-street-edinburgh-edinburgh","","55.9514866","-3.2043689","","3-4.jpg","","","","","RECOVERY: draft-JSON fallback (pre-review, not confirmed post-review)","","","",""
"Bute House -> Wojtek Memorial (via Rose Street)","3","Rose Street's First Pedestrianised Stretch","recurring_feature","Rose Street at Castle Street, Edinburgh","","","","The paving beneath your feet on this block, and you're standing on a small piece of Edinburgh planning history - in 1973 it became the first street in the city closed to traffic and paved for pedestrians only, years ahead of Rose Street's other blocks or even Princes Street. In the 1980s, artist Maggy Howarth set eight large circular pebble mosaics into the surface at its side-street junctions, each a different rose design worked entirely from small stones, sturdy enough to carry delivery vans.","The mosaics haven't all survived intact. Of the original eight, only five remained by the late 2010s, two of them damaged, and Edinburgh Council lifted at least one after it became a pedestrian trip hazard - talk of community-led restoration continues, though their fate is still unresolved.","Look down as well as at the shopfronts through here: what reads as ordinary paving is, in places, four-decade-old public art hanging on by a thread.","","https://ewh.org.uk/rose-street/","","55.9517499","-3.2031369","","3-5.jpg","","","","","RECOVERY: draft-JSON fallback (pre-review, not confirmed post-review)","","","",""
"Bute House -> Wojtek Memorial (via Rose Street)","3","McVitie's Original Shop","history","129 Rose Street, Edinburgh","","","","This unremarkable shopfront marks where one of Britain's best-known biscuit makers began. In 1830, Robert McVitie ran a modest provision shop from here, baking and selling bread and confectionery to Rose Street's working trade decades before the family name became a household word - one workshop among many that gave the street its tradesman's character in the shadow of George Street's banks.","The digestive biscuit that made the name famous wasn't invented here - that came in 1892, devised by works manager Alexander Grant after the firm had outgrown Rose Street and built its own St Andrews Biscuit Works in Gorgie. Grant's recipe is still the one used today, guarded as a trade secret for well over a century.","The same works later gave the world the Jaffa Cake. The whole enterprise, now sold across dozens of countries, began in this single Rose Street shop.","","https://en.wikipedia.org/wiki/McVitie%27s","","55.9519013","-3.2025938","","3-6.jpg","","","","","RECOVERY: draft-JSON fallback (pre-review, not confirmed post-review)","","","",""
"Bute House -> Wojtek Memorial (via Rose Street)","3","The Kenilworth","building","152-154 Rose Street, Edinburgh EH2 3JD","","","","Behind this unassuming Rose Street frontage are blue-and-white Minton tiles running floor-to-ceiling under brown-and-white banding, beneath a patterned red-and-cream plasterwork ceiling. The building dates to around 1780, but the ornate interior you're standing in is the work of architect Thomas Purves Marwick, fitted out in 1899 and trading as the Kenilworth by 1904, named for Sir Walter Scott's 1821 novel. It's Category A listed - Rose Street's highest heritage grade.","Scott supplies the theme at one remove: further along Rose Street stands the Abbotsford, named after the house Scott built himself - two pubs, one novelist, one street.","","","https://britishlistedbuildings.co.uk/200369786-152-154-rose-street-edinburgh-edinburgh","","55.9518413","-3.2022857","","3-7.jpg","","","","","","","","",""
"Bute House -> Wojtek Memorial","3","Alexander Graham Bell Birthplace","history","14 South Charlotte Street, Edinburgh EH2 4AS","","","","A green door with a small carved plaque beside it marks the flat where Alexander Graham Bell was born on 3 March 1847. His father, Alexander Melville Bell, was a renowned elocutionist who ran a school from here training teachers of the deaf using his own 'Visible Speech' system - work the young Bell grew up around, and would later echo in Boston. Both his mother and, eventually, his wife were deaf, a thread that ran through his life long before the invention that made him famous.","The plaque beside the door still reads simply: 'Alexander Graham Bell, Inventor of the Telephone, Born here 3rd March 1847.'","","","https://en.wikipedia.org/wiki/Alexander_Graham_Bell","","55.9511133","-3.206488","","3-8.jpg","","","","","","","","",""
"Bute House -> Wojtek Memorial","3","St John's Episcopal Church","religious_building","St John's Church, Princes Street, Edinburgh EH2 4BJ","","","","Inside, the plaster fan-vaulted ceiling, modelled on the Henry VII Chapel at Westminster Abbey - the single most striking feature of this Gothic Revival church marking the western gateway into Princes Street Gardens. Architect William Burn was only 25 when he designed it; building began in 1816 and it was dedicated as St John's Chapel on Maundy Thursday 1818. An Act of Parliament passed the same year banned any further building on the north side of Princes Street, specifically to protect views of the Castle.","In 2002 a tabot - a sacred replica of the Tablets of the Law used in Ethiopian Orthodox worship - turned up among the church's possessions and was quietly returned to Addis Ababa.","","","https://en.wikipedia.org/wiki/St_John%27s,_Edinburgh","","55.950036","-3.206593","","3-9.jpg","","","","","","","","",""
"Bute House -> Wojtek Memorial","3","St Cuthbert's Parish Church","religious_building","5 Lothian Road, Edinburgh EH1 2EP","","","","This churchyard, tucked just below St John's, sits on ground worshipped continuously for longer than almost anywhere else in Edinburgh. Tradition holds that St Cuthbert founded a church here around AD 670, and the site is first documented in a charter of about 1127. The current building, opened in 1894 to a design by Hippolyte Blanc, is only the latest in a long line on this spot - when the previous Georgian church of 1775 was demolished, evidence of six earlier buildings beneath it was reportedly found.","Buried here: essayist Thomas De Quincey, logarithms inventor John Napier, and William Macao, reckoned the first naturalised Chinese citizen in Scotland.","","","https://en.wikipedia.org/wiki/St_Cuthbert%27s_Church,_Edinburgh","","55.9496378","-3.2050930","","3-10.jpg","","","","","","","","",""
"Bute House -> Wojtek Memorial","3","Ross Fountain","monument","West Princes Street Gardens, Edinburgh EH1 2EU","","","","Nude and semi-nude figures rise in three tiers above you - an unlikely sight beneath Edinburgh Castle's ramparts. Cast in ornate French Second Empire style at the Durenne foundry in France and shown at the 1862 International Exhibition in London, Edinburgh gunmaker Daniel Ross bought it for £2,000 and gave it to the city. Shipped north to Leith in 122 separate pieces, it was bolted back together and installed here in 1872.","Victorian Edinburgh was reportedly uneasy about the figures' undress when it first went up in 1872; some nineteenth-century guidebooks tiptoed around describing them too closely.","","","https://en.wikipedia.org/wiki/Ross_Fountain","","55.9500754","-3.2030618","","3-11.jpg","","","","","","","","",""
"Bute House -> Wojtek Memorial","3","Norwegian Memorial Stone","monument","West Princes Street Gardens (terrace path near Castle Street), Edinburgh EH2 3AA","","","","A weathered grey boulder of Norwegian gneiss sits beside the path, propped on three smaller stones of the same rock, a single inscription carved into it. It was presented to Edinburgh on 18 September 1978 by veterans of the Norwegian Brigade, the exiled force raised and trained in Scotland during the Second World War after Norway fell to German occupation in 1940. General Sir Roland Gibbs accepted it on behalf of the British Army, asking the Lord Provost to take the stone into the city's care.","It sits within sight of a bear who served in a different exiled army raised in Scotland during the very same war: Wojtek, of the Polish 2nd Corps, memorialised a few dozen metres away.","","","https://canmore.org.uk/site/282353/edinburgh-west-princes-street-gardens-memorial-to-scottish-norwegian-training-areas","","55.9502267","-3.2020630","","3-12.jpg","","","","","","","","",""
"Bute House -> Wojtek Memorial","3","Scottish American War Memorial","monument","West Princes Street Gardens (near Castle Street), Edinburgh EH2 3AP","","","","A bronze kilted infantryman kneels before you, gazing toward Castle Rock, backed by a frieze of soldiers marching off behind a piper. Titled 'The Call 1914', it was sculpted by Robert Tait McKenzie, a Scottish-Canadian based at the University of Pennsylvania, and took him around four years to complete; the figures were cast at the Roman Bronze Works in Brooklyn before shipping to Scotland. It was unveiled on 7 September 1927 by the American Ambassador, Alanson B. Houghton.","The frieze behind the soldier shows ordinary civilians falling into step behind a piper as they turn into recruits - a visual telling of exactly what the title describes. It stands close enough to Wojtek's own memorial that both can be seen from the same stretch of path.","","","https://en.wikipedia.org/wiki/Scottish_American_Memorial","","55.9510465","-3.2010292","","3-13.jpg","","","","","","","","",""
"Bute House -> Wojtek Memorial","3","Wojtek the Soldier Bear Memorial","monument","West Princes Street Gardens, Edinburgh (near Castle Street terrace path)","","","","A bronze soldier walks beside a bear at one-and-a-quarter life size, one hand resting on its back - this is Wojtek - a Syrian brown bear cub bought from a boy in Iran in 1942 by Polish soldiers on their way to war. He grew up inside the 22nd Artillery Supply Company, drinking beer, wrestling the men and eating cigarettes. Unveiled on 7 November 2015, the memorial is the work of Scottish sculptor Alan Beattie Herriot, cast at Powderhall Bronze here in Edinburgh, with a bronze relief panel behind tracing his wartime journey.","The granite the pair stand on was quarried at Strzegom in Poland and shipped to Edinburgh, so that the soldier and his bear would always have a piece of their homeland underfoot.","","","https://en.wikipedia.org/wiki/Wojtek","","55.95085029782972","-3.202105933856817","","3-14.jpg","","","","","","","","",""
"Bute House -> Wojtek Memorial (via Rose Street)","3","The Johnnie Walker Experience","building","145 Princes Street, Edinburgh EH2 4BL","","","","This eight-storey building on the corner of Princes Street and Frederick Street is one of Scotland's most ambitious pieces of whisky tourism - an immersive experience built inside a completely remodelled former department store, opened to the public on 6 September 2021. Diageo, the drinks giant behind Johnnie Walker, poured £185 million into the project, the single largest investment ever made in Scotch whisky tourism, transforming the old Binns store into tasting rooms, interactive galleries and a rooftop bar looking straight across the city to Edinburgh Castle.","The experience employs around 150 people and was projected to draw more than half a million visitors in its first year alone - a serious bet on whisky tourism as a growth industry, not just a gift shop for tour buses.","","","https://www.johnniewalker.com/en-gb/princes-street-about","","55.95034297721294","-3.2076077862383676","","3-15.jpg","","","","","RECOVERY: draft-JSON fallback (pre-review, not confirmed post-review)","","","",""
"Bute House -> Wojtek Memorial (via Rose Street)","3","Social Bite","building","131 Rose Street, Edinburgh EH2 3DT","","","","This modest café is where the whole Social Bite movement began. In 2012, Josh Littlejohn and Alice Thompson opened it as a coffee shop that gave its profits to good causes - a straightforward idea that turned into something much bigger. Not long after opening, a young man named Peter, who had been selling The Big Issue outside, came in and asked for a job; hiring him convinced the founders to build supported employment for people with experience of homelessness into the heart of the business.","Josh Littlejohn was appointed MBE for the work, and Social Bite's profile grew further when actor and activist George Clooney became a high-profile supporter of the cause.","","","https://www.social-bite.co.uk/who-we-are/our-story/","","55.9518827","-3.2026453","","3-16.jpg","","","","","","","","",""
"Bute House -> Wojtek Memorial (via Rose Street)","3","Statue of the Royal Regiment of Scotland","statue","West Princes Street Gardens, between the amphitheatre and Ross Fountain, Edinburgh","","","","A reclining bronze lion sits in front of you, inspired directly by the Royal Regiment of Scotland's own cap badge, unveiled by King Charles III on 1 July 2026 - sited deliberately here between the amphitheatre and Ross Fountain, with the Regiment's headquarters at Edinburgh Castle as its backdrop. Sculptor Kenny Hunter cast the lion in six separate sections, each representing one of the six historic Scottish infantry regiments that amalgamated in 2006 to form the modern Royal Regiment of Scotland.","The unveiling marked the Regiment's 20th anniversary, but its creators were explicit that the statue isn't a war memorial - it's meant as a quieter tribute to everyone who has served, is serving, or will serve in future, with the lion's reflective, contemplative pose chosen deliberately over anything more triumphant or martial.","","","https://www.theroyalregimentofscotland.org/identity/scots-statue","","55.95030036108676","-3.2021333140259807","","3-17.jpg","","","","","RECOVERY: draft-JSON fallback (pre-review, not confirmed post-review)","","","",""
"Bute House -> Wojtek Memorial (via Rose Street)","3","Police Box Cafe","recurring_feature","Rose Street, Edinburgh","","","","This pastel pink-and-green kiosk is one of Edinburgh's old police boxes - miniature one-person police stations that once stood on street corners across the city, now doing a brisk trade in coffee instead of crime-fighting. City architect Ebenezer MacRae designed the model from 1933, giving each box a pediment, pilasters and cast-iron panelling deliberately styled to blend into the New Town's neo-classical streetscape rather than stand out as municipal furniture.","Despite the resemblance, these are not the same design as Doctor Who's TARDIS - that's modelled on London's police box, a different pattern entirely. Sources vary on the original total (widely cited figures range from around 85 up to 142 boxes built across the city from 1933).","In 2014 the police sold off another 14 of their remaining boxes, keeping just one for themselves. Most survivors, like this one, have been repurposed as coffee kiosks, flower stalls or takeaway hatches - a genuine recurring sight worth spotting elsewhere on this walk.","","https://theedinburghreporter.co.uk/living-in-edinburgh/edinburgh-police-boxes/","","55.95151528670079","-3.2045173901709996","","3-18.jpg","","","","","RECOVERY: draft-JSON fallback (pre-review, not confirmed post-review)","","","",""
"Bute House -> Wojtek Memorial (via Rose Street)","3","The Caledonian Hotel","architectural_point","Princes Street, Edinburgh EH1 2AB","","","","Red sandstone rises above Princes Street here, quarried at Locharbriggs and Corncockle in Dumfriesshire and brought in on the Caledonian Railway Company's own trains. Built between 1899 and 1903 as the grand terminus hotel for Princes Street Station, arriving passengers could once step straight from the platforms through three archways into the hotel itself. Long known simply as 'The Caley', it outlived the station by decades: passenger trains stopped running in September 1965, but the hotel above kept operating.","The Caledonian's engineers once piped waste steam from locomotives at the adjoining station straight into the hotel's boilers to help heat its water - a literal recycling of the railway's own exhaust. Its corridors are noticeably wide, reputedly built generously enough for two Edwardian ladies in full hooped skirts to pass without their dresses touching.","Over the twentieth century its guest book filled with the famous - Charlie Chaplin, Laurel and Hardy, Elizabeth Taylor, Gene Kelly, who is said to have danced down the main staircase, and Sean Connery, a regular guest until his death in 2020. More recently Taylor Swift stayed here during her 2024 Eras Tour dates in Edinburgh.","","https://en.wikipedia.org/wiki/The_Caledonian_Edinburgh_Hotel","","55.949796899999996","-3.2073358","","3-19.jpg","","","","","RECOVERY: draft-JSON fallback (pre-review, not confirmed post-review)","","","",""
"Bute House -> Wojtek Memorial (via Rose Street)","3","Dean Ramsay Memorial","monument","St John's Episcopal Church, Princes Street, Edinburgh EH1 2EP","","","","This soaring Celtic cross, over 8 metres of Shap granite on three broad steps, stands in the graveyard of St John's Episcopal Church. It commemorates Edward Bannerman Ramsay, the church's minister for over 40 years and Dean of Edinburgh from 1841 until his death in 1872. Designed by architect Robert Rowand Anderson and erected in 1879, the cross carries bronze relief panels cast by F. A. Skidmore of Coventry, depicting scenes from Christ's Passion alongside six acts of charity - fitting for a man remembered as much for his philanthropy as his ministry.","Ramsay was also a co-founder of Glenalmond College, one of Scotland's leading independent schools.","","","https://en.wikipedia.org/wiki/Edward_Bannerman_Ramsay","","55.9502766","-3.2057475","","3-20.jpg","","","","","","","","",""
"Bute House -> Wojtek Memorial (via Rose Street)","3","Mather's Bar","building","1 Queensferry St, Edinburgh EH2 4PA","","","","This single-room corner bar has an interior that's changed remarkably little in well over a century - high ceilings with ornate plasterwork, a large stained-glass window, floor-to-ceiling tiling in the porch, and an original bar counter and half-height panelling. Wine merchant Hugh Mather took over the ground floor of this 1900 building in 1902 and established the licensed premises the following year, giving the pub its name, still running in gold lettering across the frontage: 'Wines. H.P. Mather. Spirits.'","CAMRA has identified Mather's as having a nationally important historic pub interior, one of a small number in Scotland to earn that distinction - meaning the fixtures and layout are protected as being of outstanding historic value, not just an old-looking pub but a genuinely preserved one.","","","https://camra.org.uk/pubs/h-p-mather-mathers-west-end-edinburgh-151376","","55.9502691","-3.2086822","","3-21.jpg","","","","","RECOVERY: draft-JSON fallback (pre-review, not confirmed post-review)","","","",""
"Bute House -> Wojtek Memorial (via Rose Street)","3","Statue of Sir James Young Simpson","statue","132 Princes St, Edinburgh EH2 3AA","","","","This seated bronze figure in academic robes, book resting on one knee, erected by public subscription in 1877 and designed by sculptor William Brodie. It commemorates Sir James Young Simpson, professor of midwifery at Edinburgh University, who in November 1847 became the first doctor to demonstrate chloroform's use as an anaesthetic - testing it first on himself and two colleagues at his own dinner table before adopting it in his obstetric practice. The discovery transformed surgery and childbirth almost overnight.","Chloroform anaesthesia faced fierce religious objection at first - some clergy argued that easing the pain of childbirth defied the biblical curse on Eve - until Queen Victoria herself was given chloroform during the birth of Prince Leopold in 1853, an endorsement that effectively ended the controversy overnight.","Simpson was knighted in 1866, the first doctor in Scotland to receive the honour, and when he died in 1870 more than 100,000 people are said to have lined Edinburgh's streets for his funeral procession to Warriston Cemetery.","","https://en.wikipedia.org/wiki/James_Young_Simpson","","55.9504441","-3.2051517","","3-22.jpg","","","","","RECOVERY: draft-JSON fallback (pre-review, not confirmed post-review)","","","",""
"Bute House -> Wojtek Memorial (via Rose Street)","3","Princes Street","history","Princes Street, Edinburgh","","","","Here's the oddity: Edinburgh's most famous street has buildings running down only one side of it. James Craig's 1767 plan left the north side of Princes Street open on purpose, so residents - and later, everyone - would keep an unbroken view south across the valley to the Old Town and the Castle on its crag. That valley used to be underwater, the old Nor Loch, drained as the New Town went up, and its bed became Princes Street Gardens - still open ground today for exactly the reason Craig intended.","Princes Street wasn't named for any prince in particular - it honours King George III's sons in general, the same way George Street and Princes Street Gardens do. The King himself reportedly disliked the street's originally planned name, 'St Giles Street', because it reminded him of a notorious London slum, and had it changed.","By the 1880s, Edinburgh Council had taken the gardens over from the residents who'd previously kept them private, and the street itself was already shifting from grand townhouses to shops - the start of its long run as Scotland's busiest retail street, a role it still holds today even as almost all the townhouses behind those shopfronts have vanished.","","https://en.wikipedia.org/wiki/Princes_Street","","55.9503","-3.2062","","3-23.jpg","","","","","","","","",""
"Wojtek Memorial -> Scott Monument","4","Ross Bandstand","building","West Princes Street Gardens, Edinburgh","","","","Edinburgh Castle rises directly above this natural bowl of West Princes Street Gardens, its ramparts framing whatever's happening on the curved stage in front of you. That stage - officially the Ross Open Air Theatre - has stood here since 1935, built to a design by city architect E. J. Macrae after storms wrecked the original 1877 bandstand, a gift from whisky baron William Henry Ross. Around 2,500 people can pack these grassy slopes for the Edinburgh International Festival, the Jazz Festival, Hogmanay concerts and the Festival fireworks that light up the castle overhead. Behind that seemingly settled scene sits nearly two decades of quiet warfare over what should stand here instead.","In 2018, blackout boards erected around summer concerts here blocked the classic view of Edinburgh Castle from Princes Street. The barriers triggered an online backlash strong enough that the council leader ordered them torn down.","","","https://threadinburgh.scot/2023/11/15/the-thread-about-the-ross-bandstand-or-170-years-of-squabbling-over-a-public-performance-space-in-west-princes-street-gardens/","","55.950561","-3.2000812","","4-1.jpg","","","","","","","","",""
"Wojtek Memorial -> Scott Monument","4","Royal Scots Greys Monument","monument","Princes Street, opposite Frederick Street, Edinburgh","","","","A bronze cavalryman stares back across the valley toward Edinburgh Castle, his horse rearing on a rough-hewn rock pedestal above the gardens. Sculptor William Birnie Rhind, working with Alessandro Parlanti, cast him between 1903 and 1906 to commemorate the Royal Scots Greys' dead from the Second Boer War, and Lord Rosebery unveiled the finished monument in 1906. The rider wears the exact uniform the regiment carried to South Africa in 1899, bearskin cap included. By then the Greys were already more than two centuries old, one of the British Army's oldest cavalry regiments, raised back in 1678.","Both the man and the horse are portraits, not composites. The rider was modelled on real Sergeant-Major Anthony James Hinnigan, and the horse beneath him is Polly, who genuinely served with the regiment in South Africa and was cast from life. Plaques added after both World Wars later extended the memorial to the regiment's dead from those conflicts too, so a monument raised for one war ended up carrying the names of three.","","","https://artuk.org/discover/artworks/royal-scots-greys-memorial-297128","","55.9513786","-3.1993979","","4-2.jpg","","","","","RECOVERY: draft-JSON fallback (pre-review, not confirmed post-review)","","","",""
"Wojtek Memorial -> Scott Monument","4","The Mound","history","The Mound, Edinburgh","","","","Feel the ground level out beneath your feet: this sloped crossing between West and East Princes Street Gardens isn't natural land at all, it's spoil. Between the 1780s and about 1830, an estimated 1.5 million cartloads of earth and rubble dug from the New Town's foundations were tipped here into the drained bed of the old Nor Loch, gradually building a shortcut between the medieval Old Town above and the new Georgian streets across the valley. Macadamised and landscaped by 1830, it now carries the Royal Scottish Academy and the Scottish National Gallery on its slopes - an entire hillside built from someone else's foundations.","Locals called the original crossing 'Geordie Boyd's Brig', after an Old Town clothier named George Boyd who, around 1780, started laying wooden planks across a tip of rubble simply so he could walk over and see the new streets being built. The town council only turned his shortcut into an official project two years later, decreeing in 1782 that all New Town excavation spoil be dumped there systematically. And in 1959, engineers laid an experimental 'electric blanket' heating system beneath the road surface to melt winter ice - long disused, but still down there under everyone's feet.","","","https://en.wikipedia.org/wiki/The_Mound","","55.9510518","-3.1963641","","4-3.jpg","","","","","RECOVERY: draft-JSON fallback (pre-review, not confirmed post-review)","","","",""
"Wojtek Memorial -> Scott Monument","4","Allan Ramsay Monument","statue","West Princes Street Gardens, foot of the Mound, Edinburgh","","","","The soft cap on this marble head is a joke about the man's first career. Sir John Steell carved this ten-foot Carrara marble figure of poet and bookseller Allan Ramsay (1686-1758) in 1865, showing him with a book in one hand and a pencil in the other, on a pedestal designed by architect David Bryce. Before Ramsay became a founding figure of the early Edinburgh Enlightenment - opening one of Britain's first circulating libraries and writing the pastoral comedy 'The Gentle Shepherd' - he trained and worked as a wigmaker, and Steell dressed him in his own nightcap rather than the powdered wig he'd once have sold customers. Medallion portraits of his descendants, including painter son Allan Ramsay the Younger, decorate the pedestal sides.","Look down: the mechanism driving the Floral Clock just along the path isn't housed in its own box at all, it's built into the base of this very pedestal. The original 1903 clockwork, made by James Ritchie & Son, was even assembled partly from parts salvaged out of a dismantled church clock in Elie, Fife.","","","https://en.wikipedia.org/wiki/Allan_Ramsay_(poet)","","55.9517077","-3.1973132","","4-4.jpg","","","","","","","","",""
"Wojtek Memorial -> Scott Monument","4","Gardener's Cottage","building","Princes Street Gardens (foot of the Mound), Edinburgh EH2 2HG","","","","Green barge-boarding under broad eaves marks a Head Gardener's house, not a folly - built in 1886 to a design by city architect Robert Morham from squared, snecked red sandstone. It sits right where the Gardens' two halves meet at the foot of the Mound, so close to the dividing line that even official sources can't agree whether to file it under West or East Princes Street Gardens. No one has lived here for years: the interior was refurbished with period furniture and antiques in 2017, and the cottage now serves as campaign base for the Quaich Project, a City of Edinburgh Council and Ross Development Trust partnership working to reimagine the gardens around it.","The project based here takes its name, and its concept, from the quaich - the traditional Highland 'sharing cup' - because the bowl-shaped hollow of West Princes Street Gardens itself echoes the shape of one, and the project wants the space to bring people together the same way a shared cup does.","","","https://www.canmore.org.uk/site/117454","","55.9514237","-3.1972302","","4-5.jpg","","","","","","","","",""
"Wojtek Memorial -> Scott Monument","4","Floral Clock","history","West Princes Street Gardens, foot of the Mound, Edinburgh","","","","Watch the minute hand and you're watching thousands of individual bedding plants, not gears, since the moving parts here are entirely underground. Switched on 10 June 1903, this was the earliest floral clock in Britain and among the first anywhere in the world: city parks superintendent John McHattie designed the planting scheme with advice from James Mossman, a descendant of Mary Queen of Scots' court jeweller, while Edinburgh clockmakers James Ritchie & Son built the hidden mechanism. It started with only an hour hand; a minute hand followed in 1904, and a mechanical cuckoo has called the quarter-hours from a little house beside the clock since 1953.","The clock's mechanism isn't housed on its own at all - it's built into the plinth of the neighbouring Allan Ramsay Monument. The original 1903 clockwork even reused parts salvaged from a dismantled church clock in Elie, Fife, before the whole system was finally converted to electric drive in 1973.","","","https://threadinburgh.scot/2023/06/11/the-thread-about-mr-mchattie-mr-ritchie-and-the-floral-clock-in-princes-street-gardens/","","55.9517238","-3.1972529","","4-6.jpg","","","","","RECOVERY: draft-JSON fallback (pre-review, not confirmed post-review)","","","",""
"Wojtek Memorial -> Scott Monument","4","Royal Scottish Academy Building","gallery","The Mound, Edinburgh","","","","The figure crowning the pediment isn't a symbol of wisdom, whatever guidebooks might suggest at a glance - it's Queen Victoria, sculpted as Britannia. William Henry Playfair designed this Greek Doric temple front in 1822-26 as the Royal Institution, home in turn to the Royal Society of Edinburgh and the Board of Manufactures before the Royal Scottish Academy took permanent occupancy in 1911. Before Playfair could build on this spot at all, roughly 2,000 timber piles had to be driven into the soft ground of the old drained Nor Loch bed beneath your feet. Sir John Steell added that rooftop sculpture and the corner sphinxes; the building still hosts rotating exhibitions today, including the RSA's own annual show.","Playfair's original plan for the pediment put the Greek goddess of wisdom, Pallas Athena, up there instead. The design changed, and in 1844 Steell's Victoria-as-Britannia went up in her place - not long after the young queen had come to the throne.","","","https://en.wikipedia.org/wiki/Royal_Scottish_Academy_Building","","55.9516752","-3.1962890","","4-7.jpg","","","","","RECOVERY: draft-JSON fallback (pre-review, not confirmed post-review)","","","",""
"Wojtek Memorial -> Scott Monument","4","John Wilson Statue","statue","East Princes Street Gardens, Edinburgh","","","","This bronze figure holds a half-open manuscript and a quill, caught mid-thought - and the pose suits a man who lived two lives at once. Sir John Steell sculpted Professor John Wilson (1785-1854) and unveiled him on 25 March 1865, the same day as the nearby Allan Ramsay statue. Wilson held the Chair of Moral Philosophy at Edinburgh University from 1820 to 1851, teaching by day, while by night - under the pen-name 'Christopher North' - he was the swaggering, pseudonymous voice of the Tory literary journal Blackwood's Edinburgh Magazine, writing more than fifty articles for it in 1834 alone.","As Christopher North, Wilson co-created 'Noctes Ambrosianae', a long-running series of fictional tavern conversations mixing literary criticism with drinking talk - featuring a character based on his real-life friend, the poet James Hogg.","","","https://en.wikipedia.org/wiki/John_Wilson_(Scottish_writer)","","55.9519525","-3.1961001","","4-8.jpg","","","","","","","","",""
"Wojtek Memorial -> Scott Monument","4","Scottish National Gallery","gallery","The Mound, Edinburgh","","","","From the lawn, the neoclassical front was, in Prince Albert's own words at the 1850 foundation-stone ceremony, 'a temple erected to the Fine Arts.' William Henry Playfair designed this home for Scotland's national collection of Old Master and Scottish paintings, and it opened to the public in 1859. It stands immediately south of Playfair's earlier Royal Scottish Academy building on the same ridge, the two structures forming a matched pair astride the Mound - though what you're looking at is actually a scaled-down version of his original, more ambitious design, rejected at the time as too expensive.","Even the cheaper version came with an eccentric extra no one built: plans made public in 2025 for the gallery's 175th anniversary revealed that Victorian engineers had drawn up proposals for a swimming bath in the basement. It never happened, but the Weston Link, opened underground in 2019 as part of the £32 million Playfair Project, now connects the gallery directly to the Royal Scottish Academy next door and down into the gardens below.","","","https://en.wikipedia.org/wiki/Scottish_National_Gallery","","55.950902","-3.1956862","","4-9.jpg","","","","","RECOVERY: draft-JSON fallback (pre-review, not confirmed post-review)","","","",""
"Wojtek Memorial -> Scott Monument","4","Playfair Steps","architectural_point","Playfair Steps, Edinburgh","","","","This broad flight of stone steps is one of the busiest staircases in the city, dropping from Market Street down to the wide paved forecourt between the Royal Scottish Academy and the Scottish National Gallery. Built around 1828 and named after architect William Henry Playfair, they form one of the main pedestrian links between the Old Town above and Princes Street Gardens below. During the Edinburgh Festival Fringe every August, the steps and the plaza at their foot turn into one of the city's busiest informal stages, packed all summer with street performers, jugglers and the crowds who stop to watch them.","The steps closed for four years during construction work on the adjoining National Galleries site and only reopened to the public in July 2023 - a long wait for what is, in normal times, one of the most heavily used staircases in Edinburgh.","","","https://www.scottish-places.info/features/featurefirst90294.html","","55.9504197","-3.1949044","","4-10.jpg","","","","","RECOVERY: draft-JSON fallback (pre-review, not confirmed post-review)","","","",""
"Wojtek Memorial -> Scott Monument","4","Adam Black Statue","statue","East Princes Street Gardens, Edinburgh","","","","This bronze figure wears the robes of Lord Provost, and the scroll in his hand hints at a career built on paper rather than politics. Sculptor John Hutchison cast Adam Black (1784-1874) in 1877, three years after his death. Black started out as a humble bookseller's apprentice before founding the publishing house A & C Black, bringing out the 7th, 8th and 9th editions of the Encyclopaedia Britannica, serving two terms as Lord Provost of Edinburgh, and sitting as one of the city's MPs from 1856 to 1865.","Black's biggest single gamble paid off spectacularly: in 1851 his firm paid £27,000, an enormous sum at the time, to buy the copyright and printing stock of Sir Walter Scott's Waverley novels, then republished them in cheap shilling editions that put Scott's fiction into ordinary readers' hands for the first time - and turned a solid profit for A & C Black in the process.","","","https://en.wikipedia.org/wiki/Adam_Black","","55.9522132","-3.1944154","","4-11.jpg","","","","","RECOVERY: draft-JSON fallback (pre-review, not confirmed post-review)","","","",""
"Wojtek Memorial -> Scott Monument","4","David Livingstone Statue","statue","East Princes Street Gardens, next to the Scott Monument, Edinburgh","","","","This bronze figure strides forward mid-step, cloak swinging, a Bible in one hand and a lion skin draped at his side. Sculptor Amelia Robertson Hill cast explorer and missionary David Livingstone (1813-1873), and it was unveiled here on 15 August 1876, just three years after his death in what is now Zambia. That lion skin isn't decorative - it recalls an 1844 mauling in which a lion crushed his arm and shoulder, an injury that left him unable to raise that arm fully overhead for the rest of his life, even as he went on to walk thousands more miles across Africa.","Hill has a second, closer connection to this walk: she also sculpted three of the figures decorating the Scott Monument, just a few steps from where this statue now stands. Its listing was upgraded from Category B to full Category A in 2002.","","","https://en.wikipedia.org/wiki/Statue_of_David_Livingstone,_Edinburgh","","55.952472","-3.1927369","","4-12.jpg","","","","","","","","",""
"Wojtek Memorial -> Scott Monument","4","The Scott Monument","monument","East Princes Street Gardens, Edinburgh","","","","Tip your head back and the Gothic spire above you climbs 61.1 metres in pale Binny sandstone - or it would look pale, if 150 years of coal smoke from 'Auld Reekie' hadn't turned it almost black. Built 1840-44, it carries 68 carved statuettes of characters from Walter Scott's novels around its base and up its sides, plus a white marble statue of Scott himself by John Steell. You can climb 287 steps through four viewing platforms for a view over the city. Its architect wasn't a trained architect at all: George Meikle Kemp was a self-taught joiner and draughtsman who entered the 1836 design competition under the pseudonym 'John Morvo', the name of Melrose Abbey's medieval master mason, expecting his lack of credentials to sink his chances.","Kemp won the competition, but never saw his monument finished: walking home from the site on a foggy night in March 1844, he fell into the Union Canal and drowned, just months before the tower's completion.","","","https://en.wikipedia.org/wiki/Scott_Monument","","55.952369295052684","-3.193265259008373","","4-13.jpg","","","","","RECOVERY: draft-JSON fallback (pre-review, not confirmed post-review)","","","",""
"Wojtek Memorial -> Scott Monument","4","Castle View","viewpoint","West Princes Street Gardens, near Ross Bandstand, Edinburgh","","","","From the floor of the gardens, tip your head all the way back: Edinburgh Castle sits balanced on a sheer volcanic crag rising straight out of what's now manicured parkland beneath your feet. Castle Rock is the neck of an extinct volcano, hard dolerite formed roughly 340 million years ago. Glaciers later scoured west to east across the landscape, stripping away the softer rock on every side except the sheltered eastern flank - leaving the classic 'crag and tail' shape still visible today: the sheer cliff facing you here, and the long gentle slope of the Royal Mile trailing away behind the fortress on the far side.","The lawn under your feet used to be underwater, and worse. King James III had this hollow flooded around 1460 to create the Nor Loch, a defensive loch guarding the castle's northern approach - which then spent centuries as the Old Town's sewer and, during Scotland's witch-hunting era, its unofficial execution site: more than 300 people were tried for witchcraft on or around its banks, with eleven women reportedly drowned here in a single day in 1624. When engineers drained the loch's western end between 1813 and 1820 to create these gardens, workers dug up a chest containing human skeletons buried in the mud.","","","https://en.wikipedia.org/wiki/Nor_Loch","","55.95130592789141","-3.2002090855784346","","4-14.jpg","","","","","RECOVERY: draft-JSON fallback (pre-review, not confirmed post-review)","","","",""
"Wojtek Memorial -> Scott Monument","4","Old Waverley Hotel","building","43 Princes St, Edinburgh EH2 2BY","","","","This seven-storey Victorian facade across from the gardens and Waverley Station is a building that spent its first quarter-century serving no alcohol at all. Built in 1848 to a design by architect John Armstrong for hotelier Robert Cranston, it opened with 86 rooms, one of the largest hotels on the street at the time. The Cranston family ran it for decades, and their name stuck to the building informally long before 'Old Waverley' became its official one, a nod to the station and the Sir Walter Scott novel it was named after.","For almost 25 years it operated as 'Cranston's Temperance Hotel', the first temperance hotel in Scotland. Robert Cranston was a committed temperance campaigner as well as a hotelier, and his teetotal Princes Street establishment stood as a deliberate statement in a city otherwise thick with taverns and licensed hotels, before the business eventually dropped the policy and became the more conventional hotel operating today.","","","https://www.oldwaverley.co.uk/","","55.9529066","-3.1931877","","4-15.jpg","","","","","RECOVERY: draft-JSON fallback (pre-review, not confirmed post-review)","","","",""
"Wojtek Memorial -> Scott Monument","4","Museum on the Mound","museum","The Mound, Edinburgh EH1 1YZ","","","","Walk into this grand building and you're inside a working bank, not a retired one: this free museum occupies part of the Bank of Scotland's original headquarters, designed by Robert Reid and Richard Crichton and built between 1802 and 1806 for a bank that was already, by then, over a century old - founded in 1695 as Scotland's first bank, and in 1696 the first commercial bank in Europe to issue paper banknotes. Exhibits cover the story of money and banking through historic banknotes, an interactive 1820s life-assurance display, financial crime and security, and raised maps tracing the Old Town's development since the 1600s.","The building has never stopped being a working bank headquarters - it remains the Scottish headquarters of Lloyds Banking Group today, meaning visitors touring 300 years of banking history are doing so inside an active modern bank building. A small predecessor museum here opened as far back as 1986, launched by crime novelist Ian Rankin.","In 2017 the bank announced this museum would close - only to reverse the decision after a public outcry, keeping it open and free to this day.","","https://museumonthemound.com/","","55.950158022554454","-3.193666202339649","","4-16.jpg","","","","","RECOVERY: draft-JSON fallback (pre-review, not confirmed post-review)","","","",""
"Wojtek Memorial -> Scott Monument","4","Assembly Hall","building","Mound Place, Edinburgh EH1 2LU","","","","This neo-Gothic hall sits directly east of Edinburgh Castle atop the Mound, and depending on the month it's either Scotland's most solemn church gathering or one of the Fringe's busiest stages. David Bryce designed it in 1858 for the Free Church of Scotland, formed after the 1843 Disruption split a huge breakaway movement from the established Church, and it has served since 1929 as the meeting place for the General Assembly of the Church of Scotland. Between 1999 and 2004 it took on another role entirely, hosting the newly reconvened Scottish Parliament while the purpose-built Holyrood building was under construction.","One of its most significant moments came in 1910, when 1,355 delegates gathered here for the World Missionary Conference, an event widely credited as the starting point of the modern ecumenical movement.","","","https://www.edfringe.com/tickets/venues/assembly-hall","","55.949794","-3.1952850","","4-17.jpg","","","","","","","","",""
"Wojtek Memorial -> Scott Monument","4","Edinburgh City Relief Map","monument","19 The Mound, Edinburgh EH1 1YZ","","","","Set into the pavement here is a bronze high-relief model of central Edinburgh, reproducing everything from Lothian Road in the west to Regent Road in the east, Queen Street in the north down to the Cowgate in the south - Castle, Calton Hill, Waverley Station and Princes Street Gardens all rendered in raised bronze, with raised lettering naming the major streets. Staff at the Edinburgh branch of Marks & Spencer presented it to the City of Edinburgh in 1984 to mark the company's centenary, but its real purpose is tactile rather than decorative: casting the city in high relief lets visitors with visual impairments explore the shape of Edinburgh's skyline by touch.","Because it's designed to be touched rather than just looked at, decades of hands tracing the Castle, the Mound and the main streets have polished the bronze to a bright golden sheen in exactly those spots, while the rest has darkened naturally with age - a map that visibly records where people actually explore it most.","","","https://canmore.org.uk/site/306311/edinburgh-the-mound-city-relief-map","","55.9514239","-3.19557","","4-18.jpg","","","","","RECOVERY: draft-JSON fallback (pre-review, not confirmed post-review)","","","",""
"Scott Monument -> Fleshmarket Close","5","Duke of Wellington Statue","statue","9 Waterloo Place, Edinburgh EH1 3BG","","","","At the eastern tip of Princes Street, Copenhagen rears above the traffic on his hind legs, forever mid-stride toward Waterloo Place, with the Duke seated calm and upright in the saddle. Sir John Steell cast this bronze after winning the commission in 1842, and it was unveiled on 18 June 1852 - the 37th anniversary of Waterloo itself - directly in front of General Register House. Wellington, then 83 and in his final months, couldn't attend, but veterans who'd served under him turned out anyway. Copenhagen was no invented prop: this was the real horse Wellington rode through the whole Waterloo campaign, kept in comfortable retirement afterwards until he died in 1836 aged 28, and buried with full military honours.","Wellington himself was too frail at 83 to attend his own statue's unveiling, but veterans who had fought under him at Waterloo showed up for the ceremony anyway.","","In 2026 the statue started making the news for the wrong reason: photographed wearing a traffic cone, a decades-old Glasgow tradition that spread to Edinburgh's own statues during the World Cup and that city councillors have publicly called 'undignified'.","https://canmore.org.uk/site/115603/edinburgh-princes-street-general-register-house-duke-of-wellington-statue","","55.9534864","-3.1891532","","5-1.jpg","","","","","RECOVERY: draft-JSON fallback (pre-review, not confirmed post-review)","","","",""
"Scott Monument -> Fleshmarket Close","5","General Register House","building","2 Princes St, Edinburgh EH1 3YY","","","","The pale stone facade closing off the east end of Princes Street is the oldest purpose-built public record office anywhere in Britain or Ireland - one of the oldest of its kind still doing the job it was built for, anywhere in the world. Robert Adam laid its foundation stone on 27 June 1774, but the money kept running out, and it wasn't fully finished until 1788. Step inside for the real reward: the Adam Dome, a soaring rotunda lit only by a central oculus, modelled deliberately on Rome's Pantheon and still the largest domed room Adam ever built, standing 80 feet high.","Adam worked small carved thistles into the dome's otherwise thoroughly Roman anthemion frieze - a quiet Scottish signature slipped into an imported classical language. The building was judged too small almost as soon as it was finished, and architects Robert Reid and Archibald Elliot were called back to extend it and dig further record storage into the basement.","","","https://en.wikipedia.org/wiki/General_Register_House","","55.9538264","-3.1893246","","5-2.jpg","","","","","","","","",""
"Scott Monument -> Fleshmarket Close","5","The Balmoral Hotel","building","1 Princes St, Edinburgh EH2 2EQ","","","","From Waverley Bridge, the Balmoral's clock tower dominates the skyline, 190 feet of red sandstone topped with four clock faces made by Edinburgh jewellers Hamilton & Inches. It opened on 15 October 1902 as the North British Station Hotel, built directly above Waverley Station by the railway company running the trains beneath it, and didn't become 'The Balmoral' until Sean Connery renamed it during a 1991 refurbishment. Check the time here and you're being lied to on purpose: the clock has run three minutes fast since the day it started ticking, a deliberate trick to help travellers dash for their train, corrected only once a year, at midnight on Hogmanay.","The clock's permanent three-minute fib is only ever corrected once a year, at midnight on Hogmanay, for the city's New Year celebrations.","J.K. Rowling finished writing Harry Potter and the Deathly Hallows in room 552 here in January 2007, later signing a marble bust in the room with the date and a line from the book; it's now known as the J.K. Rowling Suite.","","https://en.wikipedia.org/wiki/Balmoral_Hotel","","55.9530355","-3.1895371","","5-3.jpg","","","","","RECOVERY: draft-JSON fallback (pre-review, not confirmed post-review)","","","",""
"Scott Monument -> Fleshmarket Close","5","Waverley Bridge","architectural_point","Waverley Bridge, Edinburgh","","","","Lean on the railing of Waverley Bridge and you're standing on the station roof: Edinburgh Waverley runs directly beneath your feet in the deep valley that used to hold a loch. Engineers Blyth and Westland built this iron-and-stone crossing in 1894-96, one of three parallel bridges - alongside North Bridge and the Mound - thrown across the old loch-bed to link the New Town on one side with the Old Town on the other. Category A listed since 1991, it once let cars and taxis drive straight down ramps into the station concourse below; that vehicle access was closed off in January 2014, leaving the ramps to pedestrians, cyclists and deliveries.","Halfway across the bridge sits the station's former parcels office, itself Category A listed and converted into a pub in the 1980s, so crossing the bridge today can mean pausing for a pint directly above the trains rumbling through underneath.","","","https://en.wikipedia.org/wiki/Waverley_Bridge","","55.9518852","-3.1917868","","5-4.jpg","","","","","RECOVERY: draft-JSON fallback (pre-review, not confirmed post-review)","","","",""
"Scott Monument -> Fleshmarket Close","5","Edinburgh Waverley Station","building","Waverley Railway Station, Edinburgh EH1 1BB","","","","From Waverley Bridge, the station barely announces itself - no grand frontage, just entrances dropping away into a valley on three separate sides, because a legal covenant tied to its construction bans building upward here, specifically to protect the view of Arthur's Seat from Princes Street above. Twenty platforms radiate from one huge island beneath a vast glass roof, most recently reglazed with 370,000 square feet of panels between 2010 and 2012. The name came from Sir Walter Scott: the station merged three rival Victorian stations that had grown up in this valley since 1846, and people were informally calling the combined site 'Waverley' after Scott's novels from around 1854, well before it became official.","The covenant banning upward building here is why Waverley has always had to spread sideways and down into the valley instead of up, squeezed as it is between the Old and New Towns.","Because it sits below street level, the station is almost invisible from the surrounding streets, reached only through separate entrances off Waverley Bridge, Market Street and Princes Street.","","https://en.wikipedia.org/wiki/Edinburgh_Waverley_railway_station","","55.9519331","-3.1895678","","5-5.jpg","","","","","RECOVERY: draft-JSON fallback (pre-review, not confirmed post-review)","","","",""
"Scott Monument -> Fleshmarket Close","5","Waverley Market","building","3/48 Waverley Bridge, Edinburgh EH1 1BQ","","","","This sunken plaza off Waverley Bridge is actually a roof: the shopping centre below was deliberately built flush with Princes Street's pavement line so it wouldn't block the classic view across to the Castle and the Old Town. A Victorian fruit and vegetable market moved here in 1869 after the growing railway swallowed its old site under North Bridge; that market's iron-and-glass hall, with a rooftop garden once used for entertainment, was demolished in 1973 after closing the previous November. The present centre opened in November 1984 and was formally opened by the Queen on 25 July 1985.","The centre has changed its name almost as often as its shop mix - Waverley Market, then Waverley Shopping Centre in the early 1990s, then Princes Mall from 2004, then Waverley Mall from March 2016 - before reverting to its original name, Waverley Market, in September 2021.","","","https://en.wikipedia.org/wiki/Waverley_Market","","55.9527511","-3.1907388","","5-6.jpg","","","","","RECOVERY: draft-JSON fallback (pre-review, not confirmed post-review)","","","",""
"Scott Monument -> Fleshmarket Close","5","Fruitmarket Gallery","gallery","45 Market St, Edinburgh EH1 1DF","","","","Duck in beside the railway line and you're standing in a genuine former fruit and vegetable market, put up in 1938 right next to the tracks that once carried the produce in. The gallery itself was founded in 1974 and rebuilt inside by Richard Murphy Architects in 1994, showing free contemporary art from Scotland and abroad. A £4.3 million expansion, reopened in July 2021, knocked through into the building next door - a former fruit warehouse that spent decades as the nightclub Electric Circus before it closed in 2017 - roughly doubling the gallery's footprint.","In 2011 the gallery commissioned Turner Prize-winning artist Martin Creed to reclad the neighbouring Scotsman Steps in 104 different marbles from quarries around the world - a free public artwork just a couple of minutes from the gallery's own door.","","","https://en.wikipedia.org/wiki/Fruitmarket_Gallery","","55.9513094","-3.1894434","","5-7.jpg","","","","","RECOVERY: draft-JSON fallback (pre-review, not confirmed post-review)","","","",""
"Scott Monument -> Fleshmarket Close","5","Scotsman Steps","architectural_point","Scotsman Steps, Edinburgh EH1 1BU","","","","Climb these 104 steps and every single one is a different marble, quarried from somewhere else on earth - deep green, blush pink, streaked grey - a deliberate piece of art rather than an accident of budget. The stone staircase itself dates to 1899-1902, built inside an octagonal tower as part of the grand new Scotsman newspaper headquarters going up next door, linking North Bridge above down to Market Street and Waverley Station below. For most of the 20th century it was a dark, neglected shortcut, better known for litter and antisocial behaviour than for anything else.","In 2011 Turner Prize-winning artist Martin Creed reclad every step in a different marble for Work No. 1059, a £250,000 permanent artwork commissioned by the neighbouring Fruitmarket Gallery; Creed said climbing it is 'like walking through the world'.","","","https://en.wikipedia.org/wiki/The_Scotsman_Steps","","55.9511711","-3.1885059","","5-8.jpg","","","","","RECOVERY: draft-JSON fallback (pre-review, not confirmed post-review)","","","",""
"Scott Monument -> Fleshmarket Close","5","The Scotsman Hotel","building","20 North Bridge, Edinburgh EH1 1TR","","","","Pink sandstone turrets crowd the skyline above North Bridge - a building designed to be seen: Dunn & Findlay finished it in 1902 as the headquarters of The Scotsman, then Scotland's leading national daily, in a deliberately dramatic Scots Renaissance style. Inside, the operation ran top to bottom - printing presses on the lower floors, editorial staff in the middle, and, in a nod to older ways of moving news fast, a pigeon loft in the attic. Being right beside Waverley Station meant finished papers could reach the trains within minutes of coming off the press.","The oak-panelled Edwardian reception hall survives as the hotel bar, and a Carrara marble staircase still winds up through the building's core, unchanged from the newspaper's day.","","","https://en.wikipedia.org/wiki/The_Scotsman_Hotel","","55.951068","-3.188246","","5-9.jpg","","","","","","","","",""
"Scott Monument -> Fleshmarket Close","5","Jinglin' Geordie","building","22 Fleshmarket Cl, Edinburgh EH1 1DY","","","","Push into this pub on Fleshmarket Close and you're drinking on the spot where the man it's named after actually lived. George Heriot was a 16th and 17th-century Edinburgh goldsmith nicknamed 'Jinglin' Geordie' for the coins that jingled in his pockets as he walked the Old Town - court goldsmith to King James VI and Queen Anne, and wealthy enough to lend both of them serious money. Inside, a long-case clock, stained-glass thistle and saltire windows, and old prints of the city keep that history visible rather than just implied.","When Heriot died in 1624 he left almost his entire fortune to found a hospital school for 'fatherless boys, freemen's sons of the town of Edinburgh' - that bequest became George Heriot's School, still one of the city's best-known independent schools today.","","","https://en.wikipedia.org/wiki/George_Heriot","","55.9509642","-3.188842","","5-10.jpg","","","","","RECOVERY: draft-JSON fallback (pre-review, not confirmed post-review)","","","",""
"Scott Monument -> Fleshmarket Close","5","Halfway House","building","24 Fleshmarket Cl, Edinburgh EH1 1BX","","","","Squeeze in here and the name makes instant sense: this is reckoned Edinburgh's smallest pub, wedged exactly halfway up the steep flight of steps that make up Fleshmarket Close between Market Street and Cockburn Street. The bar counter fits about four people at a stretch, with a couple more tables and booths squeezed in around it, the walls hung with railway memorabilia that makes sense given how close you are to Waverley Station's platforms just below. It now operates as part of the Old Town Pub Co, one of fifteen Old Town venues run by Bruce Group Scotland, though it still trades and gets reviewed as a genuine independent free house rather than a chain outlet.","It takes cask ale seriously for a pub this small, running four handpumps of rotating guest beers alongside its own house-label Tullibardine malt whisky behind the bar.","","","https://camra.org.uk/pubs/halfway-house-edinburgh-150257","","55.950995","-3.1888609","","5-11.jpg","","","","","","","","",""
"Scott Monument -> Fleshmarket Close","5","Fleshmarket Close","history","Market St & Fleshmarket Cl, Edinburgh EH1 1DE","","","","Climb this steep, narrow alley from Market Street up toward Cockburn Street and the High Street, and the name tells you exactly what used to happen here: a flesh, or meat, market once ran along the passage, butchers hanging carcasses with blood running down the slope toward the old Nor Loch that filled the valley now occupied by Princes Street Gardens. The market had moved here from beside the Tron Kirk by the late 17th century, and this close remains one of the most-used shortcuts between the railway station and the Old Town today.","It lent its name to Fleshmarket Close, the fifteenth Inspector Rebus novel by Edinburgh crime writer Ian Rankin, published in 2004.","The close long housed the Jinglin' Geordie pub, once a favourite haunt of journalists from the Evening News and The Scotsman, before both papers moved out to Holyrood in 1999.","","https://en.wikipedia.org/wiki/Fleshmarket_Close,_Edinburgh","","55.951180597773764","-3.188936293263682","","5-12.jpg","","","","","RECOVERY: draft-JSON fallback (pre-review, not confirmed post-review)","","","",""
"Scott Monument -> Fleshmarket Close","5","The Booking Office","building","17 Waverley Bridge, Edinburgh EH1 1BQ","","","","Through the door at 17 Waverley Bridge is the station's own original booking office, built by the North British Railway as Waverley was rebuilt through the 1890s. Passengers bought tickets here until it became the parcels office around 1984, and its timber-panelled counters were cleared out soon after. Grade A listed, and sitting directly above the station concourse as part of Waverley's own roof, the building passed through spells as licensed premises and a restaurant before J D Wetherspoon opened The Booking Office here in March 2016.","The entrance floor carries a replica of the mosaic that once covered the real Victorian booking hall nearby, showing the North British Railway Company's coat of arms; the original, laid between 1892 and 1902, was ripped out along with the old wood-panelled ticket counters in 1970.","Photographs on the walls recall the station's steam-age heyday - the Flying Scotsman at the platform, 1945 refreshment trolleys, and the sleek 1960s Elizabethan express.","","https://www.jdwetherspoon.com/pub-histories/the-booking-office-edinburgh/","","55.951772","-3.1915082","","5-13.jpg","","","","","RECOVERY: draft-JSON fallback (pre-review, not confirmed post-review)","","","",""
"Scott Monument -> Fleshmarket Close","5","The Edinburgh Dungeon","building","31 Market St, Edinburgh EH1 1DF","","","","Head down into the half-underground gloom behind Waverley Station and you're exactly where this attraction wants you: a genuinely sunken row of Category B listed buildings, its vaulted rooms making a fittingly grim setting for what's inside. Vardon Attractions opened it in 2000, and it's now part of Merlin Entertainments, the same company behind the original London Dungeon, taking visitors through roughly 500 years of Scotland's darker history using live actors, sets and special effects rather than static display cases - eleven shows and a ride, staffed by around fifteen actors moving through the building's vaults.","The finale is the Drop Ride to Doom, a free-fall drop staged as a mock execution; a £500,000-plus refit in November 2016 rebuilt the Witch Hunt show around new effects Merlin billed at the time as a world first for the format.","","","https://en.wikipedia.org/wiki/Edinburgh_Dungeon","","55.9511302","-3.1909113","","5-14.jpg","","","","","","","","",""
"Scott Monument -> Fleshmarket Close","5","City Art Centre","gallery","2 Market St, Edinburgh EH1 1DE","","","","Ride the lift up through this nine-storey stone-clad warehouse and you're inside a building that spent its first eight decades moving goods, not art: built in 1899-1902 by the same architects and in the same years as the Scotsman Hotel further up North Bridge, it started as an extension of the newspaper's works before becoming part of Edinburgh's wholesale fruit and vegetable market. The City of Edinburgh Council converted it into a public gallery in 1980, a scheme that won a RIBA Award for Architecture in 1983, with a 1990s expansion opening it out into six full floors of gallery space.","The council's own collection here runs to around 4,800 works of Scottish art from the 17th century to today, including pieces by J.D. Fergusson, Joan Eardley and Eduardo Paolozzi, though with no permanent display what's actually on the walls changes with each exhibition.","A 1961 bequest from Edinburgh resident Jean Watson has quietly funded the bulk of that collection ever since, still shaping what turns up on show today.","","https://en.wikipedia.org/wiki/City_Art_Centre","","55.9510817","-3.1894031","","5-15.jpg","","","","","RECOVERY: draft-JSON fallback (pre-review, not confirmed post-review)","","","",""
"Scott Monument -> Fleshmarket Close","5","Metal Thistle Sculpture","monument","6 Market St, Edinburgh","","","","Outside the Market Street Hotel, a hand-forged metal thistle bends and ripples as if genuinely caught in a gust - heads and leaves rippling sideways, nothing about it standing stiffly upright. Officially titled 'Blawn Wi' The Wind', Scots for 'blown with the wind', it's the work of Edinburgh blacksmith and metalwork artist Kev Paxton, working through his studio ArtFe, who shaped Scotland's national flower mid-gust rather than in its usual heraldic, straight-backed pose, playing on the plant's old reputation for prickly, 'don't mess with me' resilience. It stands on a public footpath, in the middle of a UNESCO World Heritage Site, which turned out to matter more than the sculpting itself.","Getting a permanently sited sculpture fixed into a public footpath here was its own undertaking: architects Leask, who worked alongside Paxton on the installation, described navigating 'the complexities of consents, permits and logistics' needed to place it inside a UNESCO World Heritage Site.","","","https://www.leaskarchitects.co.uk/thistle.html","","55.95105286757625","-3.189573342687189","","5-16.jpg","","","","","RECOVERY: draft-JSON fallback (pre-review, not confirmed post-review)","","","",""
"Scott Monument -> Fleshmarket Close","5","Waverley Steps","architectural_point","Waverley Steps, Edinburgh","","","","Head down from Princes Street into the station and steel 'tree' columns branch overhead, holding up a frameless glass canopy that only appeared in 2010-2012 - for over a century before that, this broad stairway was open to the sky, and older Edinburgh residents remember it as one of the windiest spots in the city centre, a funnel catching gusts from every direction. The steps themselves opened in 1902 alongside the North British Hotel next door, now the Balmoral, built by the same North British Railway Company that owned them both.","The £7 million rebuild that added the canopy, plus a new escalator and lift for accessibility, had to satisfy tight heritage rules: Waverley is a Grade A listed station inside a UNESCO World Heritage Area, so every part of the new structure needed sign-off before a single glass panel went up.","The steps can still be gated shut at the top today, whenever the station closes for the night.","","https://en.wikipedia.org/wiki/Waverley_Steps","","55.9529562","-3.1901002","","5-17.jpg","","","","","RECOVERY: draft-JSON fallback (pre-review, not confirmed post-review)","","","",""
"Scott Monument -> Fleshmarket Close","5","North Bridge","architectural_point","North Bridge, Edinburgh","","","","Lean on the railing here and you're standing directly above the platforms of Waverley Station, with the turreted Balmoral Hotel, the Palladian front of General Register House, and, across the valley, the unfinished columns of the National Monument and the Nelson Monument on Calton Hill all in view at once. The first North Bridge, built 1763-72, was the crucial first road link between the medieval Old Town and the new Georgian development rising on the ridge to the north - without it, the New Town could never have been built where it stands. That bridge lasted until 1896; the current one, blue ironwork trimmed in red and gold, went up in two stages between 1894 and 1897, engineered to span directly over the station below.","The bridge's ironwork was fabricated by Sir William Arrol & Co, the Glasgow firm also responsible for the Forth Bridge, completed in 1890 as the first major crossing built entirely of steel, and London's Tower Bridge, which opened the same year North Bridge's own construction began, in 1894.","That first bridge nearly didn't survive its own construction: on the evening of 3 August 1769, the south abutment's walls suddenly gave way, killing five people in the collapse. Engineer William Mylne had underestimated how much loose rubble - tipped down this hillside from the New Town's own foundations - the bridge's footings would have to bear. It's a story that echoes elsewhere on this route: a fish-and-chip shop, a shopping arcade and a boutique cinema built along this same crossing all still tell their own version of it.","","https://en.wikipedia.org/wiki/North_Bridge,_Edinburgh","","55.9519122","-3.1883797","","5-18.jpg","","","","","RECOVERY: draft-JSON fallback (pre-review, not confirmed post-review)","","","",""
"Scott Monument -> Fleshmarket Close","5","The Doric Bar","building","15-16 Market St, Edinburgh EH1 1DE","","","","Duck into this corner spot on Market Street, in the shadow of North Bridge and Waverley Station, and you're in what the pub itself calls Edinburgh's oldest gastropub - a 17th-century building put to use as a pub since the 18th century, even if what you're standing in today reads more late-Victorian than truly ancient. Downstairs, a traditional bar stocks more than fifty single malt whiskies; upstairs, a bistro has been serving fresh, locally sourced food cooked to order for decades, a split-level format that lets it run as both a proper local and a serious dining room.","The name likely nods to 'Doric', the term for the broad dialect of North-East Scotland - and, perhaps coincidentally, to the plainest and sturdiest of the three classical orders of Greek architecture.","","","http://www.the-doric.com/","","55.9509148","-3.1906272","","5-19.jpg","","","","","RECOVERY: draft-JSON fallback (pre-review, not confirmed post-review)","","","",""
"Scott Monument -> Fleshmarket Close","5","The Scotsman's Lounge","pub","73 Cockburn St, Edinburgh EH1 1BU, UK","","","","The Scotsman's Lounge is a pub that's been pouring drinks on Cockburn Street since 1860, one of the older continuously running pubs on this stretch of the Old Town, a couple of minutes' walk from the Royal Mile. A small stage keeps live musicians playing most evenings, and the bar carries a large range of malt whiskies alongside the usual pints, under a ceiling papered with autographed banknotes left by visitors from around the world and walls hung with old photographs of pipers and vanished Edinburgh streets.","When the pub reopened after a Covid-era hitch over its outdoor seating in April 2021, Edinburgh council leader Adam McVey issued a public welcome for its return - a small sign of how much these independent Cockburn Street venues matter to the area's identity.","","","https://www.edinburgh.gov.uk/news/article/13180/council-leader-welcomes-reopening-of-the-scotsmans-lounge-on-cockburn-street","","55.9503705","-3.1881672","","5-27.jpg","","","","","RECOVERY: draft-JSON fallback (pre-review, not confirmed post-review)","","","",""
"Fleshmarket Close -> Tron Kirk Market","6","Cockburn Street","architectural_point","Cockburn St, Edinburgh","","","","The curve of the street pulls your eye upward: sandstone tenements rising in a gentle S-bend down toward Waverley, carved here and there with a small monogram, 'PK', if you know where to spot it. You're walking on a street that didn't exist until 1856, when engineers sliced a whole new shortcut straight through a knot of medieval closes to link the Royal Mile with the railway station below. It's named for Henry, Lord Cockburn, a judge celebrated for campaigning to protect Edinburgh's old buildings — a little ironic, since building his namesake street meant bulldozing straight through several of them. These days the serpentine curve is known for something Lord Cockburn probably never predicted: a run of independent, alternative and gothic-leaning boutiques that made Cockburn Street Edinburgh's unofficial home of subculture shopping.","The street's gentle S-curve and shallow gradient (about 1-in-14) were deliberately engineered to ease the climb from Waverley Station up to the Old Town for horses and carriages — fittingly, it's named after Henry, Lord Cockburn, an early champion of preserving Edinburgh's historic buildings, even though building the street destroyed large sections of several medieval closes.","","","https://en.wikipedia.org/wiki/Cockburn_Street,_Edinburgh","","55.9506043","-3.1898374","","6-1.jpg","","","","","","","","",""
"Fleshmarket Close -> Tron Kirk Market","6","Craig's Close","history","1 Craig's Close, Edinburgh EH1 1BN","","","","Squeeze into Craig's Close and the walls close in fast: this is the narrowest of the surviving original lanes off the Royal Mile, tight enough in places to touch both sides at once. In the 1700s, a tavern here called the Isle of Man Arms hosted the Cape Club, a drinking society whose members took mock-chivalric titles — 'Sir Precenter', 'Sir Forgetful' — and were inducted with a raised fire-poker over a solemn oath, every meeting wound up strictly before 1am, no gambling allowed. The poet Robert Fergusson drank here as 'Sir Precenter'; so did a far less respectable member, Deacon William Brodie, Edinburgh's own double life split between respectable cabinetmaker and city councillor by day and burglar by night, a real case that helped inspire Robert Louis Stevenson's Strange Case of Dr Jekyll and Mr Hyde.","A tavern in the close, the Isle of Man Arms, was the meeting place of the 18th-century Cape Club, whose members took satirical knightly titles and were inducted with a raised fire-poker; one member, Deacon William Brodie — respectable cabinetmaker and city councillor by day, burglar by night — had a double life that partly inspired Stevenson's Dr Jekyll and Mr Hyde.","","","https://en.wikipedia.org/wiki/Edinburgh_Cape_Club","","55.9508035","-3.190008","","6-2.jpg","","","","","","","","",""
"Fleshmarket Close -> Tron Kirk Market","6","Old Fishmarket Close","history","Old Fishmarket Close, Edinburgh","","","","Walk into Old Fishmarket Close and you're following a slope fish once tumbled down for three centuries: the close took its name from the market that operated here, first recorded in council minutes in 1539. Stand still and picture 1573, when government cannon battered the High Street during the 'Lang Siege' — the story goes that fish were sent flying clean out of the market stalls onto the surrounding rooftops, with hungry townsfolk scrambling up after them. A grimmer record: in April 1585, a girl working in this close became the first person in Edinburgh recorded to die when plague reached the city. And in 1705, in one of the close's flats, a Dutchman named Abraham Sever kept a pet elephant, nicknamed the 'Dundee Elephant', as a lodger in a medieval Edinburgh tenement.","During the 'Lang Siege' of 1573, cannon fire is said to have blown fish from the close's market stalls onto the surrounding rooftops; just over a decade later, in April 1585, a girl working here became the first recorded plague death when the disease reached Edinburgh.","","","https://en.wikipedia.org/wiki/Old_Fishmarket_Close","","55.94982830762838","-3.189739783326646","","6-3.jpg","","","","","","","","",""
"Fleshmarket Close -> Tron Kirk Market","6","Anchor Close","history","Anchor Close, Edinburgh","","","","Duck into Anchor Close and you're standing where the modern reference book was born: a small print shop here, run by William Smellie, produced the first-ever edition of the Encyclopaedia Britannica in the 1770s. Smellie also printed the first Edinburgh edition of Robert Burns's poems in 1787, and Burns himself spent hours in this close correcting the proofs. The two men's friendship ran to less scholarly pursuits too: Smellie founded a drinking club, the Crochallan Fencibles, which met at the Anchor Tavern here under landlady Fanny Douglas, and it was for this club's private amusement that Burns wrote his most explicit collection of verse, The Merry Muses of Caledonia, kept unpublished and passed around in manuscript for decades because it was considered far too indecent for print.","The club's name was itself a mock-militia joke: 'Crochallan' borrowed a Gaelic cattle-droving song title favoured by landlord Daniel Douglas, bolted onto 'Fencibles', the name for real home-defence militia regiments — members even held parody military ranks, with founder William Smellie serving as the club's self-styled 'colonel'.","","","https://en.wikipedia.org/wiki/William_Smellie_(encyclopedist)","","55.95051662272092","-3.1895457925954274","","6-4.jpg","","","","","","","","",""
"Fleshmarket Close -> Tron Kirk Market","6","Tron Kirk Market","history","122 High St, Edinburgh EH1 1SG","","","","The clock on the Tron's stone steeple is the timepiece that, for generations, the whole city set its New Year by. Crowds used to pack the High Street outside to hear the Tron's bells ring in Hogmanay at midnight, long before Princes Street Gardens took over as the official party. The church itself was built in the 1630s and 40s, and takes its name from the 'tron', the public weighing beam that once stood outside it, used to check traders weren't short-changing customers in the market that gathered here. It survived as a working parish church until 1952, when a shrinking, depopulated Old Town could no longer support a congregation, and it sat empty for decades before an unlikely second life: today, restored, it houses a market of independent designers and makers, trading resuming, just without the beam.","Crowds traditionally gathered outside the Tron to hear its bells and count down to midnight on Hogmanay, before Princes Street Gardens became Edinburgh's main New Year focus.","","","https://en.wikipedia.org/wiki/Tron_Kirk","","55.9500329","-3.1877519","","6-5.jpg","","","","","RECOVERY: draft-JSON fallback (pre-review, not confirmed post-review)","","","",""
"Fleshmarket Close -> Tron Kirk Market","6","The Milkman","architectural_point","52 Cockburn St, Edinburgh EH1 1BP","","","","The shopfront still has timber shutters that still slide down into slots below the window, an original feature from when this was a confectioner's shop, part of a row built in 1859 to unify Cockburn Street's newly cut frontage. The hand-painted lettering on the fascia dates back just as far, carefully restored rather than replaced when the current coffee shop moved in. The Milkman opened here in 2015, its name borrowed from the founder's great-grandfather, the last horse-drawn milkman working in the small Aberdeenshire town of Huntly, a nod to a much older, slower way of delivering something good to your door, now reworked as flat whites instead of milk bottles.","The shopfront's timber shutters, which still slide down into slots beneath the window, are original features from the building's 1859 construction as a confectioner's shop, and the cafe's own name honours the founder's great-grandfather, the last horse-drawn milkman in the Aberdeenshire town of Huntly.","","","https://ewh.org.uk/the-milkman/","","55.95038532739739","-3.188547069880059","","6-6.jpg","","","","","","","","",""
"Fleshmarket Close -> Tron Kirk Market","6","Sir Chris Hoy Gold Post Box","monument","Hunter Square, Edinburgh EH1 1QW","","","","That ordinary-looking pillar box on the corner isn't red because it was never meant to blend in: it's gold, and it's stayed that way since the summer of 2012. Royal Mail repainted a postbox gold in the hometown of every British athlete who won an Olympic gold medal at London 2012, and Edinburgh's track cyclist Sir Chris Hoy won two, so the city got two gold boxes. This one, in Hunter Square, marks his win in the men's Keirin. Look closely and you'll still find the sprint medal's twin marker across town at Hanover Street and Princes Street, a quiet piece of 2012 nostalgia hiding in plain sight on an otherwise unremarkable street corner.","Hoy's two London 2012 golds weren't even his best Games: at Beijing 2008 he won three — team sprint, keirin and individual sprint — the first British man to take three golds at a single Olympics since 1908, and still Scotland's most successful Olympian outright.","","","https://en.wikipedia.org/wiki/Chris_Hoy","","55.9498936","-3.1878951","","6-7.jpg","","","","","","","","",""
"Fleshmarket Close -> Tron Kirk Market","6","Old Saint Paul's Scottish Episcopal Church","religious_building","63 Jeffrey St, Edinburgh EH1 1DH","","","","Head down the steep steps off Jeffrey Street and you drop straight into a hidden nave, tucked below street level, lit by dim stained glass rather than daylight. The congregation here traces itself back to 1689, when the last bishop of St Giles', Alexander Rose, refused to accept Presbyterian church government and led his followers out to worship instead in a converted wool store down nearby Carrubber's Close. From there, this Episcopalian congregation became entangled in Scotland's most dangerous politics: many members backed the Jacobite risings of 1715 and 1745, and paid for it, harassed and persecuted under law for decades, only shaking off their reputation for treason after the death of Bonnie Prince Charlie himself in 1788. The current building, finished in 1883, has since been extended twice, its length now three times the original.","The congregation began in 1689 when Bishop Alexander Rose left St Giles' rather than accept Presbyterian church government, worshipping instead in a converted wool store down Carrubber's Close - and as a Jacobite-leaning Episcopalian congregation, its members were later caught up in the 1715 and 1745 risings, with their places of worship persecuted under law for decades afterward.","","","https://en.wikipedia.org/wiki/Old_St_Paul%27s,_Edinburgh","","55.9508271","-3.1871325","","5-20.jpg","","","","","","","","",""
"Fleshmarket Close -> Tron Kirk Market","6","Margaret Tait Filmmaker Plaque","plaque","North Bridge, Edinburgh","","","","Pause here for a name easy to miss among North Bridge's grander landmarks: Margaret Tait, one of Scotland's most singular filmmakers, commemorated for a career the mainstream mostly ignored while she was alive to see it. Tait trained first as a doctor, served in the Royal Army Medical Corps during the Second World War, then went to Rome to study filmmaking before returning to Scotland to make what she called 'film poems', short, intensely observed studies of ordinary life and place, largely self-funded because the British film establishment showed little interest. She didn't direct her first and only feature film, Blue Black Permanent, until 1992, at the age of 74, making her the first Scottish woman to direct a feature-length film, recognition that arrived only after decades spent almost entirely outside the industry she quietly outlasted.","Tait trained as a doctor and served in the Royal Army Medical Corps in WWII before studying filmmaking in Rome and returning to Scotland to make self-funded short 'film poems' - and she didn't direct her only feature film, Blue Black Permanent, until 1992 at age 74, making her the first Scottish woman to direct a feature-length film.","","","https://en.wikipedia.org/wiki/Margaret_Tait","","55.9512170","-3.1885656","","5-21.jpg","","","","","","","","",""
"Fleshmarket Close -> Tron Kirk Market","6","The Scotsman Picturehouse","building","20 North Bridge, Edinburgh EH1 1TR","","","","Inside the Scotsman Hotel, tucked into what used to be a disused room, are red leather armchairs, individual table lamps and Edwardian cornicing wrapped around one of Edinburgh's smallest cinemas. The building above you is the real story: a 190-foot tower raised in the early 1900s as the grand headquarters of The Scotsman newspaper, marking a triumphant new entrance to the Old Town after North Bridge itself was rebuilt in 1897 - its own construction history, including a genuine disaster, is told at the North Bridge stop on this route. The Scotsman printed the news from this tower for ninety years, until the paper moved out in 1999 and the building was reborn, first as a hotel, then as this boutique picture house.","The building was purpose-built in the early 1900s as The Scotsman newspaper's headquarters, a 190-foot tower that served as the paper's home for ninety years until 1999.","","","https://en.wikipedia.org/wiki/The_Scotsman_Hotel","","55.9511558","-3.1885035","","5-22.jpg","","","","","RECOVERY: draft-JSON fallback (pre-review, not confirmed post-review)","","","",""
"Fleshmarket Close -> Tron Kirk Market","6","O'Neill's Bar","building","9 Hunter Square, Edinburgh EH1 1QW","","","","Notice how orderly Hunter Square feels compared to the tangle of closes just off it: that's because, unlike almost everything around it, this square wasn't grown over centuries, but planned. It was laid out in the 1780s as part of the hugely controversial South Bridge Improvement Scheme, a project so fiercely opposed it was delayed for a decade before finally demolishing entire wynds of housing and workshops to make way for South Bridge and the streets around it, many of the displaced residents were tenants who received no compensation at all for losing their homes. This particular building on the square has swapped identities more recently too: for years it traded as the Tron Bar before a 2025 renovation turned it into this Irish-themed O'Neill's, its Georgian facade kept largely intact even as everything behind it was stripped out and refitted.","Hunter Square was laid out in the 1780s as part of the South Bridge Improvement Scheme, a deeply controversial project that demolished entire wynds of housing (many displaced tenants received no compensation) - and this particular building traded for years as the Tron Bar before reopening as O'Neill's in 2025.","","","https://en.wikipedia.org/wiki/South_Bridge,_Edinburgh","","55.9496273","-3.1876477","","6-10.jpg","","","","","","","","",""
"Fleshmarket Close -> Tron Kirk Market","6","The Inn on the Mile","building","82 High St, Edinburgh EH1 1LL","","","","Giant Doric columns hold up this building's portico - a bank dressed as a temple, a favourite architectural trick of the early 20th century, meant to tell customers their money was safe with people who took themselves very seriously indeed. Built in 1923 as a branch of the British Linen Bank, one of Scotland's oldest banking houses, chartered in 1746 originally to finance the country's linen trade, the building later passed to the Bank of Scotland after a 1970s takeover, before finally being stripped of ledgers and counters altogether and reborn as a boutique hotel and pub. High ceilings, cornicing and the sheer scale of the rooms all still whisper 'bank' underneath the beer taps.","The building was constructed in 1923 as a branch of the British Linen Bank, one of Scotland's oldest banks, originally chartered in 1746 to finance the linen trade - it later passed to the Bank of Scotland after a 1970s takeover before being converted into today's hotel and pub.","","","https://theinnonthemile.co.uk/history/","","55.9500853","-3.1872975","","6-11.jpg","","","","","","","","",""
"Fleshmarket Close -> Tron Kirk Market","6","Landy's Fish and Chips","building","29-31 North Bridge, Edinburgh EH1 1SF","","","","The width of the room around you gives away a building shaped by disaster: this stretch of North Bridge only exists because of a full rebuild in 1897, after the original 1763 bridge suffered a dramatic construction accident - the full story is told at the North Bridge stop on this route. The chippy itself is a much newer arrival: opened in late 2024 by the Vittoria Group, an Edinburgh-Italian restaurant family that's been frying in Leith since 1970, it's now run by the third generation, serving classic seaside fish and chips in a two-floor, nautical-themed space a world away from the tenements and workshops that once crowded this exact spot.","The Vittoria Group has been frying fish in Leith since 1970 and is now run by the third generation of the same family - Landy's, opened in 2024, is one of their newest sites, built inside a two-floor space with a deliberately nautical theme.","","","https://landysfishandchips.co.uk/","","55.950364199999996","-3.1873453","","5-23.jpg","","","","","","","","",""
"Fleshmarket Close -> Tron Kirk Market","6","Radisson Blu Hotel","hotel","The Royal Mile, 80 High St, Edinburgh EH1 1TH, UK","","","","Notice how this building manages to look old without actually being old: no fake weathering, no pastiche shopfronts, just traditional Scottish materials and proportions wrapped around a thoroughly modern hotel. It opened in 1990, designed by Scottish architect Ian Begg specifically to fill what was, for years, a conspicuous gap site on the Royal Mile's historic frontage. Begg's solution was a quiet architectural statement: rather than building something overtly modern or trying to fake a genuine historic tenement, he built new in an unashamedly 'Scottish vernacular' style, turrets, small windows, thick stone walls, betting that Edinburgh's Old Town character comes from a way of building, not simply from age. Whatever you make of the result, it's one of very few 20th-century buildings on the Mile trying to speak the same architectural language as its centuries-older neighbours.","The hotel, opened in 1990, was designed by architect Ian Begg to fill a long-standing gap site on the Royal Mile's historic frontage - rather than imitating an old tenement or building overtly modern, he designed it in a deliberately 'Scottish vernacular' style, new construction speaking the same architectural language as its centuries-old neighbours.","","","","","55.9500404","-3.1868256","","5-24.jpg","","","","","","","","",""
"Fleshmarket Close -> Tron Kirk Market","6","Carrubber's Close","close","Carrubbers Cl, Edinburgh, UK","","","","Carrubber's Close is a passage documented since before 1513, one of the oldest lanes on the Mile. After Presbyterians took control of the Church of Scotland in 1690, Episcopalians here had nowhere legal left to worship, so they met in secret in a small chapel down this close, using a wooden altar built to fold flat and vanish if the authorities came looking. Among the students who worshipped here in secret during the 1750s was an American, Samuel Seabury, who later became the first bishop of the Episcopal Church in the United States, a direct line from a hidden altar in an Edinburgh close to the founding of an American religious institution. By the 1880s the close's character had shifted from concealment to conversion: evangelist Dwight L. Moody helped raise the funds to build the Carrubbers Close Mission, whose building still stands here today.","During the 17th and 18th centuries, Episcopalians worshipped secretly in a small chapel down this close, using a wooden altar built to fold away quickly if the authorities came looking - among the students who worshipped there in secret in the 1750s was Samuel Seabury, an American who later became the first bishop of the Episcopal Church in the United States.","","","https://en.wikipedia.org/wiki/Carrubbers_Christian_Centre","","55.9507936","-3.1871478","","5-25.jpg","","","","","","","","",""
"Fleshmarket Close -> Tron Kirk Market","6","North Bridge Arcade","building","7 North Bridge, Arcade, Edinburgh EH1 1QL, UK","","","","Through this doorway, the Royal Mile's noise drops away almost instantly: you're inside a covered Victorian shopping arcade, one of only five left standing in the whole of Scotland. Built in 1900, it still has its original bowed shopfront windows, coffered ceiling and a stained-glass dome overhead, all designed to let daylight flood a passage that otherwise runs, tunnel-like, between North Bridge and Cockburn Street. It opened in the same building boom that gave Edinburgh its rebuilt North Bridge in 1897 - a bridge with its own dramatic backstory, told at the North Bridge stop on this route.","The arcade's stained-glass dome and bowed shopfront windows are original to 1900 and rare survivors: only five Victorian shopping arcades like this are still standing anywhere in Scotland.","","","https://www.scottish-places.info/features/featurefirst89868.html","","55.9506764","-3.1880467","","5-26.jpg","","","","","","","","",""
"Fleshmarket Close -> Tron Kirk Market","6","Bishop's Close","close","129 High St, Bishop's Cl, Edinburgh EH1 1SG, UK","","","","Bishop's Close marks where, in 1742, one of the most consequential, and controversial, Scots of the 18th century was born: Henry Dundas, later Viscount Melville, whose statue still towers over St Andrew Square. Dundas rose to become one of the most powerful men in the British government, effectively running Scotland's political patronage for decades. But he's remembered today mostly for something else: as Home Secretary in 1792, he proposed a 'gradual' rather than immediate abolition of the slave trade, a delay historians still argue over — critics say it held up abolition until 1807, prolonging the trade's toll by hundreds of thousands of enslaved Africans; defenders say abolition would have stalled regardless. The debate is very much alive: Edinburgh City Council added a plaque addressing his slavery links to his statue as recently as 2021.","Henry Dundas, later Viscount Melville, was born in Bishop's Close in 1742 and went on to control much of Scotland's political patronage in the late 18th century - as Home Secretary in 1792 he proposed delaying rather than immediately abolishing the slave trade, a decision historians still dispute the true impact of; Edinburgh City Council added an explanatory plaque to his statue in St Andrew Square in 2021.","","","https://en.wikipedia.org/wiki/Melville_Monument","","55.9503883","-3.1867596","","6-12.jpg","","","","","","","","",""
"Fleshmarket Close -> Tron Kirk Market","6","The Mitre Bar","pub","131-133 High St, Edinburgh EH1 1SG, UK","","","","The name above the door is a clue to something buried underneath your feet: in 1615, this spot was home to a grand tenement belonging to John Spottiswood, then Bishop of St Andrews, and the pub's mitre, a bishop's ceremonial headdress, nods directly to him. That original building burned down in 1814, and the tavern that replaced it kept the bishop's memory alive in name only, or so the story goes: locals still claim his throne lies buried somewhere beneath the current bar, and that his ghost hasn't quite left the building either. Whether or not you believe the haunting, the Mitre's dim lighting, packed bookshelves and old prints of the city make it easy to imagine a 17th-century bishop feeling right at home.","The pub takes its name and symbol, a bishop's mitre, from John Spottiswood, Bishop of St Andrews, whose tenement stood on this site in 1615 before burning down in 1814 - local legend holds that his throne is buried beneath the current bar, and that his ghost still walks the pub.","","","https://www.scotlandspubsandbars.co.uk/location/the-mitre-bar/","","55.9503702","-3.1868625","","6-13.jpg","","","","","","","","",""
"Fleshmarket Close -> Tron Kirk Market","6","Bailie Fyfe's Close","close","Bailie Fyfe's Cl, Edinburgh, UK","","","","The mouth of Bailie Fyfe's Close, looking east along the High Street, sits at the western edge of one of Edinburgh's deadliest nights. On 24 November 1861, an ancient seven-storey tenement between here and neighbouring Paisley Close suddenly gave way in the night, its decayed timbers unable to bear the weight of up to a hundred residents; 35 people died in the rubble. As rescuers worked through the wreckage, a boy's voice rang out from beneath the debris: 'Heave awa', lads, I'm no' deid yet!' He survived, and his defiant cry was carved into the replacement building next door at Paisley Close, above a sculpted likeness of his face, that close now nicknamed the 'Heave Awa' Hoose'. The close itself is named after Gilbert Fyfe, a merchant and city 'bailie' who lived here in the 1680s; later residents included the young Francis Jeffrey, future founder of the Edinburgh Review.","On 24 November 1861, a seven-storey tenement standing between this close and neighbouring Paisley Close collapsed in the night, killing 35 people - a boy trapped in the rubble was heard shouting 'Heave awa', lads, I'm no' deid yet!', and he survived, his cry later carved onto the replacement building at Paisley Close next door, nicknamed the 'Heave Awa' Hoose'.","","","https://www.edinburghexpert.com/blog/im-no-dead-yet-disaster-on-edinburghs-royal-mile","","55.95036765683078","-3.186176414880453","","6-14.jpg","","","","","","","","",""
"Fleshmarket Close -> Tron Kirk Market","6","The Nutcracker Christmas Shop","shop","52 High St, Edinburgh EH1 1TB, UK","","","","Push open the door and you're hit immediately by pine and spice: this small, family-run shop keeps Christmas running all year on a street that has, in various forms, sold goods to passing trade for hundreds of years. Inside, hand-carved German nutcrackers stand shoulder to shoulder with baubles and room fragrances sourced from around the world, continuing a long Royal Mile tradition of tightly packed specialist shops squeezed into narrow tenement frontages, each one making the most of just a few feet of street-level space. It's a reminder that behind the grand history of closes and clubs and kirks that line this street, ordinary retail, someone trying to sell you something useful, or at least sparkly, has been happening here for just as long.","The shop is part of Nutcracker Christmas Co., a small family-run business with sister shops in York and St Andrews.","","","","","55.9503124","-3.1858818","","6-15.jpg","","","","","RECOVERY: draft-JSON fallback (pre-review, not confirmed post-review)","","","",""
"Fleshmarket Close -> Tron Kirk Market","6","Netherbow Wellhead","monument","Royal Mile, Edinburgh EH1 1SR, UK","","","","Brass markers are set into the pavement around this monument: they trace the exact footprint of the Netherbow Port, the great fortified gateway that once stood here and formed the true edge of medieval Edinburgh. Anyone passing through it had to pay a toll, even residents, and the poor who couldn't afford it were effectively trapped on one side or the other, which is how this spot earned its enduring nickname, 'World's End': to those who could never afford to leave, the gate really did mark where their known world stopped. The gate itself, rebuilt in 1571, was demolished in 1764 as the city outgrew its walls, but the wellhead beside it survived: designed by Sir William Bruce and built around 1685 by master mason Robert Mylne, it once fed drinking water piped in from burns south of the town to six wells along the High Street.","The Netherbow Port toll gate once stood here, marking the true edge of medieval Edinburgh; the poor who couldn't afford its toll were effectively trapped on one side, giving the area its nickname 'World's End' - the gate was demolished in 1764, but the surviving wellhead beside it was designed by Sir William Bruce and built around 1685 by master mason Robert Mylne, supplying piped drinking water to the High Street.","","","https://curiousedinburgh.org/2025/05/30/netherbow-wellhead/","","55.950476053412","-3.185245641661514","","6-18.jpg","","","","","","","","",""
"Fleshmarket Close -> Tron Kirk Market","6","The Albanach","pub","197 High St, Edinburgh EH1 1PE, UK","","","","The name above the door is the giveaway: 'Albanach' is simply Gaelic for 'Scotsman' or 'Scottish person', a bold, no-nonsense title for a pub sitting on the Royal Mile a short walk from the old Netherbow gate, historically the boundary where medieval Edinburgh itself ended. Inside, the pub backs onto the top of Fleshmarket Close, and its rear windows look straight down that steep lane toward Market Street below, a genuine slice of Old Town topography you can take in with a pint in hand. True to its name, the bar stocks over 220 Scottish malt whiskies, making the case for its Gaelic title one dram at a time.","'Albanach' is Gaelic for 'Scotsman' or 'Scottish person' - the pub's rear restaurant windows look directly down Fleshmarket Close toward Market Street below, and true to its name, it stocks more than 220 Scottish malt whiskies.","","","","","55.95013439301677","-3.188435880573457","","6-19.jpg","","","","","","","","",""
"Fleshmarket Close -> Tron Kirk Market","6","The Advocate","pub","7 Hunter Square, Edinburgh EH1 1QW, UK","","","","You're standing in Hunter Square, a rare piece of planned geometry dropped into Edinburgh's tangled Old Town, laid out in the 1780s as part of the fiercely contested South Bridge Improvement Scheme, a project so unpopular it was delayed a decade before finally flattening entire wynds of housing to build South Bridge and the streets around it. This particular pub has worn several names over the years, most memorably 'Fiscal & Firkin' before rebranding as the Advocate, a nod to the square's proximity to the courts and to St Giles' Cathedral just around the corner, where the city's lawyers still put in a full day's work before some of them wander over here for an evening pint.","Hunter Square was laid out in the 1780s as part of the controversial South Bridge Improvement Scheme, which demolished entire wynds of older housing - the pub itself was previously known as the 'Fiscal & Firkin' before its rebrand to The Advocate, a nod to its proximity to the law courts around St Giles' Cathedral.","","","https://en.wikipedia.org/wiki/South_Bridge,_Edinburgh","","55.9495234","-3.187953","","6-20.jpg","","","","","","","","",""
"Fleshmarket Close -> Tron Kirk Market","6","Malt Shovel Inn","pub","11-15 Cockburn St, Edinburgh EH1 1BP, UK","","","","Head down to the foot of Cockburn Street and you're standing in a pub that predates the street around it: the Malt Shovel was already trading here in 1800, more than half a century before Cockburn Street itself was carved through the Old Town in the 1850s to link up with Waverley Station. Behind the bar, a wooden gantry in ornate Robert Adam-style baroque, lined with mirrors, backs a serious whisky collection: more than fifty single malts, alongside real ales and the kind of framed old photographs of Edinburgh that turn up in every pub on this stretch of street. Sitting right on the border between the Old and New Towns, a few paces from the station, it's been catching travellers passing between the two halves of the city for longer than the street itself has existed.","The pub was already established in 1800, predating Cockburn Street itself, which wasn't built until the 1850s - it stocks over 50 single malt whiskies behind a wooden gantry in ornate Robert Adam-style baroque design.","","","","","55.950630490907116","-3.1907151920840904","","6-21.jpg","","","","","","","","",""
"Fleshmarket Close -> Tron Kirk Market","6","The Piper's Rest","pub","3 Hunter Square, Edinburgh EH1 1QW, UK","","","","Tucked just behind the Tron, in the same planned square as several other pubs carved out of the 1780s South Bridge development, the Piper's Rest leans hard into a kind of Scottishness other Hunter Square bars only gesture at: dark wood, low light, malt whisky and gin lined up behind the bar, and live traditional music seven nights a week mixing old tunes with newer covers. It's a reminder that Hunter Square itself, despite feeling like an ancient huddle of Old Town buildings, is a relatively late arrival on the Royal Mile's timeline, laid out after 1786 once the controversial South Bridge scheme had finished clearing away the wynds that stood here before.","The pub features live traditional Scottish music seven nights a week.","","","https://en.wikipedia.org/wiki/South_Bridge,_Edinburgh","","55.9497447","-3.1881241","","6-22.jpg","","","","","","","","",""
"Fleshmarket Close -> Tron Kirk Market","6","Royal Mile","history","Royal Mile, Edinburgh","","","","You won't find 'Royal Mile' on a single street sign - it's a Victorian nickname, coined in the late 19th century, for a chain of streets that has no official name of its own. Walking downhill from the Castle to Holyroodhouse, the same road changes its name four times: Castlehill, then Lawnmarket, then High Street - the stretch you're on now - then Canongate. The name comes from the royal processional route once ridden between the two, and the distance really does work out to almost exactly one mile.","Branching off both sides of this street are more than 250 closes - narrow medieval alleyways, most named after a memorable resident or trade rather than assigned a number, since the tightly packed Old Town never had room for conventional street addressing. Many still carry names centuries old, even where the building behind them has been rebuilt many times over.","The Old Town's severe overcrowding here - whole extended families packed into single rooms up tenements that were the tallest in Europe at the time - had a hidden cost: the Great Fire of 1824 tore through this district for five days, killed at least ten people, and destroyed so much that swathes of what you're walking past now date only from the Victorian rebuild that followed.","In 1561, a nineteen-year-old Mary, Queen of Scots rode up this exact street for the first time after eighteen years in France, to a coronation-scale welcome - the start of a reign that would end, seven years later, in her forced abdication.","https://en.wikipedia.org/wiki/Royal_Mile","","55.9503","-3.1890","","6-26.jpg","","","","","","","","",""
"Tron Kirk Market -> Deacon Brodies Tavern","7","Adam Smith Statue","statue","192 Royal Mile, Edinburgh EH1 1RF","","","","Ten feet of bronze, wrapped in a toga-like gown,, gazing down the High Street with a rolled scroll in hand. This is Adam Smith, the economist who lived a few closes from here and worked as a customs commissioner just down the road, writing much of 'The Wealth of Nations' between Old Town coffeehouses. Smith is usually cast as capitalism's patron saint, so it's easy to miss that he was also fiercely quoted by 18th and 19th-century abolitionists as an opponent of slavery. When Edinburgh Council reviewed its public statues for links to slavery and empire after 2020, this one was examined and cleared - the man behind 'the invisible hand' turns out to have been one of his era's clearer voices against human bondage.","Despite his reputation as capitalism's figurehead, Smith was frequently cited in anti-slavery literature and was reviewed - and cleared - by Edinburgh's 2020 Slavery and Colonialism Legacy Review Group; he is buried a short walk from here in Canongate Kirkyard, near his old home at Panmure House.","","","https://www.adamsmith.org/the-adam-smith-statue","","55.9498383","-3.1899599","","7-1.jpg","","","","","","","","",""
"Tron Kirk Market -> Deacon Brodies Tavern","7","Mercat Cross","monument","High St, Edinburgh EH1 1RF","","","","A unicorn balances on its column above the spot where Edinburgh once did its shouting. The Mercat Cross - first recorded in a charter of 1365 - was the city's marketplace, its news-stand, and its stage for royal proclamations: elections, coronations and the deaths of monarchs were all bellowed from this platform. It had a darker use too. The square around it doubled as an execution site, where high-status prisoners met 'the Maiden', Edinburgh's own guillotine. The current cross is a rebuild dating largely from 1617, its octagonal base a gift from Prime Minister William Gladstone in 1885. Official proclamations - a new monarch's accession, for instance - are still read here today, an unbroken link to a 660-year-old tradition of turning stone into news.","First recorded in a charter of 1365, the present cross was rebuilt in 1617 and given its octagonal base in 1885, paid for by Prime Minister William Gladstone - the square beside it also doubled as an execution site for high-status prisoners, killed on a guillotine nicknamed 'the Maiden'.","","","https://en.wikipedia.org/wiki/Mercat_Cross,_Edinburgh","","55.9496629","-3.1901921","","7-2.jpg","","","","","","","","",""
"Tron Kirk Market -> Deacon Brodies Tavern","7","Edinburgh City Chambers","building","253 High St, Edinburgh EH1 1YJ","","","","Walk into the courtyard behind that grand colonnaded facade and you're standing on top of a buried street. Edinburgh City Chambers began life in 1760 as the Royal Exchange, built by Lord Provost George Drummond to drag the city's merchants off the crowded High Street and into a purpose-built trading hall. But the site had a problem: an entire close, Mary King's Close, ran underneath it. Rather than clear it fully, the builders lopped off the tops of the buildings and built straight over them, sealing families' homes and workshops below street level. The last resident wasn't evicted until 1902, during a further extension. What was buried in a fit of civic improvement is now one of Edinburgh's strangest visitor attractions, reached by a stair a few steps from where you're standing.","Built in 1760 as the Royal Exchange, designed by John Adam, to move merchants off the crowded High Street and into an indoor trading hall - it was constructed directly over sealed-off closes, including Mary King's Close, whose last resident was only removed in 1902.","","","https://en.wikipedia.org/wiki/Edinburgh_City_Chambers","","55.950244","-3.1902986","","7-3.jpg","","","","","","","","",""
"Tron Kirk Market -> Deacon Brodies Tavern","7","Real Mary King's Close","history","2 Warriston's Cl, Edinburgh EH1 1PG","","","","Peer down this close and you're looking at a street Edinburgh tried to forget. In 1645, plague tore through the Old Town, killing more than half the population in places, and Mary King's Close - narrow, cramped and packed with tenement dwellers - was hit hardest. Legend holds that around 300 infected residents were bricked in and left to die, though historians now think the truth is messier: the close was simply abandoned as families fled or perished, its rooms left standing as they were. When the Royal Exchange was built over the site in the 1750s, builders truncated the buildings rather than demolish them, burying entire houses intact. Named for a 17th-century fabric merchant, the close stayed hidden underground for centuries until it reopened in 2003 as one of the only places in the world where you can walk through a genuine 17th-century street.","The close is named after Mary King, a merchant burgess who lived there in the 1630s - buried beneath the Royal Exchange (now City Chambers) since the 1750s, it reopened to visitors as The Real Mary King's Close in 2003.","","","https://en.wikipedia.org/wiki/Mary_King%27s_Close","","55.949921","-3.1905063","","7-4.jpg","","","","","","","","",""
"Tron Kirk Market -> Deacon Brodies Tavern","7","Parliament House","building","11 Parliament Sqr, Edinburgh EH1 1RQ","","","","This is the room where Scotland argued with itself. Parliament House was built in 1640, funded by subscriptions from Edinburgh's own citizens, and is thought to be the world's first building constructed purely to house a parliament. Scotland's parliament sat here until the 1707 Act of Union dissolved it, and the hall was later absorbed into what is now the Supreme Courts of Scotland - so lawyers, not politicians, pace its length today. There's a very Edinburgh postscript: in 2006, ahead of a 58 million pound refurbishment, the Scottish Government asked the city council who actually owned the building. The council admitted it didn't know. Ownership was untangled only after government lawyers dug through the archives, more than 350 years after the first stone was laid.","Completed in 1640 and thought to be the world's first purpose-built parliament building; Scotland's parliament sat here until the 1707 Act of Union.","","","https://en.wikipedia.org/wiki/Parliament_House,_Edinburgh","","55.9490248","-3.1907781","","7-5.jpg","","","","","RECOVERY: draft-JSON fallback (pre-review, not confirmed post-review)","","","",""
"Tron Kirk Market -> Deacon Brodies Tavern","7","St Giles' Cathedral","building","High St, Edinburgh EH1 1RE","","","","The spire shaped like a crown is 15th-century propaganda in stone - a deliberate echo of the Crown of Scotland kept up at the Castle. St Giles' has stood on this site since 1124, though most of what you see dates from the 14th to 16th centuries. It has been battled over as much as prayed in: in 1385 an English army was sent north specifically to burn it down, and scorch marks from that attack reportedly stayed visible on the pillars into the 19th century. Its most famous moment of violence came from one furious woman: in 1637, when a new prayer book was forced on the congregation, a local trader named Jenny Geddes allegedly hurled her stool at the preacher's head, sparking a riot that helped ignite the Covenanting wars. And despite the name everyone uses, it hasn't technically been a cathedral since the 17th century - officially, it's the High Kirk of Edinburgh.","The crown-shaped spire, dating from the 15th century, is modelled on the Crown of Scotland, still on display at Edinburgh Castle - and despite its name, the building has not officially been a cathedral since the 17th century, its formal title being the High Kirk of Edinburgh.","","","https://en.wikipedia.org/wiki/St_Giles%27_Cathedral","","55.9494837","-3.1908918","","7-6.jpg","","","","","","","","",""
"Tron Kirk Market -> Deacon Brodies Tavern","7","Signet Library","building","Parliament Sqr, Edinburgh EH1 1RF","","","","Inside is a room a king once called the finest drawing room in Europe. The Signet Library, home to the Society of Writers to the Signet - Scotland's oldest legal society, founded in 1594 - was completed in 1822 with a lower library of pale columns and gilded galleries, and an upper library of fluted Corinthian columns beneath a coffered dome. When George IV visited Edinburgh that same year, the first royal visit to Scotland in nearly two centuries, he used the Upper Library as a reception room before a banquet held in his honour in the neighbouring Parliament Hall. Two centuries of Scottish legal paperwork - deeds, wills, the machinery behind land ownership across the country - have passed through the hands of the Writers to the Signet who still work here today.","George IV called the library 'the finest drawing room in Europe' after visiting in 1822 during his famous state visit to Edinburgh - it's home to the Society of Writers to the Signet, founded in 1594 and Scotland's oldest legal society.","","","https://en.wikipedia.org/wiki/Society_of_Writers_to_His_Majesty%27s_Signet","","55.9491736","-3.1912569","","7-7.jpg","","","","","","","","",""
"Tron Kirk Market -> Deacon Brodies Tavern","7","Heart of Midlothian Mosaic","monument","197 High St, Edinburgh EH1 1RE","","","","The heart-shaped mosaic under your feet marks one of Edinburgh's grimmer addresses. For over 400 years this spot held the Old Tolbooth: a prison, courthouse and site of public executions that loomed over the High Street until it was demolished in 1817. Locals still spit on the heart today, a habit that supposedly began as an act of contempt for the prison rather than a wish for good luck, though most visitors now do it hoping for the opposite. Walter Scott's 1818 novel 'The Heart of Midlothian', named for the same site, was popular enough that Edinburgh's own football club later borrowed the title too - which is why Heart of Midlothian FC's nickname and this pavement mosaic share more than a coincidence of naming.","The mosaic marks the site of the Old Tolbooth, a prison and execution site that stood here for over 400 years until 1817 - spitting on the heart is a genuine local tradition, originally a gesture of contempt for the old prison rather than a wish for luck, and Heart of Midlothian Football Club takes its name from this site too, via Walter Scott's 1818 novel of the same name.","","","https://en.wikipedia.org/wiki/Heart_of_Midlothian_(Royal_Mile)","","55.9495792","-3.1916068","","7-8.jpg","","","","","","","","",""
"Tron Kirk Market -> Deacon Brodies Tavern","7","Brodie's Close","history","Brodie's Cl, Edinburgh","","","","This narrow close is where Edinburgh's most notorious double life began. William Brodie - respected cabinet-maker, city councillor, and Deacon of the Wrights and Masons - was born here on the Lawnmarket in 1741, the son of a well-off tradesman. By day he was pious and prosperous; by night, using his professional access to wealthy clients' locks, he pressed their keys into putty, cast duplicates, and burgled their homes with a gang of thieves. The story outlived him by a century: Robert Louis Stevenson, whose own childhood bedroom held furniture Brodie had built, grew up on tales of the deacon's secret life, and many believe Brodie's double existence directly shaped 'The Strange Case of Dr Jekyll and Mr Hyde'. Brodie himself never saw the book - he was hanged in 1788, on gallows some accounts say he had personally helped redesign.","William Brodie, respected councillor by day and burglar by night, was born in this close in 1741 - Robert Louis Stevenson's family owned furniture made by Brodie, and Brodie's double life is widely credited as an inspiration for 'The Strange Case of Dr Jekyll and Mr Hyde'; Brodie himself was hanged in 1788, reportedly on a gallows design he had helped improve.","","","https://en.wikipedia.org/wiki/William_Brodie","","55.94929184636163","-3.193207032850698","","7-9.jpg","","","","","","","","",""
"Tron Kirk Market -> Deacon Brodies Tavern","7","Deacon Brodies Tavern","history","435 Lawnmarket, Edinburgh EH1 2NT","","","","The pub sign above you shows half respectable gentleman, half shadow - Deacon Brodie's split personality rendered in paint. The real William Brodie was a wealthy 18th-century cabinet-maker and city councillor who spent his nights leading a gang of burglars through Old Town closes, using keys copied from his legitimate locksmith work. The scandal broke in 1788: Brodie fled to Amsterdam, was arrested trying to board a ship for America, brought back to Edinburgh in chains, and hanged before a crowd of around 40,000 - reportedly the largest Edinburgh had seen in living memory. His story became literary gold: Robert Louis Stevenson, who grew up nearby with furniture Brodie had built, is widely thought to have drawn on Brodie's double life when writing 'Dr Jekyll and Mr Hyde' a century later. The tavern has traded on his name - and his ghost - ever since.","Brodie fled to Amsterdam after his burglary gang was exposed and was caught trying to board a ship bound for America; brought back to Edinburgh, he was hanged in 1788 before a crowd estimated at 40,000, said to be the largest public gathering the city had seen.","","","https://en.wikipedia.org/wiki/William_Brodie","","55.9495353","-3.1929167","","7-10.jpg","","","","","","","","",""
"Tron Kirk Market -> Deacon Brodies Tavern","7","Statue of Walter Francis Montagu Douglas Scott","statue","West Parliament Square, Edinburgh EH1 1RN","","","","This bronze figure in ceremonial Garter robes is Walter Francis Montagu Douglas Scott, 5th Duke of Buccleuch and 7th Duke of Queensberry - once one of the largest private landowners in Britain, with estates stretching across the Scottish Borders. Unveiled in 1888 and sculpted by Sir Joseph Edgar Boehm, the statue's plinth carries detailed panels of battle scenes and episodes from his family's history, a reminder that the Buccleuch dukes saw themselves as central figures in Scotland's story, not just its landscape. He served more than thirty years in public office, including as Lord Privy Seal, and helped fund infrastructure across Victorian Scotland. Look closely at the pose: cloak gathered in one hand, gloves in the other, weight on his forward leg - a sculptor's formula for projecting quiet, hereditary authority in bronze.","The Buccleuch dukes were among the largest private landowners in Britain, with estates across the Scottish Borders.","","","https://parliamentsquareedinburgh.net/statues-in-and-around-the-square/","","55.9495103","-3.1917231","","7-11.jpg","","","","","","","","",""
"Tron Kirk Market -> Deacon Brodies Tavern","7","Robert Burns House Plaque","history","Lady Stair's Close & Lawnmarket, Edinburgh EH1 2NT","","","","The plaque above this close marks a small, specific moment: the first time Robert Burns properly arrived in Edinburgh. In 1786, the 27-year-old poet came to the city to arrange the second printing of his poems, having already caused a sensation with his first, self-funded 'Kilmarnock Edition'. He lodged in Baxter's Close, a lane just east of here that was later demolished to build George IV Bridge - so this plaque, on the close beside it, is the nearest fixed point left to where the ploughman-poet first lived among Edinburgh's literary and legal elite, who were soon fawning over him. Within months he had gone from tenant farmer to the toast of the city's drawing rooms, an ascent almost as sudden and dramatic as anything in his poetry.","The plaque commemorates Burns's first visit to Edinburgh in 1786, when he came to arrange a new edition of his poems - his actual lodgings, in the now-demolished Baxter's Close nearby, were cleared to build George IV Bridge.","","","https://en.wikipedia.org/wiki/Lady_Stair%27s_Close","","55.9493276","-3.1934519","","7-12.jpg","","","","","","","","",""
"Tron Kirk Market -> Deacon Brodies Tavern","7","Makars' Court","history","Makars' Court, Lady Stair's Close, Edinburgh EH1 2PA","","","","As you cross this courtyard, the paving slabs beneath your feet are inscribed with lines from Scottish writers spanning seven centuries. Makars' Court - 'makar' being the old Scots word for a poet or maker - was conceived as a living literary monument, its earliest quotation from 14th-century poet John Barbour and its more recent additions from writers who died within living memory, such as Muriel Spark. The quotations run across Gaelic, Scots, English and Latin, reflecting the different languages Scotland has written in over the centuries. New flagstones are still added periodically, meaning the pavement itself keeps growing - a monument that, unusually, is never quite finished.","'Makar' is the old Scots word for a poet or literary craftsperson, the origin of the court's name - its inscribed quotations span from 14th-century poet John Barbour to 20th and 21st-century writers like Muriel Spark, in Gaelic, Scots, English and Latin.","","","https://en.wikipedia.org/wiki/Makars%27_Court","","55.9496969","-3.19348","","7-13.jpg","","","","","","","","",""
"Tron Kirk Market -> Deacon Brodies Tavern","7","The Writers' Museum","museum","Lawnmarket, Lady Stair's Close, Edinburgh EH1 2PA","","","","Duck through the door and you're inside a house built in 1622, its stair narrow enough to remind you how small people, and their possessions, once were. Lady Stair's House takes its name from Elizabeth Dundas, Dowager Countess of Stair, who bought the property in 1719; by the 1890s it had fallen into disrepair until the town planner Patrick Geddes persuaded Lord Rosebery to fund its restoration. The house was gifted to the city in 1907 and opened as a museum in 1913, and today it holds relics of Scotland's three literary giants - Robert Burns, Walter Scott and Robert Louis Stevenson - including Burns's own writing desk and the printing press on which Scott's Waverley novels first rolled off.","The house dates from 1622 and was restored in the 1890s after town planner Patrick Geddes intervened to save it from dereliction - its exhibits today include Robert Burns's writing desk and the printing press used for Walter Scott's Waverley novels.","","","https://en.wikipedia.org/wiki/Writers%27_Museum","","55.9497080","-3.1937388","","7-14.jpg","","","","","","","","",""
"Tron Kirk Market -> Deacon Brodies Tavern","7","Alexander and Bucephalus Statue","statue","City Chambers Courtyard, High Street, Edinburgh EH1 1DF","","","","The horse's ears are worth a closer look before you take in the drama of the scene. This bronze - Alexander the Great taming his wild stallion Bucephalus - was sculpted by John Steell, modelled in 1832 but not cast until 1883, more than fifty years later. It originally stood in St Andrew Square before being moved here in 1916 to make room for the Gladstone Memorial. The oddity is in the details: it's rumoured that when a pay dispute broke out between Steell and the committee funding the piece, the sculptor got his revenge by giving the horse the ears of a pig rather than a stallion - a small, permanent insult cast in bronze and now standing outside the seat of Edinburgh's civic government.","Sculpted by John Steell, modelled in 1832 but not cast in bronze until 1883, a fifty-year gap - it originally stood in St Andrew Square and was relocated here in 1916, and according to local legend, Steell gave the horse pig's ears in retaliation for not being paid in full by the funding committee.","","","https://en.wikipedia.org/wiki/John_Steell","","55.95005759898015","-3.1902560524679435","","7-15.jpg","","","","","","","","",""
"Tron Kirk Market -> Deacon Brodies Tavern","7","Hugh Miller Plaque","plaque","297 High Street, Edinburgh EH1 1YJ","","","","This plaque marks the offices of a newspaper edited by one of Victorian Edinburgh's more unlikely career changes. Hugh Miller began as a stonemason in Cromarty, self-taught and largely self-made, before becoming a serious geologist and writer. From these offices at 297 High Street, between 1840 and 1856, he edited 'The Witness', the newspaper of the Free Church of Scotland, and used its pages to serialise his own geological writing, including 'The Old Red Sandstone' - work now recognised as pioneering in the young science of paleoecology. His life had a dark final chapter: a devout opponent of evolutionary theory on religious grounds, and increasingly troubled by mental illness, Miller took his own life in 1856, just a few years before Darwin's ideas would upend the fossil record he had spent his career studying.","Miller trained as a stonemason before becoming a self-taught geologist and writer, editing 'The Witness' newspaper from these offices between 1840 and 1856 - he serialised his own geological studies, including 'The Old Red Sandstone', in the paper's pages.","","","https://en.wikipedia.org/wiki/Hugh_Miller","","55.949818769406996","-3.190325775420934","","7-16.jpg","","","","","","","","",""
"Tron Kirk Market -> Deacon Brodies Tavern","7","General Stanislaw Maczek Statue","statue","City Chambers Courtyard, High Street, Edinburgh EH1 1YJ","","","","Sit near this bronze figure for a moment and you're keeping company with a man Poland tried to erase. General Stanislaw Maczek commanded the 1st Polish Armoured Division, which Winston Churchill entrusted with defending Scotland's east coast against invasion during the Second World War. Maczek went on to play a decisive role in the Battle of Normandy, helping close the Falaise Pocket and trap thousands of retreating German troops, then liberated towns across France, Belgium and the Netherlands. But when Poland fell under Communist rule after the war, the regime stripped him of his citizenship as punishment for having served the West. Unable to return home, Maczek settled quietly in Edinburgh and lived here until his death in 1994 at the age of 102.","Maczek commanded the 1st Polish Armoured Division, which helped trap German forces at the Falaise Pocket during the Battle of Normandy - Poland's post-war Communist government later stripped him of his citizenship, and he remained in Edinburgh for the rest of his life, dying here in 1994 aged 102.","","","https://en.wikipedia.org/wiki/Stanis%C5%82aw_Maczek","","55.950128376580736","-3.1902276929148177","","7-17.jpg","","","","","","","","",""
"Tron Kirk Market -> Deacon Brodies Tavern","7","The News Steps","architectural_point","St Giles Street, Edinburgh EH1 1QS","","","","124 steps drop from here to Market Street below, cutting a shortcut between the Old Town and the New that saves you the long way round by North Bridge. The name comes from the newspaper trade: from the 1870s, St Giles Street above you filled with newspaper offices designed by David Bryce, earning it the nickname 'the Fleet Street of Scotland'. Journalists and printers would have hammered up and down these same steps on deadline, moving between the presses and the rest of the city. From partway down you get one of the better under-the-radar views in Edinburgh - North Bridge, Calton Hill, and the gardens of the Bank of Scotland spilling down to your left.","The name comes from the cluster of newspaper offices, designed by architect David Bryce, that stood on St Giles Street from the 1870s - earning the steps the nickname 'the Fleet Street of Scotland' for their newspaper-trade associations.","","","","","55.95023627571004","-3.192166604690332","","7-18.jpg","","","","","","","","",""
"Tron Kirk Market -> Deacon Brodies Tavern","7","Advocate's Close","history","Advocate's Cl, Edinburgh","","","","Walk to the mouth of this close and look through the arch - if you time it right, the gap perfectly frames the Scott Monument on Princes Street far below. Advocate's Close drops steeply from the Royal Mile down toward Cockburn Street, its name borrowed from Sir James Stewart, Lord Advocate of Scotland, who lived here from 1635 to 1713. Before that it went by several other names, taken from whichever prominent resident happened to own the property at the time - a common habit in the Old Town, where closes were rebranded generation after generation. Once a fashionable address for gentry and professionals, it lost its top floors in the slum clearances of the 1920s, and today hides a Victorian pump house turned bar behind its stone walls.","Named after Sir James Stewart, Lord Advocate of Scotland, who lived here from 1635 to 1713 - before that it went by several other names, including Cant's Close and Home's Close, after earlier residents, a common pattern for Old Town closes.","","","https://en.wikipedia.org/wiki/Advocates_Close","","55.9502001","-3.1914767","","6-8.jpg","","","","","","","","",""
"Tron Kirk Market -> Deacon Brodies Tavern","7","Warriston's Close","history","Warriston's Cl, Edinburgh","","","","This close looks unremarkable from the High Street, but step inside and you're standing at the entrance to one of Edinburgh's strangest survivals. Warriston's Close leads down to the sealed, centuries-old streets now open to visitors as The Real Mary King's Close - a warren of 17th-century tenements that were partially built over rather than demolished when the Old Town was redeveloped in the 1750s. In Edinburgh's crowded past, closes like this one could be locked at both ends at night, penning residents in and keeping outsiders out, a reminder of just how tightly controlled - and how vertical - life in the Old Town once was, with buildings rising up to eight storeys above the narrow lane.","Warriston's Close is the modern access point to The Real Mary King's Close, the sealed 17th-century streets beneath the City Chambers - closes like this were often gated and locked at night to control who could pass through.","","","https://en.wikipedia.org/wiki/List_of_closes_on_the_Royal_Mile","","55.95053833680969","-3.1910336097504244","","6-9.jpg","","","","","","","","",""
"Tron Kirk Market -> Deacon Brodies Tavern","7","Sir Robert W Philip Plaque","plaque","The Mound, Edinburgh","","","","This modest plaque marks a genuinely world-first moment in medicine. In 1887, near this spot on Bank Street, Dr Robert Philip opened what's recognised as the first dedicated tuberculosis clinic anywhere in the world - two small rooms that became the Victoria Dispensary for Consumption and Diseases of the Chest. Tuberculosis, or consumption, was one of the 19th century's great killers, spreading easily through Edinburgh's cramped, poorly ventilated tenements. Philip's dispensary didn't just treat patients; it pioneered public health education, teaching ordinary Edinburgh residents how to avoid catching and spreading the disease long before antibiotics existed. His model - treatment paired with prevention - spread internationally and eventually grew into the Royal Victoria Hospital.","In 1887, Robert Philip opened the world's first dedicated tuberculosis clinic in two rooms near this spot on Bank Street - his treatment-and-education model for fighting TB was copied internationally and led to his appointment as Edinburgh's first professor of tuberculosis in 1917.","","","https://en.wikipedia.org/wiki/Robert_William_Philip","","55.9499224","-3.1930425","","7-19.jpg","","","","","","","","",""
"Tron Kirk Market -> Deacon Brodies Tavern","7","Stevenlaw's Close","close","Stevenlaw's Cl, Edinburgh, UK","","","","This close connects the High Street down to the Cowgate, but its most famous former resident never asked to be famous. James Wilson - known locally as 'Daft Jamie' - lived in Stevenlaw's Close before he was murdered by the West Port killers William Burke and William Hare, who sold bodies to Dr Robert Knox for anatomy lectures. Unlike most of Burke and Hare's other victims, Jamie was a well-known figure around the Old Town, and when his body was recognised on Knox's dissection table, it triggered the public outrage that finally exposed the murders. A gentler resident once lived here too: Allan Masterton, who composed the tunes for several of Robert Burns's songs, including 'Willie Brew'd a Peck o' Maut'.","James Wilson ('Daft Jamie'), a well-known local figure, lived here before being murdered by Burke and Hare and sold to Dr Robert Knox for dissection - composer Allan Masterton, who wrote the music for several Robert Burns songs, also once lived in the close.","","","https://en.wikipedia.org/wiki/List_of_closes_on_the_Royal_Mile","","55.949956224933466","-3.1885365390240916","","6-16.jpg","","","","","","","","",""
"Tron Kirk Market -> Deacon Brodies Tavern","7","New Assembly Close","close","New Assembly Cl, Edinburgh, UK","","","","This close takes its name from the fashionable dancing assemblies that moved here from Old Assembly Close in 1736 and carried on until 1784 - Edinburgh society's answer to a nightclub, minus the music you'd recognise today. When the dancing stopped, the site was rebuilt in 1813 as the head office of the Commercial Bank of Scotland, designed by James Gillespie Graham, and it survived the catastrophic Great Fire of Edinburgh in 1824 that destroyed most of its neighbours. Long after the bank moved out, the building took on a stranger second life: in 1976 it became home to the Edinburgh Wax Museum, meaning a close once devoted to genteel 18th-century courtship later filled up with wax replicas instead.","Named for the Edinburgh Assembly, the city's fashionable dancing society, which met here from 1736 to 1784 - the building later became the head office of the Commercial Bank of Scotland (1813) and survived the Great Fire of Edinburgh in 1824.","","","https://en.wikipedia.org/wiki/Commercial_Bank_of_Scotland","","55.949935163001626","-3.188721315829428","","6-17.jpg","","","","","","","","",""
"Tron Kirk Market -> Deacon Brodies Tavern","7","Old Assembly Close","close","Old Assembly Cl, Edinburgh, UK","","","","Before New Assembly Close existed, this was where Edinburgh came to dance. Old Assembly Close hosted the city's dancing assemblies from 1720, gatherings notable for being run largely by a committee of women - unusual enough at the time that English newspapers reported on it. The assemblies doubled as charity fundraisers for hospitals and good causes, and even inspired early published collections of Scottish dance tunes still played today. The close's luck ran out in 1824, when the Great Fire of Edinburgh tore through the Old Town, destroying four seven-storey tenements here along with the original Assembly Hall itself - one of the worst nights in the city's history, and the reason the close you're standing in now looks so different from its Georgian heyday.","Edinburgh's dancing assemblies were held here from 1720, notably managed by a committee of women, which drew attention even from English newspapers - the Great Fire of Edinburgh in 1824 later destroyed four seven-storey tenements and the original Assembly Hall on this site.","","","https://en.wikipedia.org/wiki/Great_Fire_of_Edinburgh","","55.9495793","-3.1891944","","7-20.jpg","","","","","","","","",""
"Tron Kirk Market -> Deacon Brodies Tavern","7","Borthwick's Close","close","Borthwick's Cl, Edinburgh, UK","","","","This close has looked narrow, dark and slightly forbidding for close to six centuries, and that's largely by design rather than decay. It takes its name from Lord Borthwick, a lawyer and parliamentarian who built a house here around 1450 specifically to be a short walk from Scotland's Parliament - proof that living near the seat of power has always mattered in Edinburgh. The Borthwicks, related by marriage to Henry VIII, moved in the same circles as the royal courts of both Scotland and England, and later the close also housed Lord Napier of Merchiston, from the family that gave the world logarithms. Today it's easy to miss, tucked between shopfronts, but it still runs through to Tron Square exactly as it always did.","Named after Lord Borthwick, who built a house here around 1450 to be close to the Scottish Parliament - the Borthwick family was related by marriage to Henry VIII, and the close also later housed Lord Napier of Merchiston.","","","https://en.wikipedia.org/wiki/List_of_closes_on_the_Royal_Mile","","55.9493848","-3.1893449","","7-21.jpg","","","","","","","","",""
"Tron Kirk Market -> Deacon Brodies Tavern","7","Statue of James Braidwood","statue","1-6 Parliament Sqr, Edinburgh EH1 1RF, UK","","","","This bronze figure, helmet tucked against his thigh, honours the man widely credited as the father of the modern fire service. James Braidwood founded the Edinburgh Fire Brigade in 1824 - the world's first municipal fire service - and pioneered firefighting techniques still taught today, including the idea that firefighters should attack a blaze at its source rather than simply protect nearby buildings. In 1832 he left Edinburgh to establish London's first full-time brigade, a job that eventually killed him: he died in 1861 when a wall collapsed on him while fighting a warehouse fire on Tooley Street, an incident still studied by firefighters. It took until 2008 - nearly 150 years later - for Edinburgh to raise the funds needed for this memorial, unveiled a short walk from where he once served.","Braidwood founded the Edinburgh Fire Brigade in 1824, the world's first municipal fire service - he later founded London's first full-time fire brigade in 1832 and died fighting a fire on Tooley Street in 1861 when a wall collapsed on him.","","","https://en.wikipedia.org/wiki/James_Braidwood","","55.9495075","-3.1899844","","7-22.jpg","","","","","","","","",""
"Tron Kirk Market -> Deacon Brodies Tavern","7","The Supreme Courts","building","11 Parliament Sqr, Edinburgh EH1 1RQ, UK","","","","This is where Scotland's most serious legal business still gets settled. The Supreme Courts of Scotland - the Court of Session for civil cases and the High Court of Justiciary for criminal ones - are both housed inside what began as Parliament House in 1639. The Court of Session dates back even further, created in 1532, making it nearly five centuries old. Behind the Classical facade added in the 1800s lies something visitors rarely see: over 700 rooms spread across seven floors, a genuinely vast legal complex hidden behind what looks, from Parliament Square, like a single grand building. Every working day, advocates in wigs and robes still walk these halls exactly as they have for hundreds of years, making this one of the few places in Edinburgh where the past isn't just commemorated - it's still in active use.","The Court of Session, one of the two Supreme Courts housed here, was created in 1532, making it nearly 500 years old - behind the facade lie more than 700 rooms across seven floors, far larger than the building appears from the square.","","","https://en.wikipedia.org/wiki/Parliament_House,_Edinburgh","","55.9490248","-3.1907781","","7-23.jpg","","","","","","","","",""
"Tron Kirk Market -> Deacon Brodies Tavern","7","Charles II Statue","statue","Parliament Sqr, Edinburgh EH1 1RE, UK","","","","This is the oldest statue in Edinburgh, and quite possibly the oldest lead equestrian statue anywhere in Britain. Erected in 1685, the very year Charles II died, it shows the king dressed as a Roman emperor, baton in hand, in an artistic shorthand of the era for imperial authority. It cost 2,580 pounds to build, a startling sum for the time, and is thought to be the work of the celebrated Dutch sculptor Grinling Gibbons, better known for his intricate woodcarving in England's grandest houses and churches. More than three centuries of Edinburgh weather have taken their toll: the statue has needed major repairs in 1824, 1922 and again in the 1950s, but it still watches over Parliament Square exactly where it was placed, for a king who never lived to see it unveiled.","Erected in 1685, it is the oldest statue in Edinburgh and possibly the oldest lead equestrian statue in Britain - it is thought to be the work of Dutch sculptor Grinling Gibbons, better known for his ornate woodcarving elsewhere in Britain.","","","https://en.wikipedia.org/wiki/Parliament_Square,_Edinburgh","","55.9492453","-3.1905161","","7-24.jpg","","","","","","","","",""
"Tron Kirk Market -> Deacon Brodies Tavern","7","Roxburgh's Close","close","Roxburgh's Cl, Edinburgh, UK","","","","This close carries the name of a 17th-century cook rather than a nobleman or judge, which sets it apart from most of its grander neighbours. John Roxburgh, made a burgess in 1605, is recorded as owning property here from 1635, and the close was eventually named for him - though it had cycled through several earlier names, including Cant's Close and Cruick's Close, dating back to at least 1578. Its literary claim is quieter but real: several Scottish Gaelic poets made this close their home in the 18th century, writing in a language that was already being pushed to the margins of the very city they lived in. Later redevelopment demolished the buildings separating it from a neighbouring alley, creating the wider Roxburgh Court just beyond.","Named after John Roxburgh, a cook made a burgess in 1605, recorded as living here from 1635 - several Scottish Gaelic-language poets also lived in the close during the 18th century.","","","https://en.wikipedia.org/wiki/List_of_closes_on_the_Royal_Mile","","55.949767016421106","-3.191042171520797","","7-25.jpg","","","","","","","","",""
"Tron Kirk Market -> Deacon Brodies Tavern","7","Bank of Scotland","building","Bank of Scotland Private Banking, The Mound, Edinburgh EH1 1YZ, UK","","","","That shallow saucer dome crowning the Mound belongs to one of Europe's oldest banks flexing its architectural muscle. Bank of Scotland, founded in 1695, decided at its 100th AGM in 1796 that its directors needed a headquarters worthy of the institution, buying this site from the town council in 1800 for 3,500 pounds. Architects Robert Reid and Richard Crichton, both former pupils of Robert Adam, delivered a domed Georgian villa completed in 1806 that has anchored Edinburgh's skyline for more than two centuries. It still serves as the Scottish headquarters of Lloyds Banking Group today, and part of the building has been turned into the Museum on the Mound, where the vaults and ledgers of three centuries of Scottish banking are on public display.","Bank of Scotland, founded in 1695, is one of the oldest banks still operating in the world - its current headquarters, completed in 1806, was designed by Robert Reid and Richard Crichton, both former pupils of architect Robert Adam.","","","https://en.wikipedia.org/wiki/Bank_of_Scotland","","55.950203","-3.1929874","","7-26.jpg","","","","","","","","",""
"Tron Kirk Market -> Deacon Brodies Tavern","7","Wardrop's Court","close","Wardrop Court, Lawnmarket, Edinburgh EH1 2NY, UK","","","","As you pass under the archway, the carved dragons bracketing the entrance aren't original medieval survivors, they're Victorian and Edwardian additions with a personal story behind them. Wardrop's Court took shape in the 1890s when older tenements were cleared to open up the courtyard, on the instructions of town planner Sir Patrick Geddes, who was busy trying to revive Edinburgh's crumbling Old Town rather than bulldoze it. One pair of dragons was carved around 1890 by sculptor J S Gibson; a second pair was carved in 1911 by Arthur Geddes - Patrick's own son - when he was just sixteen, working under a craftsman associated with the Arts and Crafts movement. The clearance to build this court also swept away the house where Robert Burns had stayed on his first visit to the city.","The court's dragon brackets were carved in two phases - around 1890 by J S Gibson, and in 1911 by Arthur Geddes, aged 16, son of town planner Patrick Geddes - the 1890s clearance to create the court also demolished the building where Robert Burns had stayed during his first Edinburgh visit.","","","","","55.94940492511615","-3.1931570034213985","","7-27.jpg","","","","","","","","",""
"Tron Kirk Market -> Deacon Brodies Tavern","7","Author's Phrases in the Flagstones","monument","Lady Stair's Cl & Makars' Ct, Edinburgh EH1 2LP, UK","","","","Slow down here and read what's under your feet. Each flagstone in this courtyard carries a line of Scottish writing, chiselled directly into the stone rather than printed on a plaque - a form chosen deliberately so the words age and weather along with the city itself. The oldest quotation comes from John Barbour, a 14th-century poet whose epic 'The Brus' is one of the earliest surviving works of Scottish literature; more recent stones carry lines from 20th-century writers like Muriel Spark, who died in 2006. The languages shift under your feet as you walk too - Scots gives way to Gaelic, then English, then Latin - a small, physical reminder that Scotland has never had just one literary voice. New stones are still occasionally added, so this pavement counts as a living, growing monument rather than a finished one.","The flagstones are inscribed with quotations spanning from 14th-century poet John Barbour to 20th and 21st-century writers, appearing in four languages - Scots, Gaelic, English and Latin - reflecting Scotland's multilingual literary history.","","","https://en.wikipedia.org/wiki/Makars%27_Court","","55.9497125835492","-3.193633366392108","","7-28.jpg","","","","","","","","",""
"Tron Kirk Market -> Deacon Brodies Tavern","7","Scottish War Poets Memorial","monument","Lady Stair's Cl & Makars' Ct, Edinburgh EH1 2LP, UK","","","","This grey granite cross, carved with a full-length sword and intricate Celtic knotwork, honours a group of writers who rarely get remembered outside their poems. Unveiled in 2018, almost exactly a century after the Armistice, it commemorates Scottish poets who died in the First World War - men whose words about the trenches are still read, even as their names are far less famous than English contemporaries like Wilfred Owen. The memorial was a genuinely collaborative effort, funded and built through a partnership between universities, the National Library of Scotland, and Edinburgh's own council, and its inscription is as quietly devastating as anything the war poets themselves wrote: 'Sweet be their sleep now wherever they're lying, far though they be from the hills of their home.'","Unveiled in 2018, close to the centenary of the WWI Armistice, to commemorate Scottish poets killed in the First World War - it was funded through a partnership including Edinburgh Napier University, the University of Aberdeen, and the National Library of Scotland.","","","https://www.iwm.org.uk/memorials/item/memorial/80151","","55.94962095151942","-3.193563001094719","","7-29.jpg","","","","","","","","",""
"Tron Kirk Market -> Deacon Brodies Tavern","7","Milne's Court","close","Milne's Ct, Edinburgh EH1 2NE, UK","","","","The middle of this square is a genuine piece of urban planning history. Milne's Court was built in 1690 by Robert Mylne, the Royal Master Mason, who bought up and demolished the old tenements and narrow closes that used to clutter this ground, replacing them with something Edinburgh hadn't really seen before: buildings deliberately arranged around an open courtyard, rather than crammed along a slot-like close. It was a small architectural revolution for a city famous for its claustrophobic lanes. The court fell into disrepair over the following centuries, but in the 1960s the University of Edinburgh stepped in, restoring it with donations from local benefactors; it reopened as student accommodation in 1969 and still houses students today, more than three centuries after Mylne first laid it out.","Built in 1690 by Robert Mylne, the Royal Master Mason, it's considered Edinburgh's earliest surviving example of buildings grouped around an open court rather than a narrow close - restored in the 1960s with donations from benefactors including Harold Salvesen, it reopened as University of Edinburgh student housing in 1969 and remains so today.","","","","","55.9491744485309","-3.1943055756129746","","7-30.jpg","","","","","","","","",""
"Deacon Brodies Tavern -> Edinburgh Castle","8","Gladstone's Land","museum","477B Lawnmarket, Edinburgh EH1 2NT","","","","From the narrow Lawnmarket pavement, Gladstone's Land rises six full storeys above you, its ground-floor arcade recreating the timber shopfronts that once lined the whole Royal Mile before Victorian street-widening swept the rest away. The building beside you began around 1550, but it was the merchant Thomas Gledstanes and his wife Bessie Cunningham who rebuilt it from 1617, raising it to its present height and finishing by 1620 with the elaborately painted ceilings still visible inside. By the 1930s the Old Town had emptied out and the house faced demolition — the National Trust for Scotland saved it just in time, reopening it after a further £1.5 million refurbishment in 2021.","A gilt-copper hawk hangs above the door — a pun on 'gled', old Scots for kite or hawk, playing on the Gledstanes name; inside, hunt the painted ceiling beams for a tiny hidden monkey among the 1620 decoration. The building's history has a darker side too: it reputedly once sold the era's supposed 'cures' for plague, and one resident, Lord Crichton, was scandalously rumoured to have started the fatal 1630 fire at Frendraught Castle to ruin a rival.","","","https://en.wikipedia.org/wiki/Gladstone%27s_Land","","55.94938421837031","-3.1936515159726064","","8-1.jpg","","","","","","","","",""
"Deacon Brodies Tavern -> Edinburgh Castle","8","The Hub","building","348-350 Castlehill, Edinburgh EH1 2NG","","","","Glance up at the corner of Castlehill and Johnston Terrace and you'll find Edinburgh's tallest spire, 71.7 metres of dark neo-Gothic stone piercing the skyline above you. Queen Victoria laid the foundation stone here in 1842 for Victoria Hall, a joint design by Scottish architect James Gillespie Graham and English Gothic Revival master Augustus Pugin, built to give the Church of Scotland's General Assembly a proper meeting place. It became Highland Tolbooth St John's Church in 1929, holding Gaelic and English services until closing in 1979 and standing empty for over a decade. A five-year, £7.5 million restoration — one of the most complex conservation projects ever undertaken in Scotland — reopened it in 1999 as The Hub, home of the Edinburgh International Festival.","Pugin gave away the spire's design as a favour to his collaborator Graham — even though his own Roman Catholic church back in London, St George's, Southwark, never got a matching spire of its own. Despite its new life as a festival venue and cafe, the Church of Scotland's General Assembly still returns to meet inside every May, keeping alive the very purpose the hall was built for over 180 years ago.","","","https://en.wikipedia.org/wiki/The_Hub,_Edinburgh","","55.9487828","-3.1951693","","8-2.jpg","","","","","","","","",""
"Deacon Brodies Tavern -> Edinburgh Castle","8","Camera Obscura & World of Illusions","museum","549 Castlehill, Edinburgh EH1 2ND","","","","Inside, the top floor still does exactly what it did in 1853: a rotating mirror throws a live, moving image of the city outside onto a table in front of you — one of the oldest working camera obscuras in Britain. Getting here took a scandal: Maria Theresa Short arrived in Edinburgh in 1827 claiming to be the daughter of instrument-maker Thomas Short, who had died nearly 40 years before, a claim never proven but enough to win her his prized telescope. She opened an observatory on Calton Hill in 1835, was forced out by the council in 1849, and reopened here on Castlehill in 1853 as Short's Observatory. After her death, the pioneering planner Patrick Geddes took over in 1892, renaming it the Outlook Tower and stacking its floors with views of the world, Europe, Scotland and Edinburgh in ascending order beneath the camera obscura at the top.","Category A listed since 1970, it's thought to be the oldest purpose-built visitor attraction in Edinburgh, with five further floors of the World of Illusions' mirror mazes and vortex tunnels since built beneath the original camera obscura. Geddes later built a second Outlook Tower in Montpellier, France, since absorbed into the Scots College there.","","","https://en.wikipedia.org/wiki/Camera_Obscura,_Edinburgh","","55.9489544","-3.1956707","","8-3.jpg","","","","","","","","",""
"Deacon Brodies Tavern -> Edinburgh Castle","8","The Witchery by the Castle","history","352 Castlehill, Edinburgh EH1 2NF","","","","Push through the door at Boswell's Court and candlelight closes around you — Gothic stone and low ceilings inside a merchant's townhouse raised in 1595 for Thomas Lowthian, later nicknamed for the eccentric physician Dr John Boswell, whose relatives James Boswell and Samuel Johnson once dined here. By the 1970s it had decayed into disused Church of Scotland committee rooms, until 20-year-old chef James Thomson bought it in 1979, becoming Scotland's youngest licensee at a time nobody rated the Royal Mile as restaurant territory. He expanded into the candlelit Secret Garden dining room in 1989, then into nine Gothic hotel suites, one entered through a hidden bookcase door. The name honours the hundreds burned as witches just up the street on Castlehill — locals still swear the building itself is haunted by one of them.","A ghost-themed walking tour has met outside The Witchery every night since 1984, drawn by the same folklore that gives the restaurant its name.","","","https://en.wikipedia.org/wiki/The_Witchery_by_the_Castle","","55.9487766","-3.1956431","","8-4.jpg","","","","","RECOVERY: draft-JSON fallback (pre-review, not confirmed post-review)","","","",""
"Deacon Brodies Tavern -> Edinburgh Castle","8","The Scotch Whisky Experience","museum","354 Castlehill, Edinburgh EH1 2NE","","","","You're standing in a former Victorian school building right beside the Castle esplanade. For over three decades visitors rode through 300 years of whisky history inside mock oak barrels, past theatrical sets built by the team behind York's Jorvik Viking Centre, before a 2023 renovation retired the ride for three new galleries: Origins, The Art of Whisky Making and Maturation. The place exists because in 1988 whisky executive Alastair McIntosh persuaded nineteen Scotch companies to put up £2 million so visitors who couldn't reach the Highlands could still learn the spirit's history. Since 2009 it's also housed one man's obsession: 3,384 bottles gathered over 35 years by Brazilian collector Claive Vidiz, now a Guinness World Record holder for the largest Scotch whisky collection on Earth, its oldest bottle dating to 1897.","Look for the chess set, the Scottie dog and the golf bags among Vidiz's bottles — whisky poured into some genuinely odd-shaped packaging over the decades. Downstairs, the Amber restaurant and bar stocks more than 420 single malts, blends and liqueurs; the attraction has welcomed more than 8.5 million visitors since 1988.","","","https://en.wikipedia.org/wiki/The_Scotch_Whisky_Experience","","55.9487452","-3.1958982","","8-5.jpg","","","","","","","","",""
"Deacon Brodies Tavern -> Edinburgh Castle","8","Tartan Weaving Mill","building","555 Castlehill, Edinburgh EH1 2ND","","","","A viewing window over the basement workshop lets you watch a working heritage loom weave tartan cloth in real time — a rare working link to what this building actually was: Castlehill Reservoir, built in 1849-50 to supply the New Town with water. The huge cistern could hold two million gallons and empty it at 5,000 gallons a minute; workmen digging its foundations in 1851 turned up two oak log-coffins and a Roman coin of the Emperor Constantine, relics of the earlier Christ Church chapel demolished on this same spot to help build the Tron Kirk. Drained in 1992, it opened briefly for public tours the following year before being converted between 1995 and 1997 into what's now the Tartan Weaving Mill.","Category B listed since 1987, the building still carries the Witches' Well fountain fixed to its outer wall, commemorating those burned nearby on Castlehill.","","","https://en.wikipedia.org/wiki/Tartan_Weaving_Mill","","55.9490320","-3.1961795","","8-6.jpg","","","","","RECOVERY: draft-JSON fallback (pre-review, not confirmed post-review)","","","",""
"Deacon Brodies Tavern -> Edinburgh Castle","8","Cannonball House","building","356 Castlehill, Edinburgh EH1 2NF","","","","The west-facing wall here still holds an iron cannonball still lodged in the stone — legend says it was fired from the Castle's Half Moon Battery at Bonnie Prince Charlie during the 1745 Jacobite rising. It's a better story than the truth: engineers most likely fixed it there around 1675 to mark the exact height gravity-fed water from springs at Comiston needed to reach before it could flow this far up the hill, Edinburgh's first piped water supply. The Category A listed house itself was built in 1630 for furrier Alexander Mure and his wife Margaret Niellems, their initials still carved above the door as 'AM MN 1630'. It later became a Castlehill School annexe in 1913, then an urban studies centre, before the Contini family turned it into a restaurant in 2014.","The cannonball worked like a giant ballcock: when the water level in the reservoir below it dropped too far, it signalled that more needed to be pumped up from Comiston to keep the supply flowing.","","","https://en.wikipedia.org/wiki/Cannonball_House_(Edinburgh)","","55.9486687","-3.1961988","","8-7.jpg","","","","","RECOVERY: draft-JSON fallback (pre-review, not confirmed post-review)","","","",""
"Deacon Brodies Tavern -> Edinburgh Castle","8","Ramsay Garden","architectural_point","Ramsay Garden, Edinburgh","","","","From below, Ramsay Garden's towers and white-harled walls seem to grow straight out of the castle rock — one of the most photographed skylines in Edinburgh, and one you can only admire from the street, since it's still private housing. It began in 1733 as an octagonal house built by the poet and wig-maker Allan Ramsay the Elder, its odd shape earning it the nickname 'the goose-pie house'. In 1890 the planner and biologist Patrick Geddes bought the site and rebuilt it as a deliberately mixed community of students, artisans and professionals, part of his campaign to drag Edinburgh's decaying Old Town back to life. Architect Stewart Henbest Capper designed the sixteen-apartment complex; Sydney Mitchell finished it after Capper's health failed. Geddes himself called the result 'the seven-towered castle I built for my beloved'.","Past residents have included Ramsay's own descendants and the Royal Scottish Academy artist George Clark Stanton.","","","https://en.wikipedia.org/wiki/Ramsay_Garden","","55.9493345","-3.1963215","","8-8.jpg","","","","","RECOVERY: draft-JSON fallback (pre-review, not confirmed post-review)","","","",""
"Deacon Brodies Tavern -> Edinburgh Castle","8","Castle Esplanade","history","Castlehill, Edinburgh EH1 2NG","","","","This broad, flat expanse opens out to views north to the Firth of Forth and south to the Pentland Hills — free to take in without a Castle ticket. It was built in 1753 as a military parade ground, using spoil dug from the foundations of the Royal Exchange down on the High Street, then widened and given its present north wall and railings in 1816. Every August since 1950 it's been transformed into the site of the Royal Edinburgh Military Tattoo — the first show had just eight items and drew 6,000 spectators to a single performance, compared with the roughly 10,000-seat temporary stadium built and dismantled here each summer today.","Statues of Robert the Bruce and William Wallace flank the Castle's gatehouse at the esplanade's western end; scattered across its edges are a Witches' Well fountain, several regimental war memorials, and the grave of dragoon Charles Ewart, who captured a French standard at Waterloo in 1815.","","","https://en.wikipedia.org/wiki/Edinburgh_Castle","","55.9487000","-3.1975000","","8-9.jpg","","","","","RECOVERY: draft-JSON fallback (pre-review, not confirmed post-review)","","","",""
"Deacon Brodies Tavern -> Edinburgh Castle","8","Edinburgh Castle","building","Castlehill, Edinburgh EH1 2NG","","","","You're standing on the plug of an extinct volcano — Castle Rock has made this one of the most defensible sites in Scotland since at least the Iron Age, when a hillfort stood here some 3,000 years ago. It became a royal residence under King Malcolm III in the 11th century and was besieged more often than almost any fortress in Britain, including a night in 1314 when Thomas Randolph, Earl of Moray, led a party scaling the crag in darkness to recapture it from English hands. Today it holds the Honours of Scotland — the crown jewels — and the Stone of Destiny, used for centuries in Scottish coronations, though persistent rumour holds that the monks of Scone hid the real stone from Edward I and that what sits here is a substitute.","St Margaret's Chapel inside the walls is the oldest surviving building in Edinburgh, built around 1130 by King David I for his canonised mother; barely large enough for a handful of people, it's still used for small weddings today. A gun still fires from Mills Mount Battery at 1pm each day (bar Sundays, Good Friday and Christmas) — a tradition begun in 1861 so ships on the Forth could set their chronometers when fog hid the time ball on Calton Hill's Nelson Monument.","","","https://en.wikipedia.org/wiki/Edinburgh_Castle","","55.9485947","-3.1999135","","8-10.jpg","","","","","","","","",""
"Deacon Brodies Tavern -> Edinburgh Castle","8","The Witches' Well","monument","Castlehill, Edinburgh EH1 2NG","","","","Set into the wall at the foot of the esplanade, this small bronze relief marks Edinburgh's principal witch-burning ground, where an estimated 300 people were put to death on this spot alone. Patrick Geddes commissioned it in 1894 from his friend John Duncan, a leading figure of the Scottish Celtic Revival, fixing it to the wall of what was then the newly built Castlehill Reservoir. Look closely at the relief: a serene face and a wicked one, both entwined by a serpent coiled around Hygieia, Greek goddess of health, and her father Asclepius, god of medicine, with a sprig of foxglove worked in beside them — a heart medicine and a poison in one plant, a reminder that the same knowledge could heal or condemn whoever held it.","Roman numerals worked into the bronze — 1479 and 1722 — bracket the two and a half centuries during which Scotland's Witchcraft Act was in force. Scotland executed an estimated 1,500 to 2,000 people for witchcraft between the 16th and 18th centuries, a persecution rate proportionally far higher than the more famous Salem trials three thousand miles away.","","","https://en.wikipedia.org/wiki/Witches%27_Well,_Edinburgh","","55.948956393753534","-3.1964811374267144","","8-11.jpg","","","","","","","","",""
"Deacon Brodies Tavern -> Edinburgh Castle","8","The India Cross","monument","Castlehill, Edinburgh EH1 2NG","","","","Trace the carving on this dark Celtic cross and among the entwined cable-work you'll find a stag's head and an elephant — the badge of the 78th Highlanders, raised here in 1862 to the 256 men of the regiment who died relieving the besieged garrison at Lucknow during the Indian Rebellion of 1857-58. Indian soldiers had risen against British rule that June; when the 78th fought through the rebel lines to reach the city that September, the whole regiment was voted the Victoria Cross by ballot, a mechanism reserved for acts of collective gallantry too widespread to credit to one man. The relieving commander, General Henry Havelock, is said to have declared he'd 'never seen better conduct — I am not a Highlander, but I wish I was one.'","The elephant badge dates to the Battle of Assaye in 1803; decades later the 78th kept a real elephant as a regimental mascot at the Castle, and local legend has it that it drank the soldiers' beer at the canteen window. The 78th's lineage continues today within the Highlanders battalion of the Royal Regiment of Scotland.","","","https://www.iwm.org.uk/memorials/item/memorial/53581","","55.949010835333816","-3.196987476089976","","8-12.jpg","","","","","","","","",""
"Deacon Brodies Tavern -> Edinburgh Castle","8","Scottish Horse Memorial","monument","Castlehill, Edinburgh EH1 2NG","","","","This granite Celtic cross, carved with a claymore and a bronze lion rampant, was raised in 1904-05 to the Scottish Horse, a yeomanry regiment recruited from Scotland, Australia and South Africa in 1900 to fight Britain's brutal guerrilla campaign against Boer commandos in the Second Boer War. Look closely at the names and you'll find something unusual for a monument of this era: Zulu scouts who served and died alongside the regiment are named here too, a rare instance of Black South African soldiers being formally commemorated on a colonial-era war memorial. An identical cross stands on Caledonia Hill in Johannesburg, where it became the official war memorial of the Transvaal Scottish regiment. The Scottish Horse itself was disbanded at Edinburgh Castle in 1902; its lineage carries on today in the Scottish and North Irish Yeomanry.","Sources disagree on exactly how many Zulu scouts are honoured — Edinburgh's own on-site panel says three, while accounts of the Johannesburg original say four.","","","https://en.wikipedia.org/wiki/Scottish_Horse_War_Memorial","","55.94900566572138","-3.197607888348792","","8-13.jpg","","","","","RECOVERY: draft-JSON fallback (pre-review, not confirmed post-review)","","","",""
"Deacon Brodies Tavern -> Edinburgh Castle","8","The Afghan Needle","monument","Castlehill, Edinburgh EH1 2NG","","","","This pink Peterhead granite needle behind iron railings catches the wind coming straight off the esplanade, standing 3.5 metres tall and listed Grade II* by Historic Environment Scotland. Raised by public subscription in 1882-83, it commemorates the 105 officers, non-commissioned officers and men of the 72nd Duke of Albany's Own Highlanders who were killed in action or died of wounds and disease during the First and Second Anglo-Afghan Wars of 1839-42 and 1878-80. Read down its base and every name is grouped by how the man died — a stark ledger of two of the 19th century's bloodiest colonial campaigns, designed by the Aberdeen firm MacDonald, Field & Company. Locals simply call it the Afghan Needle.","The 72nd amalgamated with the 78th Highlanders — commemorated by the India Cross a few steps away — to form the Seaforth Highlanders in 1881, only a year or two before this memorial went up; both regiments' lineage continues together today in the Highlanders battalion of the Royal Regiment of Scotland.","","","https://memorials.iwm.org.uk/item/memorial/53582","","55.948925018465516","-3.1980561470370232","","8-14.jpg","","","","","RECOVERY: draft-JSON fallback (pre-review, not confirmed post-review)","","","",""
"Deacon Brodies Tavern -> Edinburgh Castle","8","The Gatehouse","building","Castlehill, Edinburgh EH1 2NG","","","","The drawbridge and the portcullis groove above the arch are still in full working order, but don't be fooled — the whole Gatehouse forming the Castle's grand entrance is Victorian, built in 1886-88 to give the fortress a more romantic approach befitting its status as a national monument. It was reportedly designed in some secrecy, since military authorities feared a cosmetic addition to a still-functioning garrison might draw public criticism. Flanking the archway in twin Gothic niches designed by architect Sir Robert Lorimer stand bronze statues of Robert the Bruce and William Wallace, added decades later in 1929 to mark the 600th anniversary of Bruce's death — a project so divisive it filled the Scottish press with argument throughout 1928 and 1929 before Thomas Clapperton and Alexander Carrick were finally chosen to sculpt the two figures.","Funded by a bequest from Captain Hugh Reid, the statues were unveiled on 28 May 1929: Bruce, by Clapperton, wears his crown and carries an axe and shield; Wallace, by Carrick, grips a claymore.","","","https://www.atlasobscura.com/places/william-wallace-and-robert-the-bruce-statues","","55.94856675999658","-3.1986789536656226","","8-15.jpg","","","","","RECOVERY: draft-JSON fallback (pre-review, not confirmed post-review)","","","",""
"Deacon Brodies Tavern -> Edinburgh Castle","8","Princess Louise's Fountain Memorial","monument","Castlehill, Edinburgh EH1 2NG","","","","The stone here is worn smooth and its bronze fittings have gone green with age, but look closely at the central panel and you can still make out a royal crown, a row of smaller crowns and an entwined monogram above twin drinking basins built into the esplanade wall. An inscription across the base names 'THE PRINCESS LOUISE'S ARGYLLSHIRE HIGHLANDERS' — a horse-trough and fountain erected in 1874 by the regiment, styled after their royal colonel-in-chief, Queen Victoria's daughter Princess Louise, Duchess of Argyll. The regiment itself took that name in 1881, when the 91st and 93rd Highlanders amalgamated. It's one of a cluster of regimental memorials dotted along the esplanade's edges.","An identical horse-trough memorial to the same regiment stands on Stirling Castle's esplanade, the regiment's other historic depot. Princess Louise had a strong connection to Canada too — a province, a mountain range and several towns bear her name.","","","https://en.wikipedia.org/wiki/Argyll_and_Sutherland_Highlanders","","55.94845620884907","-3.1981216986406866","","8-16.jpg","","","","","","","","",""
"Deacon Brodies Tavern -> Edinburgh Castle","8","Robert the Bruce Statue","statue","Castlehill, Edinburgh EH1 2NG","","","","In the left-hand niche beside the Gatehouse stands Robert the Bruce in bronze, crowned and armoured, an axe in one hand and a heraldic shield in the other — sculptor Thomas J. Clapperton's pose recalling Bruce's single combat with the English knight Henry de Bohun on the eve of Bannockburn in 1314, when he split de Bohun's skull with one blow while mounted on nothing grander than a small palfrey. Unveiled on 28 May 1929, the 600th anniversary of Bruce's death, the statue only exists because a public design competition over how to portray Scotland's two great medieval heroes turned unexpectedly divisive, filling the Scottish press with argument through 1928 and 1929 before a compromise split the commissions between Clapperton and his rival sculptor.","Bruce seized the Scottish throne in 1306, was excommunicated and hunted as a fugitive — the likely source of the probably apocryphal tale of a spider inspiring him to try again after defeat — before Bannockburn in 1314 secured Scotland's independence. He died in 1329 of an illness long assumed to be leprosy, though an 1819 examination of his skull found his missing teeth were more likely battle wounds; his heart was carried on crusade after his death and now lies at Melrose Abbey, while the rest of him is buried at Dunfermline Abbey.","","","https://en.wikipedia.org/wiki/Robert_the_Bruce","","55.948540253683824","-3.198677673147885","","8-17.jpg","","","","","","","","",""
"Deacon Brodies Tavern -> Edinburgh Castle","8","William Wallace Statue","statue","Castlehill, Edinburgh EH1 2NG","","","","In the matching niche to the right of the archway stands William Wallace, sculpted by Alexander Carrick in chainmail and plaid, gripping a claymore with a helmet resting at his feet — unveiled the same day, 28 May 1929, as his Bruce counterpart opposite. Wallace led the rebel Scottish army to a stunning victory over a much larger English force at Stirling Bridge in 1297 and was appointed Guardian of Scotland, only to be defeated the following year at Falkirk. Betrayed and captured in 1305, he was dragged to London and executed as a traitor to a crown he'd never sworn allegiance to — a death that only hardened Scottish resistance and helped set up Bruce's victory at Bannockburn sixteen years later.","Braveheart (1995) made Wallace world-famous but takes wide liberties with the history — the real Wallace almost certainly never wore a kilt, since the garment didn't yet exist in his lifetime.","","","https://en.wikipedia.org/wiki/William_Wallace","","55.94859226039268","-3.198689614807846","","8-18.jpg","","","","","RECOVERY: draft-JSON fallback (pre-review, not confirmed post-review)","","","",""
"Deacon Brodies Tavern -> Edinburgh Castle","8","Ensign Ewart Memorial and Grave","history","Castle Esplanade, Edinburgh EH1 2NG","","","","Beneath this granite memorial on the esplanade lies Charles Ewart, a Royal Scots Greys sergeant who fought off a standard-bearer, a lancer and an infantryman in quick succession at Waterloo in 1815 to capture the eagle standard of the French 45th Regiment — brutal hand-to-hand combat that made him a minor celebrity, promoted to Ensign and reportedly acquainted with Sir Walter Scott, though he claimed to shun the attention himself. He died in 1846 near Manchester and was buried in Salford, where the graveyard was later paved over and his grave forgotten. His remains were only rediscovered in the 1930s and reburied here with full military honours on 16 April 1938, nearly a century after his death.","His own account of the fight survives almost word for word: 'I took the eagle from the enemy... he made a thrust at my groin; I parried it off and cut him down through the head.' In his memory, the Royal Scots Greys — and the Royal Scots Dragoon Guards that succeeded them — still wear an eagle badge today.","","","https://www.scotsdg.org.uk/key-moments/ewarts-reburial","","55.948911","-3.1968417","","8-19.jpg","","","","","","","","",""
"Deacon Brodies Tavern -> Edinburgh Castle","8","James' Court","close","493 Lawnmarket, Edinburgh EH1 2PB, UK","","","","Off the Lawnmarket, James' Court is a place where the noise falls away — a quiet close of 18th-century tenements behind Gladstone's Land, built from 1723-27 by James Brownhill and, for a while, one of Edinburgh's most fashionable addresses. The philosopher David Hume lived here before decamping to the grander New Town, and the diarist James Boswell later rented Hume's old flat. It was here in 1773 that Boswell hosted Samuel Johnson during the very trip through Scotland that produced Johnson's 'A Journey to the Western Islands of Scotland' — though the court Boswell knew burned down in 1857 and was rebuilt, so what stands around you now isn't quite the building the two men actually sat in.","A plaque on one of the court's three arched entrances still commemorates the Hume-Boswell-Johnson connection.","","","https://canmore.org.uk/site/52282/edinburgh-493-495-lawnmarket-3-5-7-james-court","","55.9493673","-3.1937747","","8-20.jpg","","","","","RECOVERY: draft-JSON fallback (pre-review, not confirmed post-review)","","","",""
"Deacon Brodies Tavern -> Edinburgh Castle","8","The Jolly Judge","pub","7A Lawnmarket, Edinburgh EH1 2PB, UK","","","","Duck down the stair below street level and the Jolly Judge opens out beneath low beamed ceilings and a roaring log fire — a hideaway just off the Lawnmarket that keeps its music off deliberately, a rarity on a Royal Mile otherwise full of noise. The pub's proximity to the Sheriff Court and High Court once made it a favourite with Edinburgh's legal community, hence the name. That quiet, unhurried approach has paid off: CAMRA named it Edinburgh Pub of the Year in both 2023 and 2024, on top of a run of Cider Pub of the Year awards for a cellar built around real ales and ciders rather than the usual tourist-trail lager.","It's also been named CAMRA Scotland & Northern Ireland Cider Pub of the Year, part of a run of award wins built on quietly refusing to play music.","","","https://camra.org.uk/pubs/jolly-judge-edinburgh-150662","","55.9493912","-3.1939931","","8-21.jpg","","","","","RECOVERY: draft-JSON fallback (pre-review, not confirmed post-review)","","","",""
"Deacon Brodies Tavern -> Edinburgh Castle","8","Susannah Alice Stephen Memorial","monument","493 Lawnmarket, Edinburgh EH1 2PB, UK","","","","Sit on this memorial bench in James' Court's small garden and above you perches a bronze parakeet beside a garden trug, sculpted by Frances Pelly for Susannah Alice 'Zannah' Stephen, a landscape designer who co-founded the Scottish Society of Garden Designers before her death in a diving accident off the Galapagos Islands in 1997. She chose this exact spot deliberately: Patrick Geddes, the town planner she admired for bringing green space into the Old Town's cramped closes, had once lived in James' Court himself. The memorial was unveiled in September 2000, its inscription reading 'Keep your face towards the sun and the shadows will fall behind you.'","Stephen trained in modern languages at St Andrews before switching to landscape architecture at Edinburgh University, going on to run her own design practice.","","","https://artuk.org/discover/artworks/susannah-alice-stephen-memorial-315940","","55.94959750344908","-3.1941246805636947","","8-22.jpg","","","","","RECOVERY: draft-JSON fallback (pre-review, not confirmed post-review)","","","",""
"Deacon Brodies Tavern -> Edinburgh Castle","8","The Ensign Ewart","pub","521-523 Lawnmarket, Edinburgh EH1 2PE, UK","","","","Trading in some form since 1680, this is the highest pub on the Royal Mile and the closest one to the Castle gates — parts of the building are reckoned to go back even further, to around 1603. It carried a different name until 1938, when it was renamed for Ensign Charles Ewart of the Royal Scots Greys, whose eagle-capturing exploit at Waterloo in 1815 had just been marked by his reburial with full military honours on the Castle esplanade a few hundred metres from where you're standing. Inside, a large painting of the Battle of Waterloo hangs among Scottish military memorabilia, keeping Ewart's story on the walls of the pub that carries his name.","Around 250 whiskies rotate through the bar at any one time — some 50 permanent favourites alongside a shifting cast of indie bottlers, closed distilleries and rare finds — and live Scottish and Irish folk music fills the tiny pub most nights of the week.","","","https://camra.org.uk/pubs/ensign-ewart-edinburgh-149992","","55.9492054","-3.1944086","","8-23.jpg","","","","","","","","",""
"Deacon Brodies Tavern -> Edinburgh Castle","8","Boswell's Court","close","350 Castlehill, Edinburgh EH1 2NF, UK","","","","Above the stair entrance, a carved lintel still bears a merchant's mark and the initials 'T' and 'L', a signature left by Thomas Lowthian, the merchant who built this 17th-century townhouse in 1595. Despite the name, it wasn't James Boswell who lived here but his uncle, the physician Dr John Boswell — James did visit in October 1762, and a plaque on the building, now home to The Witchery restaurant, also claims he dined here with Samuel Johnson around 1770. Castlehill was already steeped in history by then: the Palace of Mary de Guise, mother of Mary Queen of Scots, is said to have once stood directly across the street.","The original doorway inscription reads 'O Lord in thee is all my traist' — Lowthian's own motto, carved into the stone in 1595.","","","https://www.trove.scot/place/52344","","55.9488398","-3.1955429","","8-24.jpg","","","","","RECOVERY: draft-JSON fallback (pre-review, not confirmed post-review)","","","",""
"Deacon Brodies Tavern -> Edinburgh Castle","8","Ramsay Lane","street","Ramsay Ln, Edinburgh, UK","","","","The cobbles pitch steeply as Ramsay Lane climbs from the Royal Mile up toward the Castle esplanade, named for the poet Allan Ramsay, whose octagonal home once stood at its head — nicknamed 'the goose-pie house' for its round-fronted shape. Ramsay built it in 1733 and retired there in 1740; his son, later court painter to George III, extended it eastward, and by 1890 the site had become the foundation for Ramsay Garden, the striking Arts and Crafts development that still lines the lane's upper end today.","Ramsay Garden was one of the first projects of town planner Patrick Geddes, who saw restoring housing on the Castle slopes as a way of luring Edinburgh's professional classes back to live in the Old Town.","","","https://en.wikipedia.org/wiki/Ramsay_Garden","","55.94897952879328","-3.1958502549072687","","8-25.jpg","","","","","RECOVERY: draft-JSON fallback (pre-review, not confirmed post-review)","","","",""
"Edinburgh Castle -> Petit Paris","9","Johnston Terrace Wildlife Garden","history","7/8 Castle Wynd South, Edinburgh EH1 2JT","","","","Climb to the top of the Patrick Geddes Steps and you'll almost walk past this one - a scrap of green barely 50 metres from the Castle esplanade, squeezed between tenement walls. At just 0.07 hectares, it's the smallest of the Scottish Wildlife Trust's 123 Scottish nature reserves, but don't let the size fool you: listen for frogs and bumblebees, watch for grey herons overhead, and you're standing on ground that's cycled through more uses than almost anywhere else in the Old Town. A medieval chapel once stood here; later, Castlehill School children grew fruit and vegetables in it under town planner Patrick Geddes's influence, and it did a stretch of duty as a wartime military post before the Trust took it over in 1982 and turned it back into a patch of genuine urban wilderness.","Before it became a nature reserve, generations of Castlehill School children spent their playtime growing fruit and vegetables here under Patrick Geddes's influence, and the plot also did a stint as a wartime military post - a resume most manicured gardens can't match. Today, despite sitting in the shadow of one of Scotland's most fortified sites, the reserve supports frogs, bumblebees and butterflies, with grey herons occasionally spotted overhead - proof that even a garden smaller than a tennis court, wedged into the Old Town's steepest stairway, can function as a genuine wildlife habitat.","","","https://scottishwildlifetrust.org.uk/reserve/johnston-terrace-garden/","","55.948111798226314","-3.1962807399013804","","9-1.jpg","","","","","","","","",""
"Edinburgh Castle -> Petit Paris","9","The Vennel and Flodden Wall","monument","The Vennel, Edinburgh","","","","As you climb these worn stone steps, Edinburgh Castle appears to rise directly out of the rooftops ahead of you - it's one of the most photographed views in the city, and TV crews agree: both Ian Rankin's Rebus and the series One Day have filmed here. Partway up, run your hand along a genuine stretch of the Flodden Wall, thrown up in a hurry after Scotland's catastrophic 1513 defeat at Flodden left Edinburgh bracing for an English invasion. Near the top, where the wall gives way to the later Telfer Wall extension, you can still make out the crosslet gunloops of the surviving Flodden Tower bastion. The irony: the invasion everyone feared never actually arrived, so what you're touching is a monument to a siege that was prepared for at real expense and never came.","Despite being built to keep an army out, the wall never actually faced a siege - the English invasion Scotland feared after Flodden never came - so what survives today is less a monument to a battle fought than to a capital city bracing, at real expense, for one that never arrived. These days the steps do double duty as a working film set: the TV adaptation of Ian Rankin's Rebus used a door at the top of the Vennel as the detective's fictional home, and the series One Day filmed its own Edinburgh Castle shot from the same spot.","","","https://en.wikipedia.org/wiki/Flodden_Wall","","55.946247743384966","-3.1968752087456633","","9-3.jpg","","","","","","","","",""
"Edinburgh Castle -> Petit Paris","9","Tanner's Close, West Port","history","West Port, Edinburgh","","","","You're standing where the office block Argyle House now covers a site with a genuinely dark reputation: this was Tanner's Close, the lodging house where William Burke and William Hare ran an eleven-month, sixteen-victim killing spree in 1827-28 - Scotland's most notorious murder case. Rather than robbing graves like the ""resurrectionists"" of popular imagination, they smothered lodgers and drinking companions outright and sold the fresh bodies to Robert Knox, a prominent Edinburgh anatomist paying well and asking no questions. Hare only had a foothold here because he'd moved in with, then married, Margaret Logue, the widow of the close's previous keeper - meaning the murder floor was technically a family inheritance. Hare turned King's Evidence and walked free; Burke was hanged in 1828 before tens of thousands and was publicly dissected himself soon after.","Burke's skeleton is still kept by the University of Edinburgh's Anatomical Museum, and a section of his skin was reportedly used to bind a small book, now held by Surgeons' Hall Museum - making him almost certainly the only Edinburgh murderer whose remains ended up on public display in two separate collections.","","","https://en.wikipedia.org/wiki/Burke_and_Hare_murders","","55.9468","-3.1983","","9-4.jpg","","","","","RECOVERY: draft-JSON fallback (pre-review, not confirmed post-review)","","","",""
"Edinburgh Castle -> Petit Paris","9","Beehive Inn","building","18-20 Grassmarket, Edinburgh EH1 2JU","","","","Duck under the Beehive's sign on the Grassmarket and you're standing in a building that's been taking in travellers since the 16th century, when mail coaches from the south would have stabled their horses right outside. Robert Burns reportedly stayed next door during his 1786-87 visits and watched cockfights held inside - a blood sport common in Scottish taverns of the day. Head up to the third-floor function room and you'll find the pub's oddest keepsake: the actual door of the death cell from Edinburgh's old Calton Jail. That same upstairs room is also where the Edinburgh Literary Pub Tour has kicked off every night since 1996, sending two actors and a crowd of visitors out to dramatise centuries of rivalry between Burns, Scott, Stevenson, Spark and the writers of Rebus and Harry Potter.","Upstairs, the pub keeps the actual door from a death cell at Edinburgh's old Calton Jail - a genuinely macabre keepsake tucked inside a building otherwise best known for cockfights and literary pub crawls. The Literary Pub Tour still begins in that third-floor function room before spilling out onto the Grassmarket, meaning most nights of the week this 16th-century coaching inn is quietly hosting a two-hour dramatised argument about which Edinburgh writer deserves the last word.","","","https://www.edinburghliterarypubtour.co.uk/","","55.9474899","-3.1970199","","9-5.jpg","","","","","","","","",""
"Edinburgh Castle -> Petit Paris","9","White Hart Inn","building","32-34 Grassmarket, Edinburgh EH1 2JU","","","","Parts of the building you're standing in front of date to 1516, making the White Hart a strong contender for the oldest continuously operating pub in central Edinburgh - and, by its own reckoning, the most haunted. Robert Burns stayed here in 1791, and William and Dorothy Wordsworth lodged here in 1803, but the guest list has a darker side too: Burke and Hare are said to have used the pub as a hunting ground for future victims among its regulars. Step outside and look down at the inscribed flagstone by the door - it marks where a bomb fell during a German Zeppelin raid on Edinburgh in April 1916, part of the earliest aerial attack the city ever endured. Staff and punters report more recent disturbances too: thrown bottles, pulled hair, and a figure seen in the cellar with no head.","The Zeppelin raid of 2-3 April 1916 killed 13 people and injured two dozen more across Edinburgh that night - making the bomb that fell close to the White Hart Inn's door part of the earliest aerial attack the city ever endured, a strange piece of 20th-century wartime history layered onto a pub already three centuries old. Staff and regulars have reported hair being pulled, bottles thrown by unseen hands, and a headless figure glimpsed in the cellar - stories solid enough that the pub has marketed itself as Edinburgh's most haunted since 2005.","","","https://en.wikipedia.org/wiki/Grassmarket","","55.9475383","-3.1968332","","9-6.jpg","","","","","","","","",""
"Edinburgh Castle -> Petit Paris","9","Petit Paris","building","38-40 Grassmarket, Edinburgh EH1 2JU","","","","Take a seat at one of Petit Paris's outdoor tables and you're looking straight up at Edinburgh Castle perched on its rock - one of the more dramatic backdrops for a plate of moules frites anywhere in the city. You're also sitting on ground with real history: the Grassmarket has been one of Edinburgh's main marketplaces since a royal charter in 1477, and for over a century from around 1660 it doubled as the city's execution site, where more than 100 Covenanters were hanged during the Killing Times. The restaurant itself opened in 1998 in a former branch of Pierre Victoire, the budget French bistro chain that collapsed that same year - founder Philippe Bachelet had cut his teeth working at Edinburgh's original Pierre Victoire since 1989, and his solo venture ended up outliving the very chain that trained him.","The Grassmarket has been one of Edinburgh's principal marketplaces since it was formalised by royal charter under King James III in 1477, and for more than a century from around 1660 it also served as the city's main site of public execution, where over 100 Covenanters were hanged - marked today by a cobblestone pattern and a 1937 memorial just up the square. Petit Paris itself opened its doors in 1998 inside a former Pierre Victoire storefront - the very year that budget French bistro chain, which had given owner Philippe Bachelet his start in Edinburgh restaurants back in 1989, collapsed completely.","","","https://en.wikipedia.org/wiki/Grassmarket","","55.9475508","-3.1965749","","9-petit-paris.jpg","","","","","","","","",""
"Edinburgh Castle -> Petit Paris","9","Patrick Geddes Steps","architectural_point","Castle Wynd S, Edinburgh EH1 2JT","","","","As you drop down these stone steps from Johnston Terrace toward the Grassmarket, look for a small sign partway down carrying three doves - the emblem of Patrick Geddes, the Scottish biologist-turned-town-planner these steps are named for. Geddes arrived in Edinburgh in 1884 and spent decades regenerating the Old Town's decaying tenements, most visibly a few steps up the hill at Ramsay Garden, which he redeveloped into flats between 1890 and 1893. The three doves stand for hand, heart and head - practical skill, feeling and thought - the trio Geddes believed any real work of civic improvement had to combine. At the top of these steps, a scrap of waste ground he once cleared survives today as the Johnston Terrace Wildlife Garden, still tended in his conservation-minded spirit.","A small sign partway down the steps carries Geddes's own emblem: three doves representing 'hand, heart and head' - the trio of practical skill, feeling and thought he believed any real work of civic improvement had to combine, a motto he applied everywhere from his Old Town tenement plans to his university teaching.","","","https://patrickgeddestrust.co.uk/heritage-trail/","","55.94763228592805","-3.1963630165951384","","9-8.jpg","","","","","RECOVERY: draft-JSON fallback (pre-review, not confirmed post-review)","","","",""
"Edinburgh Castle -> Petit Paris","9","Covenanters' Memorial","monument","94 Grassmarket, Edinburgh EH1 2JU","","","","At your feet here, a cross of differently coloured cobblestones set into the pavement - laid out to mark the exact shadow once cast by Edinburgh's public gallows, which stood on this spot until the 1680s. More than 100 Covenanters, Presbyterians who refused to accept the crown's authority over the Church of Scotland, were hanged here between 1661 and 1688, most during the notorious 'Killing Time.' The gallows claimed ordinary criminals too - most famously Margaret 'Half-Hangit Maggie' Dickson, hanged in 1724 for concealing a pregnancy, who survived the drop and was found alive inside her coffin en route to burial. Because Scots law held her sentence already served, she had to legally remarry her own husband - and lived for decades more under her new nickname.","The Grassmarket's gallows also claimed more ordinary criminals alongside the Covenanters - most famously Margaret 'Half-Hangit Maggie' Dickson, hanged in 1724 for concealing a pregnancy. She survived the drop and was found alive inside her coffin on the way to burial, living on for decades afterward under her new nickname. Because Scots law held that her sentence had already been carried out, the hanging had technically ended her marriage - so she had to legally remarry her own husband before resuming her life. A nearby pub still bears her name, marking the anniversary of her 'resurrection' with free beer.","","","https://www.covenanter.org.uk/grassmarket.html","","55.9478138","-3.1947594","","9-9.jpg","","","","","","","","",""
"Edinburgh Castle -> Petit Paris","9","W. Armstrong & Son (Armstrongs Vintage)","building","81-83 Grassmarket, Edinburgh EH1 2HJ","","","","This red-fronted Grassmarket shop is a business that's been trading under the same family name since 1840 - what started as a single haberdashery has grown into a small Edinburgh institution with three sister branches across the city. Rails of military surplus, kilts, ballgowns and cashmere are stacked deep enough that film and TV costume designers working in Edinburgh treat this as a first stop, alongside the everyday trade of festival-goers, students and fancy-dress shoppers working the very same racks. Locals still rate this original branch as the pick of the four, prized for its size and for nearly two centuries of stock built up on one spot.","Armstrongs' enormous stock of genuine vintage military surplus and old uniforms, built up across generations rather than bought in for effect, has made it a go-to source for film and TV costume designers working in Edinburgh - on top of its everyday trade fitting festival-goers, students and fancy-dress shoppers from the very same rails.","","","https://www.armstrongsvintage.co.uk/","","55.9476833","-3.1944475","","9-10.jpg","","","","","RECOVERY: draft-JSON fallback (pre-review, not confirmed post-review)","","","",""
"Edinburgh Castle -> Petit Paris","9","Portsburgh Stone","history","2-3 West Port, Edinburgh EH1 2JA","","","","A weathered, rounded boulder sits under a tree in the small walled garden off West Port - this is the Portsburgh Stone, and it's older than every building around you by tens of thousands of years. It's a glacial erratic, dragged here during the last Ice Age, possibly from the Corstorphine quarries across the city, though an older, more fanciful theory once claimed it was a fallen meteorite. It originally stood in Portsburgh, the burgh of barony that grew up here after 1649, before being built into a hostel's perimeter wall alongside two smaller companion stones. When that wall came down in 1905, the stone moved into the garden - and one of its two Ice-Age companions has since gone missing entirely somewhere in over a century of construction work nearby.","Of the stone's two smaller Ice-Age companions, only one survives today, still visible built into a wall of the college building nearby - the other has gone missing somewhere in more than a century of construction work since. The garden itself belongs to Edinburgh College of Art and has historically been open to the public only on Sundays, so this glacial visitor is easy to miss the rest of the week.","","","https://www.megalithic.co.uk/article.php?sid=30769","","55.9467284","-3.1979274","","9-11.jpg","","","","","RECOVERY: draft-JSON fallback (pre-review, not confirmed post-review)","","","",""
"Greyfriars Bobby -> McEwan Hall","9","Bain's Retro Sweets","building","37 Grassmarket, Edinburgh EH1 2HS","","","","Push open the door under the yellow-and-blue frontage and you're met with jars stacked to the ceiling - this family-run shop has traded on old-fashioned confectionery for over twenty years, skipping modern chocolate-bar brands entirely. Look for cola cubes, black jacks, mint crispettes and Chelsea whoppers alongside Scottish specialities like tablet, Edinburgh rock and traditional toffee tins that still come with their own little hammer. It's the homemade tablet regulars come back for specifically, and the shelves mix genuine vintage British sweets with imported American candy, making the shop as much a stop for curious tourists chasing novelty as for locals hunting down one very specific childhood favourite. It sits on a stretch of the Grassmarket that has been a trading place since medieval times.","Bain's homemade tablet is what regulars come back for specifically, and the shop's shelves mix genuine vintage British sweets with imported American candy, making it as much a stop for curious tourists as for locals chasing a specific childhood favourite.","","","https://bainsretrosweets.co.uk/","","55.9472418","-3.1961530999999996","","9-12.jpg","","","","","RECOVERY: draft-JSON fallback (pre-review, not confirmed post-review)","","","",""
"Greyfriars Bobby -> McEwan Hall","9","Hunter's Close","recurring_feature","Hunter's Close, Grassmarket, Edinburgh EH1 2AW","","","","Walk into this narrow arched close at the Grassmarket's southeast corner and you're standing where a City Guard captain was lynched by his own city. In April 1736, after the hanging of smuggler Andrew Wilson turned into a riot, Captain John Porteous ordered his men to fire on the crowd, killing six. He was convicted of murder, but a royal reprieve from Queen Caroline delayed his execution - so on the night of 7 September 1736, a mob of thousands stormed the Tolbooth, dragged him out, and marched him here. He was hauled up this close and hanged from a dyer's pole with a rope taken from a nearby draper's shop, within sight of the gallows where he'd once commanded the firing squad. Sir Walter Scott used the episode as the opening set-piece of The Heart of Midlothian, and 'Porteous Mob' became shorthand for a city administering its own justice.","The episode became so notorious that Sir Walter Scott used it as the opening set-piece of his 1818 novel The Heart of Midlothian, and the term 'Porteous Mob' entered Scottish history as shorthand for a city administering its own justice when the Crown intervened in a local execution.","","","https://en.wikipedia.org/wiki/Porteous_Riots","","55.94768205615443","-3.1945774500627677","","9-13.jpg","","","","","RECOVERY: draft-JSON fallback (pre-review, not confirmed post-review)","","","",""
"Edinburgh Castle -> Petit Paris","9","The Black Bull","building","12 Grassmarket, Edinburgh EH1 2JU","","","","Compare an old photograph of this corner from 1912 with what's standing in front of you now and you'll spot the difference: the Black Bull's building has been rebuilt at some point, even as the pub's name and location have stayed put since at least the early 20th century. Step inside and you're in one of the highest concentrations of historic pubs anywhere in Edinburgh - the Grassmarket has written trading records stretching back to around 1370. Look around the long L-shaped bar and two small mezzanine levels for memorabilia from T&J Bernard, one of several Edinburgh breweries that no longer exist - a small, deliberate way of keeping the city's lost brewing history visible inside a pub that has already survived at least one full rebuild of its own.","The pub keeps memorabilia from T&J Bernard, a brewery that no longer exists - a small, deliberate way of keeping Edinburgh's lost brewing history visible inside a pub that has itself already survived at least one full rebuild.","","","https://en.wikipedia.org/wiki/Grassmarket","","55.9473456","-3.1973631","","9-7.jpg","","","","","RECOVERY: draft-JSON fallback (pre-review, not confirmed post-review)","","","",""
"Edinburgh Castle -> Petit Paris","9","Castle Rock Hostel","building","15 Johnston Terrace, Edinburgh EH1 2PW, UK","","","","This 19th-century building on Johnston Terrace started life training Edinburgh's schoolteachers, not sheltering backpackers - it only became Castle Rock Hostel in 1997. Walk inside now and the transformation is total: pointed arches, faux tapestries, heraldic shields and suits of armour line the stairs, all within sight of the Castle esplanade just above. Around 40,000 overnight guests pass through every year, and a major renovation added a dramatic new staircase to open up extra rooms in the attic while keeping the historic exterior untouched. It's an odd afterlife for a Victorian teacher-training college: adults-only backpacker branding and Hogwarts-style suits of armour where trainee teachers once sat lectures.","A building that once trained Edinburgh's schoolteachers now markets itself as adults-only backpacker lodging, with suits of armour on the stairs giving it a look regulars compare to a hippy Hogwarts. It now hosts around 40,000 overnight guests a year and underwent a major renovation that added a dramatic new staircase to open up extra accommodation in the attic, while keeping the historic exterior intact.","","","","","55.948253","-3.1959601","","9-14.jpg","","","","","","","","",""
"Edinburgh Castle -> Petit Paris","9","St Columba's by the Castle","church","14 Johnston Terrace, Edinburgh EH1 2PW, UK","","","","Run your eye over the stonework of this Gothic church and you're looking at recycled royalty: much of it was quarried from the demolished palace of Mary of Guise, the 16th-century queen regent who ruled Scotland on behalf of her daughter, Mary, Queen of Scots, from 1554 until her death in 1560. The church itself went up in 1846-47 to designs by architect John Henderson, its layout shaped by the reforming ideas of the Oxford Movement within the Scottish Episcopal Church, and a day school beneath it once educated up to 200 local children. Look toward the east end and you'll find a striking mural of 'Christ Enthroned' by artist John Busby, installed in 1959 to fill a window that had sat blocked up for decades.","Much of the stone in these walls was quarried from the ruins of the palace of Mary of Guise, Scotland's 16th-century queen regent and mother of Mary, Queen of Scots - a royal residence quite literally recycled into a 19th-century Episcopalian church. The church's east window, blocked up for decades, was eventually filled in 1959 with a striking mural of 'Christ Enthroned' by artist John Busby.","","","https://en.wikipedia.org/wiki/St_Columba%27s-by-the-Castle","","55.9483107","-3.1954658","","9-15.jpg","","","","","","","","",""
"Edinburgh Castle -> Petit Paris","9","Fiddler's Arms","pub","9-11 Grassmarket, Edinburgh EH1 2HY, UK","","","","Settle in at the Fiddler's Arms and you're at the western end of a square that, right up until 1911, hosted Edinburgh's weekly horse and cattle market for close to 500 years - meaning this stretch of pavement was still ankle-deep in livestock trade barely a lifetime before today's regulars started ordering pints. The Old Town's wholesale trade once ran right past the pub's door too, through the neighbouring West Bow, where merchants dealt in iron, pitch, tar and hemp bound for warehouses down in Leith. True to its name, the pub still leans into a folk-music identity, with regular traditional Scottish sessions live every weekend - a nod to a Grassmarket long associated with market traders, drovers and travelling entertainers.","The Grassmarket outside its door hosted Edinburgh's weekly horse and cattle market for close to 500 years, right up until 1911 - so this stretch of pavement was still busy with livestock trade barely a lifetime before the pub's regulars started ordering pints instead. True to its name, the pub still leans into a folk-music identity, with regular traditional Scottish sessions - a nod to a Grassmarket long associated with market traders, drovers, and travelling entertainers.","","","https://en.wikipedia.org/wiki/Grassmarket","","55.9468967","-3.1978381","","9-16.jpg","","","","","","","","",""
"Edinburgh Castle -> Petit Paris","9","West Port Garden","park","2-3 West Port, Edinburgh EH1 2JA, UK","","","","Climb the terraced paths of this steep little garden and you're walking through a design nearly overlooked in the history books: West Port Garden was created in 1909 by town planner Patrick Geddes, but the actual layout - terraces carved into the slope between West Port and the College of Art - was the work of his daughter Norah, a professional landscape gardener in her own right at a time when few women held that title. It opened in June 1910 as one of several small green spaces Geddes carved into the crowded Old Town specifically so slum children could experience nature firsthand. Over a century later it's still community-run, now overseen by the Grassmarket Residents Association, hosting local people doing therapeutic gardening and growing their own food.","The garden's terraced layout was designed not by Patrick Geddes himself but by his daughter Norah, a professional landscape gardener in her own right at a time when few women held that title. Over a century later it's still community-run, now overseen by the Grassmarket Residents Association, and continues to host local people doing therapeutic gardening and growing their own food.","","","https://en.wikipedia.org/wiki/Norah_Geddes","","55.9467284","-3.1979274","","9-17.jpg","","","","","","","","",""
"Edinburgh Castle -> Petit Paris","9","Portsburgh Square","building","Portsburgh Sq, Edinburgh, UK","","","","From the middle of this square, the volcanic crag of Castle Rock rises almost directly overhead, one of the most dramatic close-up views of Edinburgh Castle anywhere in the city. The balconied, pastel-painted tenement blocks around you are mid-20th-century social housing, built on falling ground directly beneath the castle's sheer face. The square takes its name from the old Burgh of Portsburgh, an independent burgh that grew up outside Edinburgh's city walls near the West Port before being absorbed into the city in the 19th century - meaning the ground under your feet only became properly 'Edinburgh' relatively recently.","Standing in the square gives one of the most dramatic close-up views of Edinburgh Castle anywhere in the city, with the volcanic crag rising almost directly overhead.","","","","","55.9466908","-3.198872","","9-18.jpg","","","","","RECOVERY: draft-JSON fallback (pre-review, not confirmed post-review)","","","",""
"Edinburgh Castle -> Petit Paris","9","Salvation Army Womens Hostel","building","2 West Port, Edinburgh EH1 2JA, UK","","","","Carved lettering still runs across this building's facade - 'THE SALVATION ARMY WOMENS HOSTEL' - spelling out exactly what this Art Nouveau-detailed building did for over a century after its foundation stone was laid in February 1911: shelter homeless and vulnerable women. It was designed by Glasgow architect John Hamilton, and its red sandstone makes it a stylistic outlier here in the Old Town, where most Edinburgh tenements favour paler, native stone. The building has since been converted into backpacker accommodation, now trading as Kick Ass Hostels, though the original carved signage stays put above the door - a visible reminder of what the building was built to do, left in place on top of what it's used for now.","The building's architect, John Hamilton, and its red sandstone were both imported from Glasgow rather than local to Edinburgh, making it a stylistic outlier among the Old Town's paler native-stone tenements. It has since been converted into backpacker accommodation, now trading as Kick Ass Hostels, though its original carved signage remains as a visible reminder of over a century of sheltering the city's most vulnerable residents.","","","https://portal.historicenvironment.scot/apex/f?p=1505%3A300%3A%3A%3A%3A%3AVIEWTYPE%2CVIEWREF%3Adesignation%2CLB30196","","55.9467456","-3.1977081","","9-19.jpg","","","","","","","","",""
"Edinburgh Castle -> Petit Paris","9","Granny's Green Steps","street","Granny's Green Steps, Edinburgh, UK","","","","Climb these steps from the Grassmarket up to Johnston Terrace and you're walking through what was once a communal drying green, nicknamed 'Granny's Green' - used in the 19th century by the wives of soldiers from the Castle's married quarters to hang out their washing. Nobody now knows for certain who 'Granny' was; some think the name should actually read 'Granny Green's Steps,' after one specific resident, rather than a generic grandmother. Despite the old-fashioned name, the steps underfoot are a modern addition, rebuilt in 2001 - and a stretch of the old Flodden Wall still runs alongside them, two very different pieces of Old Town history sharing the same stairwell.","Nobody now knows for certain who 'Granny' was - some think the sign should actually read 'Granny Green's Steps', after a specific named resident, rather than a generic grandmother. A stretch of the old defensive Flodden Wall still runs right alongside the steps - two very different pieces of Old Town history, a 16th-century city wall and a 19th-century washing green, sharing the same stairwell.","","","https://www.edinburghguide.com/venue/grannysgreensteps","","55.947297640169936","-3.197883269869366","","9-20.jpg","","","","","","","","",""
"Edinburgh Castle -> Petit Paris","9","Grassmarket","history","Grassmarket, Edinburgh","","","","This long, flat hollow beneath the Castle rock has been a marketplace since 1477, when a weekly market for hay, cattle and grain was first licensed here - a trade that carried on, remarkably, until 1911. But it's better known today for what happened at its east end: from 1660 until the last hanging in 1784, this was Edinburgh's public execution ground, watched by crowds that could number in the thousands.","More than 100 Covenanters were hanged here during the 'Killing Time' of the 1660s-80s for refusing to accept the Crown's authority over the Church of Scotland - the same conflict remembered at the Covenanters' Memorial further along this square.","The name just describes what the square's western end was actually used for: grassy pens where livestock were kept and fed before sale, distinct from the paved eastern end where the gallows and the crowds stood.","In 1736, this square was the stage for the Porteous Riots: after Captain John Porteous ordered the City Guard to fire on a crowd here, killing several bystanders, and was then controversially reprieved by the Crown, a mob dragged him from the Tolbooth and lynched him on this very spot - one of 18th-century Britain's most notorious outbreaks of mob justice.","https://en.wikipedia.org/wiki/Grassmarket","","55.9469","-3.1955","","9-21.jpg","","","","","","","","",""
"Petit Paris -> Edinburgh Central Library","10","The Last Drop","building","74-78 Grassmarket, Edinburgh EH1 2JR","","","","The pub sign swinging over the Grassmarket carries a joke with real teeth: 'The Last Drop' means the hangman's noose, not the whisky. For over a century a gallows stood right where you're standing, and public hangings ran here from 1660 until 4 February 1784, when James Andrews became the last man executed on the site. Step inside and the walls themselves are built from 17th-century stone salvaged from the tenements that once crowded this square - the same stone that watched the drops fall. Order a pint here and you're drinking, quite literally, where condemned prisoners once had theirs.","The cobblestone pattern outside marking the actual gallows site, and the nearby Covenanters' Memorial, sit only steps from the pub door - a grim namesake for a pub called The Last Drop. Staff and regulars report a small girl in old-fashioned, medieval-style clothing haunting the cellar and bar, a strangely gentle ghost for a building named after mass public execution.","","","https://www.higgypop.com/hauntings/the-last-drop-tavern/","","55.9478572","-3.1952767","","10-1.jpg","","","","","","","","",""
"Petit Paris -> Edinburgh Central Library","10","Maggie Dicksons","building","92 Grassmarket, Edinburgh EH1 2JR","","","","Push open the door of Maggie Dickson's and the first thing you'll likely meet is a skeleton locked in the stocks - a wink at the woman the pub is named for. Margaret 'Maggie' Dickson was hanged in the Grassmarket on 2 September 1724 for concealing the death of her newborn son. Her coffin was carted off toward burial in Musselburgh, but when the driver stopped for lunch along the way, he found Maggie very much alive inside it. Scots law barred a second attempt at a sentence already carried out, so 'Half-Hangit Maggie' walked free - and, by local legend, went on to live for decades afterwards, eventually running a pub of her own on this same stretch of the Grassmarket.","The pub stands just metres from the Covenanters' Memorial marking Grassmarket's old execution ground, meaning Maggie's own brush with the noose happened almost exactly where her namesake pub now pours pints.","","","https://www.edinburghexpert.com/blog/edinburghs-local-heroes-hauf-hangit-maggie-dickson","","55.9479232","-3.1950715","","10-2.jpg","","","","","RECOVERY: draft-JSON fallback (pre-review, not confirmed post-review)","","","",""
"Petit Paris -> Edinburgh Central Library","10","Candlemaker Row","history","Candlemaker Row, Edinburgh","","","","Walking Candlemaker Row, you'll spot a weathered stone panel above the door at No. 36, carved with a coat of arms and the date 1722. Candlemaking was banished here from the Old Town's cramped closes after a fire in a candle workshop killed the Deacon of the Bonnetmakers' Guild, and the tradesmen built this hall on what was then open ground near the old town wall, well clear of the tinder-dry tenements above. It's the sole guild hall left standing anywhere in Edinburgh out of the city's many historic craft incorporations - a plain, sturdy survivor from a trade whose entire business was keeping the city's nights lit before gas or electricity existed.","The doorway's carved motto, 'Omnia manifesta luce' - 'all things are revealed by light' - was a fitting boast for tradesmen who lit Edinburgh's nights before gas or electric lighting ever existed.","","","https://edinburghtrades.co.uk/trades/candlemakers/","","55.9473662","-3.1919468","","10-3.jpg","","","","","RECOVERY: draft-JSON fallback (pre-review, not confirmed post-review)","","","",""
"Petit Paris -> Edinburgh Central Library","10","The Elephant House","building","21 George IV Bridge, Edinburgh EH1 1EN","","","","Take a seat by the back window of the Elephant House and you're looking at roughly the same view J.K. Rowling had while writing parts of the early Harry Potter novels here in the 1990s - a sweep across Greyfriars Kirkyard, drawn in by cheap coffee and long communal tables. The cafe you're sitting in now isn't quite the original: a fire that tore through a neighbouring property in August 2021 gutted the building and forced a rebuild that dragged on for more than four years, before the Elephant House finally reopened its doors on 29 December 2025 - reportedly with Rowling's own salvaged writing table back in place.","From that rear window, Rowling could see across the kirkyard to a real gravestone for one Thomas Riddell - long claimed by fans as the inspiration for Voldemort's birth name, Tom Riddle, though Rowling has never fully confirmed the link. Fans still hunt out the grave in Greyfriars Kirkyard today.","","","https://www.edinburghnews.scotsman.com/news/elephant-house-cafe-edinburgh-reopens-harry-potter-5457135","","55.9475928","-3.1917871","","10-4.jpg","","","","","RECOVERY: draft-JSON fallback (pre-review, not confirmed post-review)","","","",""
"Petit Paris -> Edinburgh Central Library","10","George IV Bridge","architectural_point","George IV Bridge, Edinburgh","","","","From George IV Bridge, glancing down between the buildings, you'll catch just how high above the ground you really are - most of this street is a bridge in disguise. Architect Thomas Hamilton laid its foundation stone on 15 August 1827 to carry a new road from the Old Town's South Side over the Cowgate valley up to the Lawnmarket. Funding rows and disputes with the Edinburgh Improvement Commissioners dragged the build out for nearly a decade - Hamilton himself quit the project in 1834 - and the bridge wasn't finished until 1836. Underneath the shops, tenements and even a festival venue you're walking past sit nine semicircular stone arches; only two are still visible from outside.","Building the bridge meant demolishing two historic streets outright, including Libberton's Wynd, which took with it John Dowie's Tavern - a tiny 18th-century howff where Robert Burns was a regular, favouring its smallest snug, nicknamed 'the coffin', which sat only four or six people at a squeeze.","","","https://en.wikipedia.org/wiki/George_IV_Bridge","","55.9477608","-3.1916724","","10-5.jpg","","","","","RECOVERY: draft-JSON fallback (pre-review, not confirmed post-review)","","","",""
"Petit Paris -> Edinburgh Central Library","10","National Library of Scotland","building","57 George IV Bridge, Edinburgh EH1 1EW","","","","The grand stone facade of the National Library of Scotland fronts a project part-funded by biscuits. The library's roots go back to the Advocates Library, founded in the early 1680s, which won the right to a free copy of every book published in Britain under the Copyright Act of 1710. It only became a national institution in 1925, backed by a £100,000 endowment from Sir Alexander Grant - the man behind McVitie's biscuits - who later gave a further £100,000 toward this purpose-built home. Architect Reginald Fairlie's design began construction in the late 1930s, but wartime delays halted work for years; the building didn't fully open until 1956.","By law the library is still entitled to a copy of virtually everything published in the UK and Ireland, in print or online - legal deposit has grown its holdings to somewhere around 30 million items, one of the largest research collections in Europe.","","","https://en.wikipedia.org/wiki/National_Library_of_Scotland","","55.948559291504814","-3.191981687987182","","10-6.jpg","","","","","RECOVERY: draft-JSON fallback (pre-review, not confirmed post-review)","","","",""
"Petit Paris -> Edinburgh Central Library","10","Edinburgh Central Library","building","7-9 George IV Bridge, Edinburgh EH1 1EG","","","","Above the entrance of Edinburgh Central Library is Andrew Carnegie's personal motto carved into the stone: 'Let there be Light.' Carnegie insisted on those words above every library he funded, and this one only exists because he doubled his original £25,000 offer to £50,000 after being shown the site. Designed by George Washington Browne in an ornate French Renaissance style, the building actually drops away below street level, with further storeys descending through the gorge toward the Cowgate. Look for the carved stone lintel built into the wall, inscribed 'TECUM HABITA 1616' - salvaged from Sir Thomas Hope's townhouse, which stood on this spot three centuries before the library did.","Carnegie wasn't even present when Lord Rosebery officially opened the building on 9 June 1890 - a telegram from Carnegie was read out instead, hoping 'that this Library is to grow in usefulness year after year.' Edinburgh is still the only local authority in the UK that classifies its adult library collection using the Library of Congress system rather than Dewey Decimal.","","","https://en.wikipedia.org/wiki/Central_Library,_Edinburgh","","55.94832710628028","-3.192273248342381","","10-7.jpg","","","","","","","","",""
"Petit Paris -> Edinburgh Central Library","10","Victoria Street","architectural_point","Victoria Street, Edinburgh","","","","Victoria Street's single curling bow of rainbow shopfronts is one of the most photographed streets in Scotland - though it started life as something much uglier. This was the West Bow, a notoriously crooked, dangerous medieval route linking the Grassmarket to the Royal Mile, until architect Thomas Hamilton swept much of it away between 1827 and 1834 as part of Edinburgh's Improvement Act works. Renamed in 1837 to mark Queen Victoria's accession, the street's two-tier design left an upper walkway, Victoria Terrace, running along its northern side above the shops you're browsing now.","Its older name carries darker history: in 1670 the respected soldier Major Thomas Weir confessed on his deathbed to decades of black magic, incest and worse, and was burned at the stake as the self-styled 'Wizard of the West Bow'. Centuries later the street is widely credited, if unofficially, as an inspiration for Diagon Alley - J.K. Rowling worked for years at the Elephant House on George IV Bridge, a few minutes' walk from its top end, and would have passed this way often.","","","https://en.wikipedia.org/wiki/Victoria_Street,_Edinburgh","","55.94866572318134","-3.1933099422371303","","10-8.jpg","","","","","","","","",""
"Petit Paris -> Edinburgh Central Library","10","The Red Door Gallery","gallery","42 Victoria Street, Edinburgh EH1 2JW","","","","Spot the scarlet doorway at number 42 and you've found one of the shopfronts most responsible for Victoria Street's rainbow reputation: the Red Door Gallery. Inside, contemporary screenprints and giclee art prints share shelf space with designer jewellery, enamel pins, knitwear and handmade greetings cards from around 150 UK and Scottish artists - independent, small-run work rather than mass-produced tourist stock. It's one of dozens of small, owner-run shops that have filled Victoria Street's curved Georgian frontages since the street's 1830s construction, keeping independent retail alive on one of the most photographed streets in the country.","The gallery is open all seven days of the week, year-round - a rarity among small independent Old Town shops, and a sign of just how much passing footfall Victoria Street's photogenic curve now draws.","","","https://www.edinburghart.com/","","55.9484117","-3.1945583","","10-9.jpg","","","","","RECOVERY: draft-JSON fallback (pre-review, not confirmed post-review)","","","",""
"Petit Paris -> Edinburgh Central Library","10","Victoria Terrace","architectural_point","Victoria Terrace, Edinburgh","","","","Climb the narrow flight of steps just off Victoria Street and you'll come out onto Victoria Terrace, an iron-railed balcony walkway laid along the rooftops of the shops below. Lean on the railing and the view runs straight down over Victoria Street's curved, candy-coloured shopfronts to the Grassmarket, and up the other way to Edinburgh Castle on its rock. This is the surviving upper deck of Thomas Hamilton's 1827-34 rebuilding of the old West Bow - the same trick he pulled off a few streets over with George IV Bridge: a street built up on hidden lower levels, so what looks like solid ground beneath your feet is really a bridge or terrace over the buildings and streets below.","It's one of the few places in the Old Town where you can look straight down onto a whole street from a walkway built directly above its shops.","","","https://ewh.org.uk/victoria-street/","","55.9486764","-3.1940572","","10-10.jpg","","","","","RECOVERY: draft-JSON fallback (pre-review, not confirmed post-review)","","","",""
"Petit Paris -> Edinburgh Central Library","10","The Oz Bar","building","33 Candlemaker Row, Edinburgh EH1 2QG","","","","Push through the ramshackle tin awning on Candlemaker Row and you'll trade Old Town stone for corrugated iron and outback-shed kitsch: the Oz Bar has given Edinburgh's Australian community and expats a home-away-from-home since 1997. Shelves inside are cluttered with football jumpers, beach postcards and assorted Australian curios, and screens run Aussie Rules and rugby league fixtures live most nights, alongside proper Australian pub food and beer on tap. It's outlasted most of the other Australian-themed bars that have come and gone in the city over the years.","Candlemaker Row itself takes its name from the 17th-century candlemakers' guild that worked this stretch of the Old Town, making the Oz Bar's very Australian theme sit on one of the more purely Scottish trade-guild streets in the city.","","","","","55.947508","-3.192091","","10-12.jpg","","","","","RECOVERY: draft-JSON fallback (pre-review, not confirmed post-review)","","","",""
"Petit Paris -> Edinburgh Central Library","10","West Bow Well","monument","94/1 West Bow, Edinburgh EH1 2HH","","","","The carved stone wellhead at the foot of Victoria Street is Edinburgh's very first public wellhead, erected in 1674 by master mason Robert Mylne. Water carried down from reservoirs fed by springs in the Pentland Hills arrived here first, and this became the start of the line for the city's water caddies - workers who queued at this exact spot to fill their kegs before hauling water door to door through the tenements above the Grassmarket. A semi-circular drinking basin sits below a 19th-century Edinburgh coat of arms on one face, with a smaller ornamental basin and heraldic panel on the others.","A small iron door on the well still carries its original inscription: 'The West-Bow Well erected by the Town Council 1674. Repaired & altered by Richardson Brothers, merchants, West Bow, 1861.' Above the coat of arms runs the Latin motto 'Nisi Dominus Frustra' - 'without God, everything fails' - the same words that still appear on Edinburgh's own civic coat of arms today.","","","https://en.wikipedia.org/wiki/West_Bow","","55.9479906","-3.1944767","","10-13.jpg","","","","","","","","",""
"Petit Paris -> Edinburgh Central Library","10","Museum Context","building","40 Victoria Street, Edinburgh EH1 2JW","","","","Museum Context on Victoria Street holds two histories stacked on top of each other. For more than 130 years, from 1873 until 2004, this building housed Robert Cresser's brush shop, a Victorian ironmonger-style store crammed with brooms and brushes hanging from the ceiling and stuffed onto shelves, so cluttered and Dickensian that people travelled from across the UK just to see it. Today it's one of the city's best-known officially licensed Harry Potter shops, three floors of wands, house scarves and robes - but the original Victorian wooden fittings survive largely intact behind the modern merchandise, giving the warren of small rooms an uncannily Ollivanders-like feel that long predates any Potter theme.","The top floor has a free photo spot with props and house robes, including a mirror etched with the 'Chamber of Secrets' inscription - playing up the wider theory that this curving street, a short walk from where J.K. Rowling wrote much of the early books, inspired Diagon Alley itself.","","","https://museumcontext.com/","","55.9485248","-3.1945349999999997","","10-14.jpg","","","","","RECOVERY: draft-JSON fallback (pre-review, not confirmed post-review)","","","",""
"Petit Paris -> Edinburgh Central Library","10","The Enchanted Galaxy","building","1 Victoria Street, Edinburgh EH1 2HH","","","","The shop at the top of Victoria Street didn't get its name easily. Run by the Gold brothers, it originally opened as 'The Boy Wizard' - a name Warner Bros. objected to as trading too directly on Harry Potter trademarks, pursuing the dispute through the High Court. A rebrand to 'The Great Wizard' ran straight into the same legal trouble, so the owners eventually settled on 'The Enchanted Galaxy', blending magical and sci-fi themes broadly enough to sidestep further disputes while still selling largely Potter-themed merchandise alongside Star Wars, Marvel and other franchise collectibles. Step inside and the bright, clean layout is a deliberate contrast with its rival down the hill.","Where Museum Context leans into cramped, cluttered Victorian atmosphere, The Enchanted Galaxy goes the opposite way - reviewers have compared its layout to 'an Apple Store', making the two competing shops, barely 150 metres apart, a study in opposite ways of selling the same theme.","","","https://www.scottishlegal.com/articles/company-behind-edinburgh-harry-potter-shop-faces-legal-action","","55.948487199999995","-3.1940841","","10-15.jpg","","","","","RECOVERY: draft-JSON fallback (pre-review, not confirmed post-review)","","","",""
"Petit Paris -> Edinburgh Central Library","10","Bertie's Proper Fish & Chips","building","9 Victoria Street, Edinburgh EH1 2HE","","","","Inside Bertie's, the ceiling soars three storeys above your plate of battered haddock - because you're eating inside a former church. The building, once the site of St John's church and then the Khushi's Indian restaurant, had sat empty for a decade after Khushi's was gutted by fire in December 2008. In 2018 the Vittoria Group - the Crolla family's Edinburgh restaurant business - spent £3 million converting it into a three-floor, 300-seat fish and chip restaurant, naming it for Alberto 'Bertie' Crolla, the group's founder.","The building's church origins are still legible in its bones - tall arched windows and a soaring nave-like interior - giving diners eating double-cooked chips a dining room shaped like a place of worship.","","","https://www.bertiesfishandchips.com/","","55.9485878","-3.1936562","","10-16.jpg","","","","","RECOVERY: draft-JSON fallback (pre-review, not confirmed post-review)","","","",""
"Petit Paris -> Edinburgh Central Library","10","Finnegan's Wake","building","9B Victoria Street, Edinburgh EH1 2HE","","","","Inside Finnegan's Wake is a large circular bar ringed by wood-panelled booths, with a raised corner stage where bands still play live Irish music most nights. Victoria Street's Irish pub since 1994, it took over the premises of a live-music venue called the Preservation Hall and simply kept the tradition of nightly bands going. Its name borrows from James Joyce's dense, unfinished-feeling final novel, itself named after an old Irish-American comic ballad about a hod-carrier who wakes up mid-funeral - a playful literary joke for a pub sitting almost next door to a converted church turned chip shop.","The pub sits at 9B Victoria Street, immediately beside Bertie's Fish & Chips at number 9 - two very different institutions sharing practically the same doorway on the street's lower curve.","","","https://www.finnegans-wake.co.uk/","","55.948593599999995","-3.1935550999999998","","10-17.jpg","","","","","RECOVERY: draft-JSON fallback (pre-review, not confirmed post-review)","","","",""
"Petit Paris -> Edinburgh Central Library","10","John Kay's Shop","building","8 Victoria Street, Edinburgh EH1 2HG","","","","The small green-fronted shop at the top of Victoria Street sells prints, postcards and Scottish mementos, and takes its name from a barber who gave up cutting hair to draw. John Kay (1742-1826) worked as an Old Town barber until his sketching hobby overtook his trade; by 1785 he had opened a print shop of his own in Parliament Close, producing etched caricatures of the city's great and ordinary figures alike. Over almost 900 plates between 1784 and 1822, he documented everyone from Enlightenment intellectuals to street vendors, most sketched from nothing more than a passing glance - leaving one of the richest visual records of Georgian Edinburgh life.","The modern shop is a separate business, incorporated in 2017, rather than a surviving continuation of Kay's own print shop, which stood roughly half a mile away in Parliament Close - but its stock of prints, maps and Scottish curiosities makes the name a fitting tribute rather than a coincidence.","","","https://en.wikipedia.org/wiki/John_Kay_(caricaturist)","","55.9488182","-3.1931198","","10-18.jpg","","","","","RECOVERY: draft-JSON fallback (pre-review, not confirmed post-review)","","","",""
"Petit Paris -> Edinburgh Central Library","10","India Buildings","architectural_point","India Buildings, Victoria Street, Edinburgh EH1 2EX","","","","Inside India Buildings, a domed rotunda ringed by balconies opens overhead inside what looks, from the curved street outside, like just another four-storey Scots Baronial office block. Built between 1864 and 1866 to designs by architect David Cousin, its name was likely borrowed from a Liverpool office block of the 1830s, itself named by merchants celebrating the end of the East India Company's monopoly on trade with India. It originally housed serious institutional tenants, including the British Linen Bank, projecting financial weight onto a street otherwise defined by small shops and closes.","In January 1906, Indian independence activist Pandurang Mahadev Bapat read an essay on British rule in India here to an Independent Labour Party meeting - a talk that cost him his government scholarship and pushed him toward the radical movements that took him back to India in 1908 as a freedom fighter.","","","https://curiousedinburgh.org/2018/04/24/india-buildings-victoria-street/","","55.9485557","-3.1930061999999997","","10-19.jpg","","","","","RECOVERY: draft-JSON fallback (pre-review, not confirmed post-review)","","","",""
"Petit Paris -> Edinburgh Central Library","10","George IV Bar","building","54 George IV Bridge, Edinburgh EH1 1EJ","","","","Duck into the George IV Bar midway along the bridge and you'll find a quieter, more locals-oriented alternative to the tourist-heavy pubs down in the Grassmarket - a traditional Scottish public house with a genuinely serious whisky selection of over 100 malts and blends, plus regular live music. You're standing on a street that isn't quite what it looks like: George IV Bridge was built in 1829-32 to carry traffic clear over the Cowgate far below, connecting the Old Town's South Side to the New Town.","Building the bridge meant demolishing two older Old Town streets, Old Bank Close and Libberton's Wynd - meaning the ground beneath the bar's foundations covers what was once part of a completely different, now-vanished street layout.","","","https://www.georgeivbar.com/","","55.948055599999996","-3.1916667","","10-20.jpg","","","","","RECOVERY: draft-JSON fallback (pre-review, not confirmed post-review)","","","",""
"Petit Paris -> Edinburgh Central Library","10","Augustine United Church","religious_building","41 George IV Bridge, Edinburgh EH1 1EL","","","","The tiered, ornamental tower on George IV Bridge explains its long-running nickname: the 'bride's-cake' tower, so called for its layered, iced-looking profile. Augustine United Church's congregation traces back to 1802, when Reverend John Aikman founded a church nearby - on what's now the site of the National Museum of Scotland - out of Edinburgh's radical Reformation tradition. The current building, put up between 1857 and 1861 by architects J J & W H Hay, blends Romanesque, Renaissance and Classical detailing, its restored tower still the street's most distinctive silhouette.","The congregation's roots lie in one of Edinburgh's most deprived districts, where working families and their livestock once lived crowded beneath the wealthy merchants and academics of the Royal Mile above - a history the church still cites as the root of its long-running social and community engagement.","","","https://www.augustine.org.uk/","","55.9476537","-3.191398","","10-21.jpg","","","","","RECOVERY: draft-JSON fallback (pre-review, not confirmed post-review)","","","",""
"Petit Paris -> Edinburgh Central Library","10","Frankenstein & Bier Keller","building","26 George IV Bridge, Edinburgh EH1 1EN","","","","The pointed arches and spires above the bar belong to a genuine former place of worship: this Gothic building on George IV Bridge was built in 1859 as an Elim Pentecostal church, and sat abandoned for years after the congregation moved on before its current owners took it over. Upstairs, the horror-themed main bar leans hard into its own name with Frankenstein's-monster decor - complete with a mechanical 'birth' of the Monster that plays out every hour - inside that real Gothic stone shell. Head downstairs and the mood flips entirely: the Bier Keller recreates a Bavarian beer hall, with long communal wooden benches and a live oompah band on regular nights.","The building is a Category A listed structure, meaning the pointed arches and spires you see today are the real thing - a genuine former church reused as horror-themed nightlife, not a purpose-built pastiche.","","","https://frankensteinedinburgh.co.uk/","","55.9473865","-3.191645","","10-22.jpg","","","","","RECOVERY: draft-JSON fallback (pre-review, not confirmed post-review)","","","",""
"Petit Paris -> Edinburgh Central Library","10","Edinburgh Sheriff Court","building","Chambers Street, Edinburgh EH1 1LB","","","","The ornate iron gateway and postbox-style enquiry point at the entrance are a small formal touch from an era when court buildings were built to visibly project authority to everyone passing on the street. Sheriff court business in Edinburgh has moved through several homes over the centuries: an 1816 county hall on the corner of Lawnmarket and George IV Bridge, then a purpose-built Renaissance Revival courthouse designed by David Bryce and completed in 1868, before hearings eventually relocated to this Chambers Street building. The office of procurator fiscal that prosecutes cases through this court traces back even further, with the earliest documented references in Scottish records dating to the 1550s.","The Sheriff Court and the adjoining Justice of the Peace Court still share that same gateway - a small architectural detail linking two branches of Scottish justice that both trace back centuries before either building existed.","","","","","55.9479192","-3.1907488","","10-23.jpg","","","","","RECOVERY: draft-JSON fallback (pre-review, not confirmed post-review)","","","",""
"Petit Paris -> Edinburgh Central Library","10","Crown Office","building","25 Chambers Street, Edinburgh EH1 1LA","","","","The Crown Office's imposing 268-foot Renaissance facade on Chambers Street, borrowing details from a French chateau, belongs to a building that started life as a college, not a prosecutor's office. Built from 1872-74 to designs by David Rhind (with David Cousin and John Lessels), it was originally the Watt Institution and School of Arts, which in 1885 merged with the centuries-old George Heriot's Trust to become Heriot-Watt College - the direct ancestor of today's Heriot-Watt University. The facade was designed to give a technical college the civic gravity of a bank or courthouse, gravity the building has kept ever since, just in service of a different institution: the headquarters of the body that investigates and prosecutes crime across all of Scotland.","Heriot-Watt University's own roots run through this one Chambers Street address before the college eventually outgrew it and moved to its present Riccarton campus - meaning Scotland's chief prosecuting authority now works out of what was, in effect, an early ancestor of a modern Scottish university.","","","https://britishlistedbuildings.co.uk/200365358-25-chambers-street-crown-office-former-heriot-watt-university-edinburgh","","55.947547","-3.1900548","","10-24.jpg","","","","","RECOVERY: draft-JSON fallback (pre-review, not confirmed post-review)","","","",""
"Petit Paris -> Edinburgh Central Library","10","Victoria Street's Cobbles","recurring_feature","Victoria Street, Edinburgh EH1 2JW","","","","At your feet on Victoria Street are setts, not cobbles - roughly cut rectangular granite blocks bedded into sand and gravel, a paving technique once universal across the Old Town. Streets were paved this way from the 18th century onward because granite setts were durable enough to survive horse-drawn cart traffic and could be re-laid individually when damaged, unlike a continuous surface. Most of Edinburgh's other streets have long since been resurfaced in tarmac for modern traffic, making this curving run of setts - visibly worn smooth by two centuries of footfall and cartwheels - one of the best-preserved and most photographed stretches of historic paving left in the city.","The double yellow lines painted directly onto the historic setts are a small, constant tension point for conservation bodies - modern traffic regulation applied directly on top of 19th-century stonework, on a street that's otherwise treated as one of Edinburgh's most protected historic assets.","","","","","55.94824710529735","-3.1945852837765254","","10-25.jpg","","","","","RECOVERY: draft-JSON fallback (pre-review, not confirmed post-review)","","","",""
"Petit Paris -> Edinburgh Central Library","10","Quaker Meeting House","building","7 Victoria Terrace, above, Victoria St, Edinburgh EH1 2JL, UK","","","","This Italian Gothic building on Victoria Terrace has changed hands, and purposes, more than once. Built in 1865-66 as a chapel for the United Original Secession Church, it was sold in 1956 to the Boys' Brigade, who had it remodelled by Basil Spence Architects and used it as their Edinburgh Battalion headquarters, known as Kirk House. The Religious Society of Friends converted it into Edinburgh's Quaker Meeting House in 1987, finally giving the city's Quaker community - which had first formed a small central Edinburgh meeting back in 1924 - a permanent, fully accessible home.","Before settling here, Edinburgh's Central Meeting spent almost fifty years, from 1938 to 1987, gathering in a building on Stafford Street in the New Town.","","","https://en.wikipedia.org/wiki/Quaker_Meeting_House,_Edinburgh","","55.9487722","-3.1936878","","10-26.jpg","","","","","RECOVERY: draft-JSON fallback (pre-review, not confirmed post-review)","","","",""
"Petit Paris -> Edinburgh Central Library","10","Chambers Street","history","Chambers Street, Edinburgh","","","","This whole street didn't exist before 1871 - it was cut straight through a warren of slum housing under the Edinburgh Improvement Act of 1867, the same clearance that swept away three entire 18th-century squares nearby. It's named after the man who pushed the Act through: publisher and Lord Provost William Chambers, of the Chambers's dictionary and encyclopaedia firm, who used his position to remake this whole corner of the Old Town around a single grand purpose - housing Scotland's national museum.","The museum's foundation stone was laid on 23 October 1861, in a ceremony that turned out to be Prince Albert's very last public appearance - he died less than two months later, making this one of the final things he ever did in public life.","William Chambers rose from a small bookshop in Peebles to build one of the 19th century's biggest reference-book publishing empires with his brother Robert, and poured his fortune and his final years as Lord Provost into rebuilding this district. He died in 1883, the same decade his namesake street's grand museum buildings were finally completed.","","https://en.wikipedia.org/wiki/Chambers_Street,_Edinburgh","","55.9478","-3.1912","","10-27.jpg","","","","","","","","",""
"Edinburgh Central Library -> Greyfriars Bobby","11","Greyfriars Hall","building","2 Cowgate, Edinburgh EH1 1JR","","","","Passing along the Cowgate, a Gothic tower with pointed windows breaks the skyline where you'd expect an ordinary tenement front - that's Greyfriars Hall, once Cowgatehead Church. Built around 1861 for one of Edinburgh's crowded Old Town parishes, the church eventually lost its congregation and stood empty for years, until Virgin Hotels Edinburgh restored it in 2022, stitching it together with two neighbouring historic buildings to form the hotel. Walk around the tower and you'll see a glass-fronted extension bolted onto the old stone, housing the hotel's modern guest floors, while inside, the original nave's vaulted ceiling and stone tracery survive intact, now used as an event space seating up to 150.","The trio of linked buildings is anchored by the Category A-listed India Buildings on Victoria Street, built in 1864 - the church itself, listed Category B, is the junior partner architecturally even though it's the most eye-catching from the Cowgate. ICA Studio's Susannah Macneill first sketched the plan to link the old church with its neighbours back in 2013 - meaning the glass-and-stone building visible today took the better part of a decade to go from that first drawing to a finished hotel.","","","https://virginhotels.com/edinburgh/","","55.94808","-3.193422","","11-1.jpg","","","","","","","","",""
"Edinburgh Central Library -> Greyfriars Bobby","11","Tomb of John Bayne of Pitcairlie","monument","Greyfriars Kirkyard, Edinburgh EH1 2QQ","","","","A carved hand on this weathered mausoleum, built into Greyfriars' boundary wall, clutches a small purse - a nod to the royal signet, emblem of the man buried inside. John Bayne of Pitcairlie was a writer to the signet who made his fortune supervising the building contracts for Charles II's 1670s renovation of Holyrood Palace, working alongside architects Sir William Bruce and Robert Mylne on major Edinburgh projects including Canongate Kirk and the Tron Kirk. When he died in 1681, his widow Eupham Aikman won the Town Council's permission to raise this monument; masons Philip Alisone and Patrick Hunter built it, and James Andersone painted and gilded the carved surface, which still carries its long Latin inscription.","That carved purse holding the royal signet is a direct nod to Bayne's own career - and beyond the mausoleum, he's also remembered for funding student bursaries at the universities of St Andrews and Edinburgh, a philanthropic streak that outlasted his legal work.","","","https://en.wikipedia.org/wiki/John_Bayne_of_Pitcairlie","","55.947297234368364","-3.192282385323113","","11-2.jpg","","","","","RECOVERY: draft-JSON fallback (pre-review, not confirmed post-review)","","","",""
"Edinburgh Central Library -> Greyfriars Bobby","11","Greyfriars Kirk","religious_building","Greyfriars Place, Edinburgh EH1 2QQ","","","","At the edge of its own kirkyard just off George IV Bridge is Edinburgh's first church built after the Reformation - Greyfriars Kirk, which opened on Christmas Day 1620 on land that had belonged to a Franciscan friary until Reformers destroyed it in 1559. Look closely at the plain harled walls and squat tower: a gunpowder magazine stored inside that tower by the Town Council exploded in 1718, wrecking two-thirds of the structure and forcing a rebuild that split the church into two separate congregations, Old and New Greyfriars, worshipping side by side until they reunited in 1929. It remains an active Church of Scotland parish today, its modest exterior giving little hint of the momentous scene that played out just outside its door in 1638.","The National Covenant - a mass declaration against royal interference in Scottish worship - was laid out on a flat tombstone in the churchyard on 28 February 1638 for signing, and within weeks copies had circulated the country so widely that tens of thousands of Scots had added their names, some reputedly signing in their own blood.","","","https://en.wikipedia.org/wiki/Greyfriars_Kirk","","55.946642977989455","-3.1924271601144882","","11-3.jpg","","","","","RECOVERY: draft-JSON fallback (pre-review, not confirmed post-review)","","","",""
"Edinburgh Central Library -> Greyfriars Bobby","11","Greyfriars Kirkyard","monument","Greyfriars Kirkyard, Edinburgh EH1 2QQ","","","","Walk between the crowded rows of table tombs and grand mausolea and you're standing in one of Edinburgh's oldest burial grounds - Greyfriars Kirkyard, granted to the town by Mary Queen of Scots in 1562 on land that had belonged to a Franciscan friary, the 'grey friars' whose robes gave the site its name. With the Old Town's older kirkyards long full, generations of merchants, lawyers and reformers came to rest here, leaving one of the richest collections of post-Reformation funerary architecture in Scotland. Somewhere among the unmarked ground lies James Craig, the young architect who won the competition to design Edinburgh's New Town but died in poverty. Just inside the main gate on Candlemaker Row, a small headstone marks where Bobby, the loyal terrier whose statue stands at this leg's end, was buried in 1872.","By the early 1800s the kirkyard was so tempting a target for body-snatchers supplying the city's anatomy schools that grieving families began fitting heavy iron cages called mortsafes over freshly dug graves - several 'double-bedder' mortsafes from the late 1820s can still be seen bolted in place near the boundary walls today.","","","https://en.wikipedia.org/wiki/Greyfriars_Kirkyard","","55.94664254105452","-3.1915386587967687","","11-21.png","","","","","RECOVERY: draft-JSON fallback (pre-review, not confirmed post-review)","","","",""
"Edinburgh Central Library -> Greyfriars Bobby","11","Covenanters' Prison","monument","Greyfriars Kirkyard (Forrest Road side), Edinburgh EH1 2QL","","","","Peer through the locked iron gate off Candlemaker Row into the walled enclosure known as the Covenanters' Prison and you're looking at open ground with a brutal history. After the Covenanter army was crushed at the Battle of Bothwell Bridge in June 1679, around 1,200 prisoners were marched here and held in the open air for more than four months, each allotted just four ounces of bread a day; dozens died of exposure and starvation before winter set in, while others were tried and executed or escaped. In November 1679, some 257 survivors sentenced to transportation to the American colonies were marched to Leith and put aboard the Crown of London - it wrecked off Orkney soon after, and the crew battened the hatches shut, drowning over 200 men still shackled below deck.","The grand mausolea now crowded inside the enclosure mostly date from after 1705, when the ground was formally laid out for burials - meaning almost none of the monuments a visitor sees today existed when the Covenanters were actually confined here in the open air in 1679.","","","https://www.hmdb.org/m.asp?m=242684","","55.946060768173105","-3.1924414092279902","","11-5.jpg","","","","","RECOVERY: draft-JSON fallback (pre-review, not confirmed post-review)","","","",""
"Edinburgh Central Library -> Greyfriars Bobby","11","The Black Mausoleum","monument","Greyfriars Kirkyard, Edinburgh EH1 2QL","","","","A domed, colonnaded tomb tucked against Greyfriars' southern boundary wall is the Black Mausoleum, built for Sir George Mackenzie of Rosehaugh - the King's Advocate who prosecuted the Covenanters imprisoned just metres away and earned the nickname 'Bloody Mackenzie' for the executions he ordered during the Killing Time. Designed by architect James Smith and completed shortly before Mackenzie's death in 1691, its drum-shaped form was unusual for Restoration-era Scotland. Mackenzie was also a founding force behind the Advocates' Library, later absorbed into the National Library of Scotland just up the street - a rather more respectable legacy than the one that's made this tomb one of the most 'haunted' sites in Britain.","In 1998 a homeless man sheltering inside broke through an iron floor grating and fell into an underground vault, crashing through a 17th-century coffin lid into a mass of bones and dust - an incident locals blame for waking the so-called 'Mackenzie Poltergeist', whose reported scratches, bruises and faintings led the kirkyard's keyholder to have the tomb locked and exorcised in 1999. Tour guides and fan sites sometimes link the legend to Peeves, Hogwarts' resident poltergeist in the Harry Potter books, though J.K. Rowling has never confirmed any connection between the two.","","","https://en.wikipedia.org/wiki/George_Mackenzie_of_Rosehaugh","","55.9462167","-3.1921664","","11-6.jpg","","","","","","","","",""
"Edinburgh Central Library -> Greyfriars Bobby","11","Greyfriars Bobby's Bar","building","30-34 Candlemaker Row, Edinburgh EH1 2QE","","","","This bar at the foot of Candlemaker Row occupies a Category B listed pub occupying the ground floor of early Georgian houses built as part of the same 1720s development as the neighbouring Candlemakers' Hall. Long a tavern under other names, it was renamed Greyfriars Bobby's Bar after the small terrier whose statue - cast by sculptor William Brodie and unveiled in 1873, a year after the dog's death - stands on the pavement just outside its door. Inside, dark wood panelling and old photographs of the real Bobby lean into the legend, while the pub's position squarely between the kirkyard gate and the statue makes it one of the most photographed backdrops on this stretch of the walk.","Rub Bobby's nose outside and you're adding to decades of wear that has stripped away the statue's black patina to a bright bronze shine - Edinburgh City Council has had the bronze professionally re-blackened more than once, only for the statue to be vandalised again within days of one 2013 restoration.","","","https://www.nicholsonspubs.co.uk/restaurants/scotlandandnorthernireland/greyfriarsbobbysbarcandlemakerrowedinburgh","","55.9468375","-3.1914873","","11-7.jpg","","","","","RECOVERY: draft-JSON fallback (pre-review, not confirmed post-review)","","","",""
"Edinburgh Central Library -> Greyfriars Bobby","11","Bedlam Theatre","building","11b Bristo Place, Edinburgh EH1 1EZ","","","","At the corner of Forrest Road and Bristo Place stands a red sandstone Gothic front with a steep gabled roof and lancet windows - built in 1848 for the New North Free Church by Thomas Hamilton, one of the architects behind the Scott Monument and the Royal High School. The congregation left in 1941, and after decades serving as a University of Edinburgh chaplaincy and storeroom, students converted the deconsecrated church into a theatre in 1980-81, keeping the Gothic shell intact. Step inside today and you're in the oldest continuously running student theatre in Britain, staging around forty University of Edinburgh Theatre Company productions a year and packing in up to eight separate Fringe shows a day every August.","The theatre takes its name not from the church but from the area's earlier history: this stretch of Forrest Road once stood beside Edinburgh's 'Bedlam', a poorhouse and asylum, where the poet Robert Fergusson - a major influence on the young Robert Burns - died in 1774 at just twenty-four.","","","https://en.wikipedia.org/wiki/Bedlam_Theatre","","55.9462878","-3.190727","","11-8.jpg","","","","","RECOVERY: draft-JSON fallback (pre-review, not confirmed post-review)","","","",""
"Edinburgh Central Library -> Greyfriars Bobby","11","Greyfriars Bobby Statue","monument","Corner of George IV Bridge & Candlemaker Row, Edinburgh EH1 2QQ","","","","At the corner of George IV Bridge and Candlemaker Row, opposite the kirkyard gate, stands what's said to be the smallest listed structure in Edinburgh - a life-size bronze statue and drinking fountain standing barely a foot tall. Sculpted by William Brodie and unveiled in November 1873, it was funded by the English philanthropist Baroness Angela Burdett-Coutts, whose name is still cast into the bronze plaque on its granite base. It commemorates a small terrier who, according to Edinburgh legend, kept vigil for fourteen years at the grave of his master, night watchman John Gray, just across the road.","Edinburgh's Lord Provost, Sir William Chambers, was taken enough with the story that in 1867 he personally paid for the dog's licence and had him fitted with a collar, now on display in the Museum of Edinburgh. Yet Bobby's story is one of the most disputed in Edinburgh folklore: historian Jan Bondeson has traced more than sixty similar 'faithful graveyard dog' tales recorded across 19th-century Europe, and argues the original dog was probably a stray fed by sympathetic visitors, with a different, younger dog likely taking over the vigil after the first one died.","","","https://en.wikipedia.org/wiki/Greyfriars_Bobby","","55.9469447","-3.1913151","","11-9.jpg","","","","","","","","",""
"Edinburgh Central Library -> Greyfriars Bobby","11","Greyfriars Bobby's Grave","monument","Greyfriars Kirkyard, Edinburgh EH1 2QQ (just inside the main gate)","","","","Just inside Greyfriars Kirkyard's main gate, near the George IV Bridge entrance, is a small red granite headstone marking the traditional burial spot of Greyfriars Bobby. The stone is much newer than the 1872 burial it commemorates - it was erected by the Dog Aid Society of Scotland and unveiled by the Duke of Gloucester on 13 May 1981, more than a century after Bobby's death. His actual grave lies some seventy-five yards from his master John Gray's, since dogs couldn't normally be buried inside the kirkyard - a small, unofficial exception made for the city's most famous mourner. Look down at the foot of the stone and you'll usually find sticks, dog toys and collars left by visitors rather than flowers.","The headstone's inscription reads: 'Greyfriars Bobby / Died 14th January 1872 / Aged 16 Years / Let His Loyalty And Devotion / Be A Lesson To Us All' - a tribute tradition that has grown up around the site for well over a century.","","","https://www.hmdb.org/m.asp?m=126984","","55.94668453336258","-3.1916658733960435","","11-10.jpg","","","","","RECOVERY: draft-JSON fallback (pre-review, not confirmed post-review)","","","",""
"Edinburgh Central Library -> Greyfriars Bobby","11","Thomas Riddell's Grave","monument","Greyfriars Kirkyard, Edinburgh EH1 2QQ (southern yard, near the boundary wall)","","","","A weathered sandstone marker, tucked toward the back of Greyfriars' southern yard and half-hidden against the boundary wall, is inscribed simply to 'Thomas Riddell Esq.', who died in Edinburgh on 24 November 1806 aged 72 - almost nothing else about him survives in easily available records. Yet Greyfriars Kirk's own visitor materials now formally list this stone as a stop on the yard's tours under the name 'Tom Riddell Gravesite', a sign of how firmly an unproven literary rumour has been absorbed into the kirkyard's modern identity.","Fans and tour guides have long pointed to this stone as the source of Tom Riddle, Lord Voldemort's birth name - Rowling built the anagram 'Tom Marvolo Riddle' rearranges to 'I am Lord Voldemort'. She has never confirmed deliberately drawing on this grave: in a 1999 interview she said she collects names generally from maps, gravestones and old books, and separately recalled one of her own children coming home from a Greyfriars tour with a grave-based theory that was, by her account, news to her rather than something she'd planted.","","","https://greyfriarskirk.com/visit/tours/untitled-2/","","55.94692440865037","-3.1936065897724264","","11-24.png","","","","","RECOVERY: draft-JSON fallback (pre-review, not confirmed post-review)","","","",""
"Edinburgh Central Library -> Greyfriars Bobby","11","Captain John Porteous's Grave","monument","Greyfriars Kirkyard, Edinburgh EH1 2QQ (near the west wall)","","","","Near the arched entryway of the Flodden Wall is a plain grey headstone marking the grave of Captain John Porteous of the Edinburgh City Guard, buried here on 9 September 1736. After a mob hanged smuggler Andrew Wilson in the Grassmarket that April, Porteous ordered his men to fire into the crowd, killing several bystanders including a boy watching from a window; convicted of murder, he was reprieved by the Crown at the last moment. That reprieve enraged the city - on the night of 7 September 1736, a mob dragged him from the Tolbooth and lynched him from a dyer's pole in the Grassmarket, in what became known as the Porteous Riots.","For more than two hundred years his grave carried only a small square stone marked with the single letter 'P' and the date 1736; in 1973 a biographer paid for a proper headstone reading 'John Porteous, a Captain of the Edinburgh City Guard, murdered 7 September 1736 - All passion spent'.","","","https://en.wikipedia.org/wiki/John_Porteous_(soldier)","","55.9467079101279","-3.1933173969675233","","11-12.jpg","","","","","RECOVERY: draft-JSON fallback (pre-review, not confirmed post-review)","","","",""
"Edinburgh Central Library -> Greyfriars Bobby","11","The Potter Grave (Anne and Robert Potter)","monument","Greyfriars Kirkyard, Edinburgh EH1 2QQ (near the main entrance)","","","","Close to Greyfriars' main George IV Bridge entrance stands a family headstone inscribed simply to Anne and Robert Potter - as with many of the yard's more modest 18th- and 19th-century burials, no further biographical detail about the pair survives in the sources checked. The stone itself, just steps from the Elephant House cafe where J.K. Rowling wrote much of the early Harry Potter books, is essentially the whole of what's documented about them today.","Tour guides and fan blogs widely cite this as the grave that gave Rowling her hero's surname, given its proximity to the Elephant House. Rowling has given a different account herself, though: in a March 1999 Barnes & Noble web chat she said 'Potter was the name of a brother and sister who I played with when I was very young. We were part of the same gang and I always liked that surname' - crediting childhood friends rather than any headstone.","","","https://everythingedinburgh.com/harry-potter-sites-in-edinburgh/greyfriars-kirkyard/","","55.9469","-3.1926","","11-20.png","","","","","RECOVERY: draft-JSON fallback (pre-review, not confirmed post-review)","","","",""
"Edinburgh Central Library -> Greyfriars Bobby","11","The Scrymgeour Gravestone","monument","Greyfriars Kirkyard, Edinburgh EH1 2QQ","","","","Greyfriars holds at least one Scrymgeour family monument, though guides differ on exactly which stone they mean - some point to a memorial for Margaret Louisa Scrymgeour Wedderburn near the Potter family plot, others to a separate Mary Turner Scrymgeour stone nearby. Either way, look closely and you're reading a genuine, long-established Scottish surname - historically also borne by the Royal Standard Bearers of Scotland - rather than an invention dreamed up for the tour.","The surname is popularly said to have inspired Rufus Scrimgeour, the gruff Minister of Magic introduced in Harry Potter and the Deathly Hallows - the spelling shifts slightly from 'Scrymgeour' to 'Scrimgeour'. As with the other kirkyard names on this leg, Rowling has never confirmed the connection; she has said more generally that she has 'got names from saints, place-names, war memorials, gravestones' over the years.","","","https://everythingedinburgh.com/harry-potter-sites-in-edinburgh/greyfriars-kirkyard/","","55.94693995483777","-3.1926299221894183","","11-25.png","","","","","RECOVERY: draft-JSON fallback (pre-review, not confirmed post-review)","","","",""
"Edinburgh Central Library -> Greyfriars Bobby","11","John Gray's Grave","monument","Greyfriars Kirkyard, Edinburgh EH1 2QQ","","","","Somewhere among Greyfriars' rows of ordinary 19th-century stones lies the grave of John Gray, who arrived in Edinburgh around 1850 with his wife Jess and son John and, unable to find work as a gardener, joined the Edinburgh City Police as a night watchman instead. He died of tuberculosis on 15 February 1858 and was buried here - an unremarkable working man's grave that carries none of the fame later attached to the small dog who, by tradition, wouldn't leave it.","That dog, Bobby, is said to have kept vigil at Gray's grave for the next fourteen years - a story covered in more detail by this leg's other Greyfriars Bobby-related stops. No Harry Potter connection has ever been claimed for the name Gray at this kirkyard: unlike several neighbouring stones, it appears on tourist itineraries purely for the Bobby legend.","","","https://en.wikipedia.org/wiki/Greyfriars_Bobby","","55.9469","-3.1925","","11-26.png","","","","","RECOVERY: draft-JSON fallback (pre-review, not confirmed post-review)","","","",""
"Edinburgh Central Library -> Greyfriars Bobby","11","John Watson's Grave","monument","Greyfriars Kirkyard, Edinburgh EH1 2QQ","","","","This monument remembers John Watson, an Edinburgh Writer to the Signet who died in 1762 and left the residue of his estate - around 2,000 pounds - for charitable use in the city. His will specified the money should found a hospital aimed at 'preventing child murder', a starkly worded 18th-century way of describing support for destitute and abandoned infants. The Society of Writers to the Signet administered the growing fund for decades before erecting this monument to him here in Greyfriars.","That bequest eventually funded John Watson's Institution, a Stockbridge school for orphaned children designed by William Burn and opened in 1828; it became John Watson's School before closing in 1975, and the building now houses the Scottish National Gallery of Modern Art (Modern One). No source consulted for this entry links the name Watson to any Harry Potter character - his grave is included for his own genuine philanthropic legacy.","","","https://en.wikipedia.org/wiki/John_Watson's_Institution","","55.9469","-3.1921","","11-27.png","","","","","RECOVERY: draft-JSON fallback (pre-review, not confirmed post-review)","","","",""
"Edinburgh Central Library -> Greyfriars Bobby","11","Elizabeth Moodie's Gravestone","monument","Greyfriars Kirkyard, Edinburgh EH1 2QQ (near the Flodden Wall)","","","","Along the wall near the Flodden Wall is the kirkyard's only orange-toned gravestone, usually visible just from a distance behind a locked gate - Elizabeth Moodie's memorial. As with several of the yard's less prominent burials, no biography of her beyond the name and approximate location survives in the sources checked - she's one of many otherwise-unrecorded Edinburgh residents whose only public trace today is this single, distinctively coloured stone.","Tour guides and Harry Potter fan sites frequently cite this as the source of Auror Alastor 'Mad-Eye' Moody's surname, one more entry in the kirkyard's informal list of character-name graves alongside Riddell, Potter, Scrymgeour and McGonagall. As with the others, Rowling has never confirmed drawing the name from this or any specific stone here.","","","https://secret-edinburgh.com/greyfriars-kirkyard/","","55.946527323754","-3.1934251934660107","","11-23.png","","","","","RECOVERY: draft-JSON fallback (pre-review, not confirmed post-review)","","","",""
"Edinburgh Central Library -> Greyfriars Bobby","11","William McGonagall's Tombstone","monument","Greyfriars Kirkyard, Edinburgh EH1 2QQ (near the Flodden Wall, by George Heriot's School gate)","","","","Near the Flodden Wall, by the gate to George Heriot's School, look for a memorial slab reading 'William McGonagall, Poet and Tragedian' - it wasn't installed until 1999, nearly a century after McGonagall's death, because his original pauper's grave plot was never recorded. Widely regarded as the worst poet in the English language, McGonagall is best remembered for verse such as 'The Tay Bridge Disaster' and 'The Famous Tay Whale', written with total sincerity and no apparent awareness of how badly they scanned; he died in poverty in Edinburgh in 1902.","This is one of the few kirkyard 'Harry Potter grave' claims Rowling has actually addressed directly: on the official Wizarding World site she said there was 'something irresistible' about his name and 'the idea that such a brilliant woman [Professor Minerva McGonagall] might be a distant relative of the buffoonish McGonagall' - a deliberate, acknowledged piece of wordplay rather than the unconfirmed rumour attached to most other names on this leg.","","","https://en.wikipedia.org/wiki/William_McGonagall","","55.94637345817368","-3.193558282907778","","11-22.png","","","","","RECOVERY: draft-JSON fallback (pre-review, not confirmed post-review)","","","",""
"Edinburgh Central Library -> Greyfriars Bobby","11","Adam Family Mausoleum","monument","Greyfriars Kirkyard, Edinburgh EH1 2QQ (south division, near the Heriot's School gate)","","","","A small classical temple-fronted tomb in the kirkyard's south division, near the Heriot's School gate, is a monument designed in 1753 by the young Robert and John Adam - later two of Britain's most celebrated architects - to hold the tomb of their father, William Adam (1689-1748), the leading Scottish architect of his own generation, responsible for buildings including Hopetoun House and the original Royal Infirmary of Edinburgh. Later inscriptions inside record other family members, including a descendant, John Adam, acting Governor-General of India, who died at sea in 1825.","Despite its imposing silhouette among the kirkyard's other grand tombs, no source checked for this entry claims any Harry Potter naming connection for the Adam family. It stands here purely as a piece of genuine Edinburgh architectural history: one dynasty of architects building a monument to the father who trained them.","","","https://en.wikipedia.org/wiki/William_Adam_(architect)","","55.94613524225139","-3.1928409265726243","","11-14.jpg","","","","","RECOVERY: draft-JSON fallback (pre-review, not confirmed post-review)","","","",""
"Edinburgh Central Library -> Greyfriars Bobby","11","James Hutton's Grave","monument","Greyfriars Kirkyard (Covenanters' Prison enclosure), Edinburgh EH1 2QL","","","","Peer through the locked gate of the Covenanters' Prison enclosure at the south end of Greyfriars and, if you catch a Doors Open Day or specialist tour, you can spot a simple plaque marking the grave of James Hutton (1726-1797), the farmer turned naturalist widely called the father of modern geology. Watching ordinary erosion and sediment deposition at work in the Scottish landscape around him, Hutton argued that the same slow forces, acting over immense stretches of time, had shaped the entire Earth - a theory of 'deep time' that upended the far shorter Biblical timelines then generally assumed. He presented his Theory of the Earth to the Royal Society of Edinburgh in 1785 and published an expanded edition a decade later.","Hutton is buried in the Balfour family vault, his mother's family, inside the same walled enclosure where hundreds of Covenanter prisoners had been held a century earlier - his grave wasn't marked with even a simple plaque until 1947, the 150th anniversary of his death. No Harry Potter connection has been claimed for Hutton or his grave in any source checked for this entry.","","","https://en.wikipedia.org/wiki/James_Hutton","","55.94594643182689","-3.19264559077201","","11-15.jpg","","","","","RECOVERY: draft-JSON fallback (pre-review, not confirmed post-review)","","","",""
"Edinburgh Central Library -> Greyfriars Bobby","11","Little Free Library","monument","2a Forrest Road, Edinburgh EH1 2QH","","","","A small, hand-built wooden box is mounted on a post on Forrest Road, almost exactly between Greyfriars Bobby's statue and the university's Bristo Square - open it up and you'll find a miniature street-corner bookcase where anyone can take a book or leave one behind, no library card required. It's one of dozens of 'Little Free Libraries' across Edinburgh, a movement kickstarted in 2016 when bookbinder and artist Rachel Hazell built the city's first one in the Stockbridge Colonies; the Edinburgh Tool Library, a community group better known for lending tools than books, has since taken up building and coordinating many more across the city.","Each Little Free Library costs roughly £250-300 to build and install, and every one needs a named local 'custodian' who volunteers to keep it stocked, tidy and in good repair - meaning this small box on Forrest Road only survives because someone nearby keeps quietly looking after it.","","","https://edinburghtoollibrary.org.uk/little-free-libraries/","","55.94611783371101","-3.1908770549524967","","11-16.jpg","","","","","RECOVERY: draft-JSON fallback (pre-review, not confirmed post-review)","","","",""
"Edinburgh Central Library -> Greyfriars Bobby","11","William Chambers Monument","statue","45 Chambers Street, Edinburgh EH8 9BL","","","","This statue on the widened plaza outside the National Museum of Scotland honours Sir William Chambers (1800-1883), the publisher-turned-Lord-Provost who reshaped this part of the Old Town more than almost anyone else. He and his brother Robert built a printing and publishing empire from a small Peebles bookshop, but it was as Lord Provost from 1865 that Chambers left his biggest mark, pushing through the 1867 Edinburgh Improvement Act, which cleared entire slum closes and cut new streets - including the one that now bears his name - through some of the city's most overcrowded ground. Sculpted by John Rhind, the statue went up in 1891, originally standing in the middle of Chambers Street itself.","The statue was moved to its current position in 2016, when the pedestrian area was widened to make room for a second, similarly styled statue directly nearby - William Henry Playfair, the architect whose buildings Chambers Street was built to celebrate.","","","https://en.wikipedia.org/wiki/William_Chambers_(publisher)","","55.9473691","-3.1897855","","11-17.jpg","","","","","RECOVERY: draft-JSON fallback (pre-review, not confirmed post-review)","","","",""
"Edinburgh Central Library -> Greyfriars Bobby","11","William Henry Playfair Monument","statue","Chambers Street, Edinburgh EH8 9BL","","","","Standing a few steps from the Chambers statue it deliberately echoes, this statue honours William Henry Playfair (1790-1857), the architect behind more of Edinburgh's best-known buildings than perhaps any other single figure - the National Gallery, the Royal Scottish Academy, the National Monument on Calton Hill and Surgeons' Hall among them. Look closely at the pose: sculptor Alexander Stoddart deliberately mirrored the style, scale and stance of the older Chambers statue nearby, portraying Playfair in period dress with papers in hand, as if caught mid-design. It was unveiled in 2016, part of a multi-million-pound revamp of Chambers Street jointly funded by National Museums Scotland, Edinburgh City Council and the University of Edinburgh.","The statue was commissioned specifically to give Playfair - whose neoclassical buildings define huge parts of central Edinburgh's skyline - the same kind of permanent public recognition long since given to Chambers, more than 125 years after the earlier statue went up a few metres away.","","","https://en.wikipedia.org/wiki/William_Henry_Playfair","","55.9475472","-3.1889018","","11-18.jpg","","","","","RECOVERY: draft-JSON fallback (pre-review, not confirmed post-review)","","","",""
"Edinburgh Central Library -> Greyfriars Bobby","11","Hotel du Vin & Bistro","building","11 Bristo Place, Edinburgh EH1 1EZ","","","","This boutique hotel on Bristo Place occupies a cluster of buildings dating back to 1743 that have led several very different lives: an 18th-century poorhouse, then a Victorian lunatic asylum, later a 1940s science laboratory, and even, more recently, Edinburgh's blood donation centre, before Hotel du Vin restored and connected the buildings into a single luxury hotel. Ten of its rooms sit within the original historic structure, kept deliberately atmospheric, while a newer wing built onto the site matches them in style. The hotel keeps a whisky snug and a specialist wine-tasting room among its features, trading on the contrast between the building's institutional past and its now thoroughly comfortable present.","Guests booking the hotel's older rooms are, in effect, staying inside a converted 18th-century asylum - one of several former asylums and poorhouses across Edinburgh's Old Town that have been repurposed for hospitality rather than demolished.","","","https://www.hotelduvin.com/locations/edinburgh/","","55.946037","-3.190153","","11-19.jpg","","","","","RECOVERY: draft-JSON fallback (pre-review, not confirmed post-review)","","","",""
"Edinburgh Central Library -> Greyfriars Bobby","11","Cowgate","history","Cowgate, Edinburgh","","","","Everything about the Cowgate sits below the Royal Mile in more than one sense - literally lower down the valley, and for most of its history, socially lower too. Its name is exactly what it sounds like: this was once 'Via Vaccarum', the route drovers used to bring cattle down from the fields south and east of the city to the market at the Grassmarket, back when driving livestock through the main streets above was against the law.","The Cowgate wasn't always poor - Cardinal David Beaton, one of the most powerful churchmen in 16th-century Scotland, kept a residence here so grand that contemporaries called it a palace. By the 19th century the same street had become one of Edinburgh's worst slums, its fortunes falling as the wealthy retreated to the New Town.","When South Bridge was built high overhead in the 1780s, the space beneath its arches - entered at Cowgate level - was built out into vaults, first used for storage and workshops, then, as conditions worsened through the 19th century, into some of the most squalid housing anywhere in the city. Those same vaults are now Edinburgh's best-known ghost-tour attraction.","Today the Cowgate runs in the opposite direction from its history: during the Edinburgh Festival Fringe every August, this stretch becomes one of the most densely packed nightlife strips in Scotland, its old workshops and stables now bars and clubs.","https://en.wikipedia.org/wiki/Cowgate","","55.9481","-3.1928","","11-28.jpg","","","","","","","","",""
"Greyfriars Bobby -> McEwan Hall","12","Sandy Bell's","building","25 Forrest Road, Edinburgh EH1 2QH","","","","Push through the door and the first thing that hits you is the fiddle — a tune sawing away in the corner, glasses keeping time, the smell of hops and old wood. This unassuming corner pub has been Edinburgh's living room for traditional music since 1942. It started life as the Forrest Hill Buffet, then the Forrest Hill Bar, before taking the name of Mrs Bell, who ran it in the 1920s — nobody now remembers who ""Sandy"" was. Its real fame came during the Scottish Folk Revival of the 1950s–70s, when it became the movement's unofficial headquarters. Folklorist Hamish Henderson drank here for decades; his bust still watches the bar. In the 1970s, a live album, Sandy Bell's Ceilidh, was recorded on the premises with Aly Bain and Dick Gaughan among the players.","There have been traditional music sessions at Sandy Bell's continuously since 1942, and in the 1970s the pub's live scene was captured on the album Sandy Bell's Ceilidh, featuring Aly Bain and Dick Gaughan. A bust of folklorist Hamish Henderson, a regular until his death in 2002, still hangs above the bar.","","","https://en.wikipedia.org/wiki/Sandy_Bell's","","55.946084","-3.19128","","12-1.jpg","","","","","","","","",""
"Greyfriars Bobby -> McEwan Hall","12","Bristo Port (Flodden Wall)","history","Forrest Road (between nos. 5 and 7), Edinburgh EH1 2QQ","","","","Between numbers 5 and 7 Forrest Road is something odd: a narrow gap in the tenement line, filled in at the bottom, that doesn't quite match its neighbours. That seam is where Edinburgh's city wall once stood. After the catastrophic defeat at Flodden in 1513, a panicked city rushed to enclose itself, throwing up what's now called the Flodden Wall. A fortified gateway, Bristo Port, once stood near here, letting traffic through the defences before it was demolished around 1715 once the wall had outlived its purpose. Walk a little further along and you'll find another stretch of the same wall reused as the outer face of a tenement, its old stonework simply pierced for windows.","The Flodden Wall was built in a rush after Scotland's disastrous 1513 defeat at the Battle of Flodden, and Bristo Port, the fortified gateway that once stood here, was likely demolished around 1715 once the wall was no longer needed.","","","https://canmore.org.uk/site/52150/edinburgh-forrest-road-bristo-port","","55.9465506","-3.1910155","","12-2.jpg","","","","","","","","",""
"Greyfriars Bobby -> McEwan Hall","12","Teviot Row House","building","13 Bristo Place, Edinburgh EH8 9AJ","","","","Notice how the students treat this building like it's theirs — because, in a very real sense, it was the first place in the world where that was true. Opened on 19 October 1889, Teviot Row House is the oldest purpose-built student union building on Earth, designed by Sydney Mitchell and Wilson and extended twice since. It grew out of the Students' Representative Council's 1884 campaign for a proper home of their own. For most of its history it was a men-only stronghold — women weren't admitted as members until a vote finally passed on 5 January 1971, requiring a 75% majority. It took until 1972 for every matriculated student to become an automatic member, closing out a century of exclusivity.","Teviot Row House, opened in 1889, is believed to be the oldest purpose-built student union building in the world - though women weren't admitted as members until a vote passed on 5 January 1971, which needed a 75% majority to succeed.","","","https://en.wikipedia.org/wiki/Teviot_Row_House","","55.94497070111543","-3.188885755229125","","12-3.jpg","","","","","","","","",""
"Greyfriars Bobby -> McEwan Hall","12","Reid Concert Hall","building","Bristo Square, Edinburgh EH8 9AL","","","","In front of its solid Victorian columns, imagine rows of glass cases holding sackbuts, serpents and clarinets instead of lecture-goers — because for well over a century, this building held one of the strangest collections in Edinburgh. Opened in 1859 as the Reid School of Music, it became home to what's believed to be the world's earliest museum of musical instruments, eventually growing to display around a thousand pieces spanning 400 years, including the celebrated Sir Nicholas Shackleton clarinet collection. In 2017, following a major restoration of St Cecilia's Hall, the entire collection was quietly moved across town, leaving this grand hall to carry on its academic life without the instruments that made it famous.","The Reid Concert Hall housed what is believed to be the world's earliest museum of musical instruments, until the collection was relocated to St Cecilia's Hall in 2017 after a £6.5 million restoration there.","","","https://en.wikipedia.org/wiki/Reid_Concert_Hall","","55.94492304272684","-3.1893616744824316","","12-4.jpg","","","","","","","","",""
"Greyfriars Bobby -> McEwan Hall","12","McEwan Lantern Pillar","monument","Bristo Square, Edinburgh EH8 9AG","","","","Cross the square and you'll spot it standing alone — an ornate stone pillar topped with a lantern, looking almost too decorative for a public square, its surface carved with a coat of arms you might not recognise. That crest belongs to William McEwan, the Edinburgh brewing magnate whose beer money built the flamboyant McEwan Hall facing you across the square. Erected in 1897 to mark the Hall's opening on 3 December that year, the pillar was McEwan's personal gift to the city, a quieter companion piece to his more famous, much grander donation. Between them, the pillar and the Hall form a kind of one-man monument to Victorian Edinburgh's love affair with beer money and civic generosity.","The pillar was a personal gift to the city from brewing magnate William McEwan, who also funded McEwan Hall, and was erected in 1897 to mark the hall's opening on 3 December that year.","","","https://portal.historicenvironment.scot/apex/f?p=1505%3A300%3A%3A%3A%3A%3AVIEWTYPE%2CVIEWREF%3Adesignation%2CLB27994","","55.94531613331535","-3.1883582311116765","","12-5.jpg","","","","","","","","",""
"Greyfriars Bobby -> McEwan Hall","12","The Next Big Thing is a Series of Little Things","monument","Bristo Square, Edinburgh (paving between the Dugald Stewart Building and McEwan Hall)","","","","Scattered across the paving beneath your feet are hundreds of small bronze dots, each one shaped like a fallen drip of paint, running in a loose trail across the square. It's easy to walk straight over them without noticing — which is rather the point. This is a public artwork by artist Susan Collis, made up of roughly 1,600 bronze dots set into the stone, tracing a path from near the Dugald Stewart Building all the way to the grand entrance of McEwan Hall. Unlike the square's imposing Victorian architecture, it asks for nothing — no plinth, no plaque demanding attention — just a quiet trail of little things you're free to discover for yourself.","The installation consists of roughly 1,600 bronze dots resembling drops of paint, set directly into the paving from near the Dugald Stewart Building to the entrance of McEwan Hall - easy to walk past unnoticed.","","","https://www.edinburghexpert.com/blog/history-squared-bristo-square-edinburgh","","55.94544845279109","-3.1886753963280268","","13-9.jpg","","","","","","","","",""
"Greyfriars Bobby -> McEwan Hall","12","The Gilded Saloon","building","45-47 Lothian Street, Edinburgh EH1 1HB","","","","The gold lettering above the door catches the light before anything else does, and if you listen you might catch a burst of laughter or a snatch of music drifting up from below street level — this place has performance in its bones. The original Gilded Saloon opened in the Cowgate, a beloved haunt for local comics, poets and musicians, until it was destroyed in the devastating 2002 Cowgate fire that also took eleven neighbouring businesses with it. It took over two decades for the name to return, when Gilded Balloon joined forces with Paradise Palms and Kelburn Arts to open this new venue on Lothian Street just before the 2025 Fringe, complete with a 200-capacity performance space downstairs.","The original Gilded Saloon in the Cowgate was destroyed in the devastating 2002 Cowgate fire, and this venue reopened the name in 2025, over two decades later, as a joint venture of Gilded Balloon, Paradise Palms and Kelburn Arts.","","","https://gildedballoon.co.uk/venues/the-gilded-saloon/","","55.9461822","-3.1891728","","12-6.jpg","","","","","","","","",""
"McEwan Hall -> Lt David Stuart McGregor VC","13","Old Medical School","building","Teviot Place, Edinburgh EH8 9AG","","","","Run your eye along the honey-coloured stone of this sprawling Renaissance-style facade and picture the generations of medical students who passed beneath it clutching bags of surgical instruments. For 118 years, until the school moved out to Little France in 2002, this was the beating heart of Edinburgh's medical training, an institution once considered the finest in the English-speaking world. Designed by Sir Rowand Anderson and built between 1876 and 1886, it's forever tied to Joseph Lister, who returned to Edinburgh as Professor of Surgery in 1869 and, working nearby, pioneered the antiseptic techniques that made modern surgery survivable. A plaque by the main entrance still marks his legacy.","Joseph Lister, pioneer of antiseptic surgery, was Professor of Surgery here from 1869, dramatically cutting infection rates - the Medical School went on to occupy this Teviot Place site for 118 years before relocating to Little France in 2002.","","","https://www.ed.ac.uk/medicine-vet-medicine/about/history/historic-alumni/lord-joseph-lister","","55.9453557","-3.1902981","","13-1.jpg","","","","","","","","",""
"McEwan Hall -> Lt David Stuart McGregor VC","13","George Heriot's School (Main Building)","building","Lauriston Place, Edinburgh EH3 9EQ","","","","Golden sandstone, a vast quadrangle, turrets catching the light at every corner — it's easy to see why this place stops people in their tracks. The building's existence traces back to one man's guilty conscience, or perhaps his ambition: George Heriot, royal goldsmith and moneylender to James VI, earned the nickname ""Jinglin' Geordie"" from the coins rattling in his pockets as he made his rounds of the city. In 1621 he arranged for his fortune to found a hospital and school for fatherless children, though he didn't live to see it — the building was completed and opened as George Heriot's Hospital in 1659. Its imposing Lauriston Place archway, added later by architect William Henry Playfair, remains the grand public face of the school today.","Founder George Heriot, goldsmith and moneylender to King James VI, was nicknamed ""Jinglin' Geordie"" for the coins that jingled in his pockets as he walked the city - his bequest founded the school for fatherless children in 1628.","","","https://en.wikipedia.org/wiki/George_Heriot%27s_School","","55.9451848","-3.1937327","","13-3.jpg","","","","","","","","",""
"McEwan Hall -> Lt David Stuart McGregor VC","13","Middle Meadow Walk","history","Middle Meadow Walk, Edinburgh (northern end, near Teviot Place)","","","","Feel the avenue open up around you — a broad, tree-lined path running dead straight across open parkland, the kind of quiet green corridor that feels like it shouldn't exist this close to a city centre. It very nearly didn't survive. Laid out by Thomas Hope after 1722 as a raised causeway across a drained loch, over 1,200 trees were later planted along its length, and by 1850 it was marked at either end by ornamental pillars topped with stone unicorns. Since then it has repelled one threat after another: Victorian planners wanted it widened for carriages, and as late as the 1960s the city seriously considered driving a six-lane motorway straight through the Meadows.","The walk was originally laid out after 1722 as a raised causeway across a drained loch, and as late as the 1960s city planners seriously considered running a six-lane motorway through the Meadows here instead.","","","https://threadinburgh.scot/2023/07/16/the-thread-about-middle-meadow-walk-how-and-why-it-has-remained-a-traffic-free-route-despite-over-a-century-of-attempts-to-open-it-up/","","55.94521554206241","-3.1911409001292057","","13-10.jpg","","","","","","","","",""
"McEwan Hall -> Lt David Stuart McGregor VC","13","Doctors","building","32 Forrest Road, Edinburgh EH1 2QN","","","","Inside, the Gothic gloom, dark wood and odd medical curios on the walls aren't just decoration — this building has genuinely served the sick and the dead. Built in 1874 to mark the opening of the old Royal Infirmary across the road, it originally housed small trades that fed off the hospital's business: a cabinet-and-coffin maker traded here from 1884 to 1959, and a maker of surgical instruments carried on into the early 1960s. Only after those tenants left did it become a bar, first a short-lived barbecue joint, then a pub called The Mortar from 1970, before finally settling on its current, fitting name, Doctors, in 1979.","Before it was a pub, the building housed a coffin maker (1884-1959) and a surgical instrument maker serving the old Royal Infirmary - it only took the name ""Doctors"" in 1979, having briefly traded as ""The Mortar"" from 1970.","","","","","55.9455473","-3.1908953","","13-4.jpg","","","","","","","","",""
"McEwan Hall -> Lt David Stuart McGregor VC","13","The Kid's Secret Garden","recurring_feature","Middle Meadow Walk, Edinburgh EH3 9EF","","","","Nothing here quite matches — a hand-painted piano left out in the open, a stegosaurus-shaped tent, mismatched planters and old water pipes repurposed as planters — because nothing here was designed by a council committee. This pocket of the Meadows was created spontaneously in 2016 by local parents and residents who simply decided the space needed to be safer and friendlier for children, and built it themselves, piece by piece, over the years since. It has hosted open-air music, film screenings and community gatherings ever since, entirely on the goodwill of the people who use it. With the Edinburgh Futures Institute now open nearby and Middle Meadow Walk being reshaped, the garden is having to adapt once again to fit its changing surroundings.","The garden was created spontaneously by local residents in 2016, entirely through grassroots community effort.","","","","","55.945204806958166","-3.1912553767334817","","13-5.jpg","","","","","","","","",""
"McEwan Hall -> Lt David Stuart McGregor VC","13","Edinburgh Futures Institute","building","1 Lauriston Place, Edinburgh EH3 9EF","","","","Take in the turreted, sandstone bulk in front of you — it looks far more like a Scottish castle than a university building, and that's because it was built to heal, not to teach. Completed in 1879 to designs by architect David Bryce, this was the old Royal Infirmary of Edinburgh, its ward pavilions deliberately spaced apart in the fresh air beside the Meadows to reduce the spread of infection, cutting-edge thinking for its time. The hospital served the city until 2003, when it relocated south to Little France. The University bought the site in 2016 and spent seven years and millions of pounds restoring it, reopening the building to the public in June 2024 as a hub for interdisciplinary research, with new public gardens and walkways carved through the old infirmary grounds.","The building's Victorian ward pavilions were deliberately spaced apart to reduce the spread of infection between patients, and it served as the Royal Infirmary of Edinburgh until 2003, then sat largely unused until a seven-year restoration reopened it in 2024.","","","https://en.wikipedia.org/wiki/Edinburgh_Futures_Institute","","55.94462880828839","-3.192822522804215","","13-6.jpg","","","","","","","","",""
"McEwan Hall -> Lt David Stuart McGregor VC","13","Simpson Loan","architectural_point","Simpson Loan, Edinburgh EH3","","","","A quiet residential street of glass and stone now, but the name overhead nods to one of medicine's more reckless breakthroughs. James Young Simpson, an Edinburgh professor of midwifery, spent his evenings testing new chemical compounds on himself and his dinner guests in search of a usable anaesthetic. On the night of 4 November 1847, at his home on Queen Street, he and two colleagues inhaled chloroform before supper and were, in one contemporary's words, ""under the mahogany in a trice"" — out cold on the floor until morning. Within days he'd announced his discovery to the city's medical society, and chloroform swiftly became the anaesthetic of choice for childbirth, later used by Queen Victoria herself.","Simpson discovered chloroform's effects by testing it on himself and colleagues after dinner in November 1847 - they all passed out - and it was later used by Queen Victoria during childbirth, cementing its popularity as an anaesthetic.","","","https://www.rcpe.ac.uk/heritage/james-young-simpson-and-chloroform","","55.9434555","-3.1940954","","13-7.jpg","","","","","","","","",""
"McEwan Hall -> Lt David Stuart McGregor VC","13","Lister Square","architectural_point","Lister Square, Quartermile, Edinburgh EH3 9GL","","","","Pause in this open square, ringed by glass-fronted offices and apartments, and consider that the man it's named for made spaces like this — anywhere with an operating table — dramatically less likely to kill you. Lister Square sits at the heart of Quartermile, the redevelopment of the old Royal Infirmary site, and honours Joseph Lister, the surgeon whose pioneering antiseptic methods slashed post-operative infection rates and made modern surgery survivable worldwide. The wider development takes its own name from its geography: Quartermile is precisely a quarter of a mile, corner to corner, from Edinburgh Castle and the Royal Mile, a neat bit of measuring that turned a working hospital site into a very literal piece of the city's centre.","Lister Square honours Joseph Lister, whose antiseptic techniques transformed the survival odds of surgical patients, and sits within Quartermile, so named for being exactly a quarter of a mile, corner to corner, from Edinburgh Castle and the Royal Mile.","","","https://en.wikipedia.org/wiki/Quartermile","","55.944716401801415","-3.194522156110431","","13-8.jpg","","","","","","","","",""
"Lt David Stuart McGregor VC -> The Wee Pub - Smallest Pub in Scotland","14","Lister Housing Co-operative (Georgian Tenements)","building","36 Lauriston Place, Edinburgh EH3 9EZ","","","","These weathered Georgian tenements — built between 1816 and 1824 — are buildings that came within a whisker of being bulldozed for a university campus expansion. By the 1970s they'd fallen into near-slum conditions, and the University of Edinburgh, which owned the block, planned to demolish all 135 flats. The turning point came in 1976, when an eight-year-old girl fell on a nearby building site, an accident that galvanised students, lecturers and long-term working-class residents to join forces and fight the demolition. They won, forming a housing co-operative — Scotland's first co-operative registered social landlord — that renovated the tenements between 1978 and 1982. Today Lister houses almost 400 people across 185 properties.","The campaign to save these tenements from university demolition was galvanised by a child's fall on a nearby building site in 1976, the same year Lister was formed as Scotland's first co-operative registered social landlord.","","","https://lister.coop/about-us/history/","","55.94502133569343","-3.1967395252628417","","14-1.jpg","","","","","","","","",""
"Lt David Stuart McGregor VC -> The Wee Pub - Smallest Pub in Scotland","14","George Heriot's School Turrets","recurring_feature","Lauriston Place, Edinburgh EH3 9EQ","","","","Count the corners of the quadrangle and you'll find a turret at each one, but look closer still and notice that no two are quite alike — a deliberate touch of individuality on an otherwise rigidly symmetrical building. These pepper-pot towers, crenellations and castle-like details were meant to impress and even intimidate when the school first rose here from 1628, a statement of wealth from a building fund created by a goldsmith's fortune. Their turreted silhouette has since taken on a life of its own: fans of Harry Potter often point to Heriot's, with its four-house system in Hogwarts-matching colours, as the inspiration for the fictional school — a claim J.K. Rowling herself has denied, insisting Hogwarts was conceived long before she ever saw the building.","Each corner turret is subtly different from the others, a deliberate break from perfect symmetry - and Heriot's four-house system, in colours matching Hogwarts, fuels a popular Harry Potter connection that J.K. Rowling has denied.","","","https://en.wikipedia.org/wiki/George_Heriot%27s_School","","55.9454527","-3.1956939","","14-3.jpg","","","","","","","","",""
"Lt David Stuart McGregor VC -> The Wee Pub - Smallest Pub in Scotland","14","Ornate Iron Railings","recurring_feature","Keir Street, Edinburgh EH3 9EG","","","","Run your eye along the ironwork in front of these tenements and you'll notice the pattern repeats with real precision — swirling finials, evenly spaced verticals, the kind of decorative flourish that Georgian builders added even to something as mundane as a boundary fence. Railings like these once lined nearly every New Town and Georgian street in Edinburgh, but two world wars saw huge numbers melted down for scrap metal, making well-preserved stretches like this one, protected today as part of a listed building, increasingly rare survivors of the city's original streetscape.","Large numbers of Edinburgh's original Georgian railings were removed and melted down for scrap during the world wars.","","","","","55.94578998741915","-3.1966110948960402","","14-4.jpg","","","","","","","","",""
"Lt David Stuart McGregor VC -> The Wee Pub - Smallest Pub in Scotland","14","Iron Boot Scraper","recurring_feature","18 Keir Street, Edinburgh EH3 9EG","","","","Crouch down and you'll find it bolted beside the doorway — a simple iron blade, worn smooth at the edge, set there for one very practical purpose. Before Edinburgh's streets were properly paved, this was where residents scraped the mud, horse dung and grime off their boots before stepping inside. It's a small, easily overlooked survivor of an age when getting from the street to your front door was a genuinely messy business, and a reminder that not every piece of the city's history hangs in a museum.","Boot scrapers first turn up in print in the mid-18th century, evolving from hand-wrought to mass-produced cast iron by the 19th century, and Edinburgh's New Town is so thick with them that almost every front door has one - yet most have probably never been used in living memory, since cars replaced horses in the early 20th century and the mud they were built to scrape off simply vanished from the streets.","","","","","55.94560571442091","-3.1974100220602852","","14-5.jpg","","","","","","","","",""
"Lt David Stuart McGregor VC -> The Wee Pub - Smallest Pub in Scotland","14","Flower-Decorated Tenement Steps","recurring_feature","24 Keir Street, Edinburgh EH3 9EG","","","","Notice how someone has taken the trouble here — pots crowded onto the stone steps, blooms spilling over the edges, colour against the grey sandstone. It's a small, unofficial act of care, the kind repeated on doorsteps across Edinburgh's tenement streets, where residents quietly claim a few square feet of shared stone as their own. Just a resident deciding that the entrance to their close deserved a bit more life than bare steps alone could offer — a tiny, living rebuttal to the idea that stone stairwells have to stay grey and functional all year round.","There's no plaque or committee behind displays like this — under Scots tenement law the common stair itself must legally be kept clear of obstructions, so these doorstep gardens survive only informally, at the tacit tolerance of neighbours rather than any official sanction.","","","","","55.94550559722738","-3.1973858383194553","","14-6.jpg","","","","","","","","",""
"Lt David Stuart McGregor VC -> The Wee Pub - Smallest Pub in Scotland","14","Argyle House - 60s architectural eyesore","building","3 Lady Lawson Street, Edinburgh EH3 9DS","","","","Crane your neck up at the sheer grey bulk of this precast concrete tower and you'll understand why Edinburgh residents have argued about it for decades — some see a monstrous carbuncle, others a defiant piece of honest modernism worth protecting. Built in 1968 to designs by Michael Laird & Partners, its ten and eleven storeys of raw concrete stand in stark contrast to the sandstone streets around it, earning it a long-running reputation as the city's biggest eyesore. More recently it found unlikely fame as a filming location for Netflix's Dept Q and the TV adaptation of Irvine Welsh's Crime, before its owners announced plans to demolish it entirely for a mixed-use redevelopment, a move architects and heritage campaigners are still fighting to stop.","Despite being widely called Edinburgh's biggest eyesore, some architects have campaigned to save the building from demolition as a distinguished modernist work - and it's found a second life as a filming location, appearing in both Netflix's Dept Q and the TV adaptation of Irvine Welsh's Crime.","","","https://en.wikipedia.org/wiki/Argyle_House,_Edinburgh","","55.94584022747107","-3.1975818843875086","","14-7.jpg","","","","","","","","",""
"Lt David Stuart McGregor VC -> The Wee Pub - Smallest Pub in Scotland","14","6VT Edinburgh City Youth Cafe","building","11-15 Vennel, Edinburgh EH1 2HU","","","","An unassuming doorway on the Vennel, but step through it and you'll find one of the city centre's few genuinely free social spaces built entirely for young people. 6VT has run as a youth charity here for around two decades, offering a safe drop-in space several nights a week for teenagers and young adults, alongside personal development support, educational workshops and advice services. Over the years its remit has grown well beyond a simple café, extending into housing support and community services for young people facing care or housing instability — a quiet, steady presence in a part of town better known for its castle views than its social services.","6VT provides integrated support services for young people facing foster care, residential care, or housing instability.","","","https://www.6vt.info/","","55.946323","-3.1973","","14-8.jpg","","","","","","","","",""
"Lt David Stuart McGregor VC -> The Wee Pub - Smallest Pub in Scotland","14","Brown's Place","architectural_point","Brown's Place, Edinburgh EH1 2HU","","","","Picture this small, quiet close two centuries ago: the old city wall crumbling nearby, and an enterprising innkeeper spotting an opportunity. James Brown, who ran an inn in the Grassmarket, owned land backing onto the Vennel, which for centuries had marked the very edge of Edinburgh — the city's boundary here stood until 1856. Once the Flodden Wall was demolished as redundant after the Napoleonic Wars, Brown carved a new square out of his back-lands, likely recycling the wall's own stone into his new houses, and the resulting close still bears his name today, tucked beside the surviving Flodden Tower a little further up the Vennel.","Brown's Place was developed by innkeeper James Brown, likely reusing stone salvaged from the demolished Flodden Wall.","","","https://www.edinphoto.org.uk/1_edin/1_edinburgh_history_-_recollections_vennel_and_browns_place.htm","","55.94635482763197","-3.197132553585273","","14-9.jpg","","","","","","","","",""
"Lt David Stuart McGregor VC -> The Wee Pub - Smallest Pub in Scotland","14","Stone Basements and Area Wells","recurring_feature","16 Keir Street, Edinburgh EH3 9EU","","","","A sunken stone pit sits behind iron railings at the foot of the building, a small gulf between pavement and wall. These are area wells, a standard feature of Georgian and Victorian tenement design, dug out to let daylight and fresh air reach the basement level below street height, where servants' quarters, sculleries and coal stores were once tucked away out of sight. It's a detail so ordinary it barely registers, yet it quietly reveals how these buildings were once organised — a below-stairs world working just beneath the feet of everyone walking past above.","Live-in servants housed in basements like this could work well over 100 hours a week, summoned by a board of bells at the foot of the stairs - one wired to each room above - while the area well itself doubled as a practical back entrance, letting coal deliveries and tradesmen reach the kitchen door directly without ever using the family's front steps.","","","","","55.945744300464526","-3.1973485721505446","","14-10.jpg","","","","","","","","",""
