title,address,type,latitude,longitude,about_site_label,about_site_text,about_subject_label,about_subject_text,interesting_fact,image_path,external_link
"Statue of John Hope, 4th Earl of Hopetoun","Forecourt of Dundas House, 36 St Andrew Square, Edinburgh EH2 2YB","statue","55.954429","-3.191717","About the statue","Bronze rarely dresses down quite like this: John Hope, 4th Earl of Hopetoun (1765-1823) stands in a Roman toga rather than uniform, beside a horse with its head bowed - a general turned civilian for the occasion, sculpted life-size by Thomas Campbell. Hope took command of the British army at Corunna after Sir John Moore was killed in 1809, and later served as vice-governor of the bank whose forecourt this is - Dundas House, long the head office of the Royal Bank of Scotland. A stepped granite plinth carries a drum-ended bronze pedestal, its inscription penned by Sir Walter Scott.","","","It was never meant to stand here. Edinburgh commissioned the statue in 1824 for Charlotte Square, then judged it unsuitable; it went unplaced for a decade until the bank accepted it in 1834 and set it in its own forecourt. The accidental siting produced the square's best in-joke: the Earl looks west across the gardens directly at the Melville Monument and Henry Dundas - his own brother-in-law, having married the Earl's sister Lady Jane Hope in 1793. In 2020 the statue was drawn into Edinburgh's review of monuments with slavery links, over Hope's part in crushing Fédon's rebellion in Grenada in 1795-96.","1-1.jpg","https://en.wikipedia.org/wiki/John_Hope,_4th_Earl_of_Hopetoun"
"Lion of Scotland","St Andrew Square Gardens, Edinburgh","statue","55.954562","-3.192994","About the statue","Seventeen feet of pink granite shaped into a lion at rest - Ronald Rae's Lion of Scotland weighs twenty tonnes, carved from a single Corrennie granite boulder from Aberdeenshire entirely by hand, with no power tools at any stage. It first lay in Holyrood Park, in the gap between the Palace of Holyroodhouse and the new Scottish Parliament, deliberately placed beneath Arthur's Seat - a hill long read as a lion in its own right. It has kept watch over St Andrew Square Gardens since 2010.","","","It's been voted Edinburgh's best-loved sculpture - and took over a year to carve using hand tools only, with no power tools at any stage. When the Holyrood loan was due to expire in 2008, Scottish Blue Badge guides raised a petition and thousands of residents and visitors signed it; that won a two-year reprieve, and on 25 April 2010 the lion made the mile-long journey across town to St Andrew Square Garden. It came on loan rather than by purchase, financed by Essential Edinburgh and private sponsors, and Rae has said he hopes the city will one day buy it outright. Technically, it is still a visitor.","1-2.jpg","https://www.ronaldrae.co.uk/lion-of-scotland/"
"Melville Monument","St Andrew Square Gardens, Edinburgh","monument","55.954209","-3.193155","About the monument","Forty-five metres of fluted Doric column, modelled on Trajan's Column in Rome and topped with a bronze figure watching west over the gardens - the Melville Monument was one of the largest pieces of engineering New Town builders had ever attempted in Scotland, and at around 1,500 tons it shows: the 1821-27 build needed help from Robert Stevenson, the lighthouse engineer (and grandfather of novelist Robert Louis Stevenson), because nothing this heavy had gone up in the city before. William Burn designed it; the roughly 15-foot figure on top, Henry Dundas, 1st Viscount Melville, was carved by Robert Forrest from a model by Sir Francis Chantrey.","","","Dundas was so politically powerful in late-18th-century Scotland he was nicknamed 'The Uncrowned King of Scotland' - and this monument is literally the 'big man in the sky' the game's own clue points players toward. In 1806 he became the last person ever impeached in the UK, for misappropriating public funds; a plaque added to the monument in 2021 also addresses his role in delaying the abolition of the slave trade. The £8,000 bill was met by subscription from the officers and men of the Royal Navy, which Dundas had run as First Lord of the Admiralty from 1804.","1-3.jpg","https://en.wikipedia.org/wiki/Melville_Monument"
"Paddington Bear Statue","St Andrew Square Gardens (near 42 St Andrew Sq), Edinburgh","quirky","55.954163","-3.193490","About this spot","A bronze Paddington Bear, marmalade sandwich in hand, sits on a bench in the garden. He's deliberately sized to leave one clear gap beside him, which is the whole point of him: this trail was built around the photograph you're about to take. Worth noting where he's sitting, too - St Andrew Square Garden was private, railed ground reserved for the householders around it for well over two centuries, and only opened to the public in 2008.","","","Unveiled 9 October 2024 as part of the national 'Paddington Visits' trail, tied to the Paddington in Peru film - one of 23 statues strung across the UK and Ireland between John O'Groats and Land's End, each hand-painted in the same red hat and blue duffle coat. Michael Bond bought the lone unsold teddy that started it all on Christmas Eve 1956, as a present for his wife; A Bear Called Paddington followed on 13 October 1958. The luggage label round the bear's neck - 'Please look after this bear' - came straight from Bond's memory of wartime evacuee children arriving at London stations with tags tied to their coats.","1-4.jpg","https://mindtrip.ai/attraction/edinburgh-scotland/paddington-bear-statue/at-AhHdS9wz"
"National Portrait Gallery","1 Queen Street, Edinburgh EH2 1JD","gallery","55.955679","-3.193556","About the gallery","Red sandstone turrets rise in fours at each corner, crocketed and pointed like something from a Gothic fairy tale, and niches all along the Queen Street front are packed with statues of Scotland's own famous dead. Robert Rowand Anderson designed the building housing Scotland's national portrait collection, built 1885-90 from stone quarried at Corsehill near Annan in Dumfriesshire and opened in 1889. It went up as a double building - portrait gallery in the east wing, National Museum of Antiquities in the west - sharing one Great Hall as their common entrance.","","","Nobody was supposed to know who paid for it. In 1882 an anonymous £10,000 gift arrived to ""set on foot"" a national portrait gallery; the donor quietly kept paying until the bill reached roughly £70,000, and his identity was revealed only on opening day in 1889 - John Ritchie Findlay, proprietor of The Scotsman. It was the first building in the world purpose-built as a portrait gallery. Inside, the Great Hall's arcaded balcony carries William Hole's processional frieze of 155 Scots running backwards in time from Thomas Carlyle to the Stone Age, beneath his zodiac ceiling of over 2,000 gold stars mapping the constellations of the northern sky.","1-5.jpg","https://en.wikipedia.org/wiki/Scottish_National_Portrait_Gallery"
"The Capital Building","The Capital Building, 12-13 St Andrew Square, Edinburgh EH2 2AF","building","55.953857","-3.194273","About the building","Black granite catches the light at street level here in a way nothing else on the square does, giving way higher up to warm sandstone cut with strong vertical lines and geometric Art Deco detail - a style New Town Edinburgh got almost none of. It was built 1938-40 as the head office of the Caledonian Insurance Company to designs by Leslie Grahame Thomson with Frank J Connell, just as war was about to halt Edinburgh construction for years. The splayed corner entrance is flanked by two outsized bronzes by Alexander Carrick, and inside are a marble-lined hall, an imperial staircase and a roof-lit rotunda. Reportedly Category A listed, now multi-tenant offices over a restaurant.","","","The two bronzes over the door are an insurance advert in metal. Carrick's figures are ""Safety"" - a man shielding a young girl - and ""Security"" - a woman with a baby and a boy: not civic virtues, but precisely the two things a Caledonian Insurance policy claimed to sell, cast at twice life size above the counter where you bought one. The theme carries indoors, where William Wilson's stained glass in the stairwell depicts commercial trades rather than scripture. The building was finished just as war halted Edinburgh construction, making it one of the New Town's very few full-blooded Art Deco set pieces.","1-6.jpg","https://www.capital-building.co.uk/"
"James Clerk Maxwell statue","Central reservation, east end of George Street at St Andrew Square, Edinburgh EH2 2LL","statue","55.954004","-3.194402","About the statue","James Clerk Maxwell sits in bronze looking faintly amused, spinning colour top in hand and his terrier Toby at his feet - Alexander Stoddart's statue, unveiled 25 November 2008, catches the physicist at roughly the age he died, dressed for the Victorian era he lived in and facing west along George Street. Bronze reliefs on the granite plinth show Newton with his prism and Einstein with a sheet of warped spacetime, and a nearby plaque carries Maxwell's equations.","","","The four equations on the plinth aren't the ones Maxwell actually wrote. His 1865 formulation ran to twenty equations in twenty variables; the compact vector form the world now calls ""Maxwell's equations"" was boiled down by Oliver Heaviside two decades later, after Maxwell was dead. The site is apt for a second reason: the Royal Society of Edinburgh, which commissioned the statue and sits a block west, first published Maxwell at fourteen - his 1846 paper on oval curves had to be read aloud to the Society by Professor James Forbes, because a boy that age couldn't present it himself.","1-7.jpg","https://en.wikipedia.org/wiki/James_Clerk_Maxwell"
"Thistle Court","Thistle Street, Edinburgh","architectural_point","55.954485","-3.195650","About the building","No columns, no pediment, nothing at all to announce that Edinburgh's grandest building project started right here: two plain, two-storey-and-attic pairs of semi-detached houses in sandstone rubble - some of it red, with ashlar dressings - face each other across a small grass court, built in 1767 and the oldest survivors in the whole New Town. All four are now Category A listed, and the court is thought to have originally been called Rose Court.","","","They exist because developer John Young simply ignored James Craig's rigid grid plan and built houses facing each other instead of a terraced row - possibly the oldest semi-detached houses in Scotland, though some historians dispute whether Thistle Court really was the New Town's very first building, only that it's the oldest to survive. The town council had dangled a £20 premium for the first builder to break ground in the New Town, and Young collected it. The rest of Thistle Street took another twenty-odd years to fill up, put up as plain craft workers' dwellings and workshops - the cheap seats directly behind George Street's mansions - and Craig named it for Scotland's emblem to pair with Rose Street, named for England's.","1-8.jpg","https://canmore.org.uk/site/52431/edinburgh-thistle-street-1-thistle-court"
"The Dome","14 George Street, Edinburgh","building","55.953660","-3.195608","About the building","A glass dome floods the old banking hall with light - the feature that gives this Graeco-Roman pile its name today. David Rhind designed it around 1847 for the Commercial Bank of Scotland, on the site of the former Physicians' Hall, with a hexastyle Corinthian portico 95 feet wide, six columns rising 35 feet, and a sculpted pediment - modelled by James Wyatt and carved by Alexander Handyside Ritchie - showing a central figure of Caledonia flanked by Prudence, Agriculture, Commerce, Enterprise, Mechanical Science and Learning. It's a Category A listed building now.","","","The bank that built this grand headquarters eventually merged into the very same Royal Bank of Scotland whose own head office - Dundas House - is the first stop on this walk: once a rival across town, now part of the same institution. The Commercial Bank became the National Commercial Bank in 1959 and was absorbed by RBS ten years later. The Physicians' Hall it replaced was designed by James Craig, who planned the New Town; its foundation stone was laid in 1776, and when it came down in January 1844 the workmen opened that stone and found silver medals sealed inside.","1-9.jpg","https://en.wikipedia.org/wiki/The_Dome,_Edinburgh"
"St Andrew's and St George's West Church","13 George Street, Edinburgh","religious_building","55.953895","-3.195773","About the church","Cross the threshold and the walls curve rather than corner - this was the first elliptical church plan in Britain, built in 1784 as St Andrew's Church, the very first church raised in the New Town. Captain Andrew Frazer of the Royal Engineers, then chief army engineer for Scotland, won the design competition working with Robert Kay; the oval plan was as much a fix as a flourish, since the leftover plot was too shallow for a conventional nave. Robert Wood's 1753 'Ruins of Palmyra' supplied the ceiling design, worked through with Scottish thistles, and the 51-metre steeple wasn't part of the original plan at all - it was added as an afterthought in 1787.","","","The site was originally earmarked for Dundas House (now the RBS headquarters landmark) before it was swapped for the church - Sir Lawrence Dundas quietly bought up the square's east side before Craig's plan could be enforced, and the church was bumped along George Street instead. The steeple holds eight bells cast in 1788 at London's Whitechapel foundry, the oldest complete ring in Scotland. And on 18 May 1843 this was the room where the Disruption happened: led by Principal David Welsh, around a third of the ministers at the General Assembly walked out mid-session and marched down the hill to Tanfield Hall, where they founded the Free Church of Scotland and elected Thomas Chalmers as its first Moderator.","1-10.jpg","https://en.wikipedia.org/wiki/St_Andrew%27s_and_St_George%27s_West_Church"
"Caledonian Insurance Building","15-19 George Street, Edinburgh","architectural_point","55.953800","-3.196300","About the building","David Bryce remodelled one of George Street's plain 1780s townhouses into a grand insurance office here in 1839-40, and MacGibbon & Ross expanded and reworked it again in 1879-80. Grand enough that the Caledonian stayed until 1939, when it finally sold up to the George Hotel next door and moved to its striking new Art Deco head office at the top of the square; the military promptly requisitioned the vacated premises for the rest of the war. Bryce's doorway is now the hotel's main entrance, and the old insurance hall survives inside as the King's Hall.","","","One of several bank and insurance buildings that made St Andrew Square and George Street 'possibly the richest area of its size in Scotland' in the 19th century. The Caledonian, founded in Edinburgh in June 1805, is usually called the oldest Scottish insurance company - and it was born out of pure spite. A man named Forrest Alexander had a £600 fire claim thrown out by his English insurers because his renewal ran one day late, so he set about starting a Scottish one instead. The painter Sir Henry Raeburn sat on the board and designed the company's policy heading, which stayed in use until 1838.","1-11.jpg","https://en.wikipedia.org/wiki/George_Street,_Edinburgh"
"Royal Society of Edinburgh","22-26 George Street, Edinburgh","building","55.953469","-3.196679","About the building","A green cupola gives the Royal Society of Edinburgh's home away from a distance, but look closer and the stone tells its own story: fossil-bearing Portland stone from Dorset over a Creetown granite base, paler, harder and glossier than the sandstone on either side of it, which is why the frontage reads slightly cold next to its neighbours. J M Dick Peddie designed the present Category A building, put up in 1908-09 after the Society bought the site from the Edinburgh Life Assurance Company with the help of a £25,000 government grant.","","","Founded 1783 in imitation of London's Royal Society; before settling here it moved through several homes across the city, including a spell at 40-42 George Street just down the road. Its earliest lodgings, from 1807, were rented from the Royal College of Physicians in the Physicians' Hall - which stood on the site of The Dome, a few doors east on this same walk. Adam Smith, Joseph Black and James Hutton all sat on the first Council, and it was to this Society that Hutton read his 'Theory of the Earth', the paper that effectively invented deep geological time. The first women Fellows were not elected until 1949.","1-12.jpg","https://en.wikipedia.org/wiki/Royal_Society_of_Edinburgh"
"Susan Ferrier's Home","25 George Street, Edinburgh","history","55.953803","-3.196602","About this address","Susan Ferrier moved into this address as a two-year-old in 1784 - the house was numbered 11 at the time - and stayed for most of her adult life, writing all three of her novels under this roof. Her father James Ferrier was a Writer to the Signet and a Principal Clerk of the Court of Session, which put him at the next desk to Walter Scott and gave his daughter a standing invitation into Edinburgh's literary establishment. Today, this specific townhouse has been absorbed into the historic, luxury hotel InterContinental Edinburgh The George.","","","Sometimes called 'the Scottish Jane Austen', Ferrier was a contemporary and friend of Sir Walter Scott. All three of her novels appeared anonymously and she was not publicly named as their author until 1851, three years before her death. The fees tell you how well they sold: Blackwood paid £150 for 'Marriage' in 1818, and by 'Destiny' in 1831 Robert Cadell was handing over £1,700, a small fortune for a novel then. Scott rated her company as much as her books, calling her conversation 'the least exigeant of any author, female at least'. Failing eyesight made her a recluse; she is buried at St Cuthbert's.","1-13.jpg","https://en.wikipedia.org/wiki/Susan_Ferrier"
"King George IV Statue","Junction of George St and Hanover St, Edinburgh","statue","55.953523","-3.197268","About the statue","George IV stands in full Highland dress at this crossing, part of the tartan pageantry Walter Scott stage-managed for the king's August 1822 visit - the first by a reigning monarch to Scotland in around 170 years. Sir Francis Chantrey sculpted him and picked this exact spot himself; the massive stepped ashlar plinth beneath carries just five words: GEORGE IV VISITED SCOTLAND MDCCCXXII. Category A listed.","","","Chantrey also sculpted the William Pitt statue at the far end of this leg - same sculptor, two statues, one walk. Make that three: the figure of Henry Dundas on top of the Melville Monument back in St Andrew Square was carved by Robert Forrest from a Chantrey model, so Chantrey effectively bookends and centres this entire route. The statue was unveiled on 26 November 1831, by which point George IV had been dead for well over a year - he died in June 1830 - so the king being congratulated here never saw the thing. Chantrey left his fortune to found the Chantrey Bequest, which still buys art for the nation.","1-14.jpg","https://en.wikipedia.org/wiki/George_Street,_Edinburgh"
"The Assembly Rooms","54 George Street, Edinburgh","building","55.953137","-3.198689","About the building","John Henderson won the competition to design the Assembly Rooms in 1781, then died in February 1786 before it was finished; it opened regardless on 11 January 1787 with the Caledonian Hunt Ball, paid for by public subscription on a site the town council handed over for nothing. The great portico came later, in 1818, and the Music Hall behind it in 1843. It remains the most important surviving building of its type in the UK, Category A listed and still an events venue today.","","","In August 1822 it hosted the Peers Ball for King George IV's visit to Edinburgh - the same visit commemorated by the George IV statue a few doors down this same leg. Five years later, at a Theatrical Fund dinner here in February 1827, with rumours already circling after a careless remark to a fellow guest, Walter Scott finally admitted in public that he was the author of the Waverley novels, a secret he had kept for thirteen years - a toast to 'the Author of Waverley' left him no way out and he stood up and owned it. Dickens and Thackeray both read here afterwards, and since 1981 it has been one of the big Fringe venues.","1-15.jpg","https://en.wikipedia.org/wiki/Assembly_Rooms_(Edinburgh)"
"Pink Sandstone Among Yellow Free-Stone","65 George Street, Edinburgh","architectural_point","55.953000","-3.199800","About the building","One building on this stretch doesn't match its neighbours: pale pink sandstone against everyone else's local yellow-cream stone. The former Dowell's Auctioneers went up in 1907-08 to designs by John Nichol Scott and Alexander Lorne Campbell; behind the front block sit two plain top-lit auction rooms, the eastern one of real historic interest. Dowell's ran sales here for generations, and its catalogues and roup rolls, from 1879 onwards, are now held by the National Library of Scotland.","","","The pink is New Red Sandstone from Locharbriggs near Dumfries, and it is here for a reason. Most of the New Town was built from Craigleith quarry on the city's own north-western edge, but by the Edwardian period the railways had made Dumfriesshire stone cheap to haul seventy miles north, and red stone was fashionable besides. So the odd one out is not just a different colour - it is a different rock entirely, laid down in a Permian desert something like eighty million years after the swampy Carboniferous sands that make up its neighbours. Craigleith worked from 1615 and did not close until 1942.","1-16.jpg","https://en.wikipedia.org/wiki/George_Street,_Edinburgh"
"Hidden Back-Lane White Tiles","Rose Street North Lane, Edinburgh","recurring_feature","55.952338","-3.200912","About this feature","White glazed brick lines this New Town back lane, a common Georgian and Victorian trick for bouncing light down narrow service lanes that never see direct sun. The lanes themselves are pure Craig: every one of his blocks is cut through by a mews lane, lined with stables and coach houses so carriages never needed to appear at the front door. Rose Street North Lane served the discreet back entrances of the Princes Street houses, and well into the 19th century some also held byres for the cows that supplied surrounding households with milk.","","","Confirmed on-site with a real photo - white glazed brick pillars between the windows, plus a decorative black-and-white diamond-pattern tile band lower down. Glazed brick like this was mass-produced from the 1860s onwards by fireclay firms like Burmantofts of Leeds, and sunless spaces such as lightwells were routinely lined with it to reflect daylight deeper in. It had a second use in a coal-smoke city that called itself Auld Reekie - a glazed face sheds soot and can be sluiced clean with a bucket, which is also why it lined the stables and dairies these lanes held.","1-17.jpg",""
"The Giant Caryatids","78-80 George Street, Edinburgh","architectural_point","55.952698","-3.201264","About the building","Four robed stone women hold up the fifth-floor gallery of this cream sandstone giant, carrying its full structural load on their heads exactly as their Ancient Greek ancestors did. Sir John James Burnet, a leading figure of Edwardian Baroque in Scotland, raised the building in 1903-07 as the flagship headquarters of the Professional and Civil Service Supply Association - a Victorian trading cooperative where civil servants, teachers and clerks paid a small membership fee for discounted wholesale goods, until they outgrew their original Frederick Street shop and commissioned this statement building instead. Burnet faced it in polished cream sandstone banded with dark granite, pushing the top floor back into a dramatic recessed gallery held up by that row of carved figures.","","","Known as the 'Four Seasons Facade', each caryatid carries details representing Spring, Summer, Autumn or Winter. The term 'caryatid' comes from the Ancient Greek 'karyatides', meaning 'maidens of Karyai', a town near Sparta - one theory traces it to young women who danced for the goddess Artemis balancing baskets on their heads, another to Karyai's women condemned to hard labour for siding with the Persians. Classical caryatids are meant to look as if they're effortlessly carrying the building's weight, and Burnet used the trick to make a six-storey stone block feel light at its highest point. The cooperative era gave way to a long spell as a National Westminster Bank branch; the interior is now WeWork offices, but the four seasons still watch over George Street exactly as Burnet intended.","1-18.jpg","https://britishlistedbuildings.co.uk/200367495-national-westminster-bank-78-80-george-street-edinburgh-edinburgh"
"Micro-Lighthouse Above the Doorway","84 George Street, Edinburgh","quirky","55.952652","-3.201538","About this spot","A miniature lighthouse juts from the first-floor facade here, lamp still revolving on schedule - a working, hand-built replica of Bell Rock Lighthouse, running since 1950 above the doorway of the Northern Lighthouse Board, headquartered on this spot since 1832. The house itself dates from 1786 and is Category A listed, and the body inside is still the lighthouse authority for the whole of Scotland and the Isle of Man.","","","Robert Louis Stevenson's own family were the famous lighthouse engineers who worked for this very body. Eight Stevensons across four generations designed close to a hundred Scottish lighthouses between 1790 and 1940, and the original of the model above your head is the one that made the family name: Bell Rock, built 1807-10 by RLS's grandfather Robert on a reef eleven miles out in the North Sea that vanishes under water at every high tide. Its lamp was first lit on 1 February 1811 and the masonry has never needed replacing.","1-19.jpg","https://www.atlasobscura.com/places/northern-lighthouse-board"
"Freemasons' Hall","96 George Street, Edinburgh","building","55.952280","-3.202446","About the building","A larger-than-life statue of St Andrew keeps watch over George Street from this facade, carved by Henry Snell Gamley for the headquarters of the Grand Lodge of Scotland, based here since the mid-19th century. The current building went up in 1911-12, designed by Alexander Hunter Crawford - a prominent freemason himself, and reckoned his most important work, Category A listed. It replaced an earlier hall of 1858 on the same site by David Bryce, the architect of the Caledonian Insurance building back at the St Andrew Square end of this walk, which means two generations of the same commission sit on one street.","","","The building holds a museum of Masonic treasures, open to the public. Gamley's other Edinburgh work includes the King Edward VII statue in the forecourt of Holyrood Palace and figures decorating the Usher Hall. Inside, the Grand Lodge governs Scottish Freemasonry and dates its own founding to 30 November 1736; on its roll at No. 1 is the Lodge of Edinburgh (Mary's Chapel), whose minute of 31 July 1599 is the oldest surviving record of any lodge still working anywhere in the world. From 1947 the hall doubled as a concert venue for the new Edinburgh International Festival.","1-20.jpg","https://en.wikipedia.org/wiki/Freemasons%27_Hall,_Edinburgh"
"Early Modernist Steel Anomaly","100-104 George Street, Edinburgh","architectural_point","55.952215","-3.203321","About the building","Behind a very Georgian-looking cream sandstone front, this four-storey block hides a fully modern steel skeleton - Early Modernism smuggled onto a street that banned it. Built 1924-25 for Cleghorn's Department Store to a design by Alfred George Lochhead, the building broke every rule of James Craig's 1767 New Town plan, which demanded uniform classical stone facades and traditional load-bearing masonry. Lochhead's steel frame let it open into wider window spans and larger open retail floors than anything else on the block; Basil Spence extended the design across the full nine-bay George Street frontage in later alterations of 1937-38.","","","The splayed corner entrance carries a striking Egyptian Revival doorcase in polished red and black granite - a style that swept the world after Tutankhamun's tomb was discovered in 1922, arriving here within two years. Architects CDA later added a glass-and-steel penthouse floor in the spirit of the 1920s frame beneath it, built specifically for a rooftop restaurant with panoramic views over the Castle and the Forth. Chef Tony Singh's Oloroso occupied that perch from 2001 until it closed in 2012; the same glass-walled rooftop is now home to Chaophraya, a Thai restaurant and bar.","1-21.jpg","https://britishlistedbuildings.co.uk/200371084-cleghorns-department-store-100-104-george-street-edinburgh-edinburgh"
"Thomas Chalmers Statue","George Street at Castle Street, Edinburgh","statue","55.952466","-3.203521","About the statue","A standing bronze of Dr Thomas Chalmers (1780-1847), theologian and reformer who became the first Moderator of the Free Church of Scotland. Sculpted by Sir John Steell and unveiled in 1878, he stands robed as Moderator with a large open Bible on his left forearm, his right hand marking the page - a pose you can still read from across the street, caught mid-argument, forever making his case to George Street's shoppers. The bronze rises from a stepped red granite plinth carrying a bare inscription: ""THOMAS CHALMERS DD DCL BORN 1780 DIED 1847"" - no list of achievements, just the facts of a life that reshaped the Church of Scotland.","","","Retrace your steps and you've already passed the building where his story peaked. On 18 May 1843, at St Andrew's and St George's Church back along George Street, Chalmers led roughly a third of the ministers at the Church of Scotland's General Assembly out in protest at state interference in church appointments - the ""Disruption."" Outside, he was cheered through the streets to found the Free Church of Scotland as its first Moderator, a sustentation fund already drawn up to support the hundreds of ministers who had just given up manse and salary. This statue, raised three decades later, put him back on the street where it happened.","2-1.jpg","https://en.wikipedia.org/wiki/Thomas_Chalmers"
"View Down Castle Street to the Castle","Castle Street at George Street, Edinburgh","viewpoint","55.952332","-3.203474","About the view","Castle Street was one of three cross-streets in James Craig's New Town plan whose names weren't picked at random - alongside Frederick Street, after King George III's father Prince Frederick, and Hanover Street, after the royal house, Castle Street was aligned and named because Edinburgh Castle sits squarely at its far end. Standing at the George Street junction and looking south, you'll see the fortress rise above the street on its volcanic crag, framed by tenements on either side - a piece of 18th-century town planning still working exactly as intended over two centuries later.","","","Craig's original 1766 prize-winning competition entry was far fussier than what actually got built: a diagonal layout of radiating streets around a central square, loosely inspired by the Union flag. The town council judged it impractical, and Craig reworked it into the plainer grid of parallel streets that exists today - the very plan whose cross-streets, including this one, were given these deliberate, view-aligned names.","2-2.jpg","https://en.wikipedia.org/wiki/New_Town,_Edinburgh"
"Walter Scott's House","39 North Castle Street, Edinburgh","history","55.952856","-3.203376","About this address","A plain, handsome three-storey Georgian townhouse just off George Street - the stone you're looking at is essentially the same stone Scott looked at, since the exterior has barely changed since his time. Built as the family's winter home from 1801 to 1826, it was here, at what Scott affectionately called ""the cabin,"" that he wrote the bulk of the Waverley novels that made him the best-selling author in Europe, working before his day job at the Court of Session even began. Category A listed, the house remains a private residence today.","","","Scott is said to have picked this stretch of Castle Street partly for its long, clear sightline north to Ben Lomond — a view since swallowed by later tenements — and it was from here, in January 1826, that his printing and publishing partnerships collapsed under debts of over £100,000. Rather than declare bankruptcy, he spent what remained of his life writing to pay it off, a decision that broke his health. His journal records the day he left for good: ""This morning I leave No. 39 Castle Street for the last time... So farewell, poor 39."" J.M.W. Turner painted the house two years after Scott's death, titling it simply Former Residence of Walter Scott — by then about the only trace of Scott still there was a small gravestone in the back garden, not for a person but for Camp, his devoted terrier.","2-3.jpg","https://blog.historicenvironment.scot/2021/08/homes-of-walter-scott/"
"The Oxford Bar","8 Young Street, Edinburgh EH2 4JB","building","55.952969","-3.204650","About the building","The Oxford Bar, tucked down Young Street just off Castle Street, is a small, unshowy New Town pub that apparently became a public house in 1811 - though records also show it trading as a confectioner's shop as late as 1843, and it was formally disponed to wine and spirits merchant Andrew Wilson in 1893, after which it stayed a bar for good. Category B listed since 1966, it keeps its original compartmentalised layout: a central corridor with small rooms either side, one now opened up through an archway. No music, no fruit machines, no television - just pies, rolls, and a well-kept range of beer and whisky.","","","This unassuming bar is world-famous among crime fiction readers as the real-life local of Ian Rankin's Inspector Rebus, drinking here on the page since the character's 1987 debut. Rankin chose it partly because it was a genuine haunt of off-duty police officers, and the pub has stayed famously indifferent to its own fame - no Rebus merchandise, no themed decor. Past regulars have included poet Sydney Goodsir Smith; Monty Python's Michael Palin dropped in back in 1978, years before Rebus turned the place into a pilgrimage site for readers worldwide.","2-4.jpg","https://en.wikipedia.org/wiki/The_Oxford_Bar"
"Church of Scotland Offices","121 George Street, Edinburgh","building","55.952466","-3.204766","About the building","A big, Scandinavian-flavoured office block built 1909-11 for the United Free Church of Scotland, designed by Edinburgh architect Sydney Mitchell. Its steep double-pitched mansard roof and heavy stonework read closer to Stockholm than to the Georgian street around it - a genuine jolt if you're arriving straight from Charlotte Square's Adam facades. A matching bookshop extension went up next door at 119 George Street in the 1930s, and the complex has held a chapel and staff canteen since it was built. Category A listed, it remains the administrative headquarters of the Church of Scotland.","","","Within the Church, this building has long gone by a plainer name than the one on its plaque: ""121,"" lifted straight from its George Street address — blunt shorthand for a Nordic-styled silhouette that stands out from everything around it. It was finished eighteen years before that plaque's wording became accurate, built for the United Free Church of Scotland — descended from the Free Church that Thomas Chalmers founded after the 1843 Disruption, whose statue stands a short walk back along this street — and only became genuinely ""Church of Scotland offices"" when the two churches reunited in 1929, healing a rift that had run for generations. A planned matching extension on the west side was never built, though the church did buy the neighbouring building at 123 George Street instead.","2-5.jpg","https://en.wikipedia.org/wiki/Church_of_Scotland_offices"
"Kimpton Charlotte Square Hotel","38 Charlotte Square, Edinburgh (corner of George Street)","architectural_point","55.951601","-3.206254","About the building","A row of grand Georgian townhouses at the corner where George Street opens into Charlotte Square, designed by Robert Adam in 1791 as part of his unified palace-front scheme for the square, and reworked in 1810 by his successor as the Crown's Scottish architect, Robert Reid. Two of the houses, Nos 38 and 39, were knocked together to form a hotel in the 1870s, with more of the terrace absorbed over later decades. Long known as the Roxburghe Hotel, it was rebranded in 2019 as the Kimpton Charlotte Square, though the Adam-Reid facade above street level is unchanged.","","","The address hides one of the New Town's stranger continuities: architects kept adapting the shell of Adam's 1791 townhouses rather than replacing them, as the building passed from private residence to hotel through several names and refits, including a 1939 remodel that finally opened up the blind ground-floor windows facing the square. Guests today sleep behind the same pilastered facade Adam drew for householders who never imagined a hotel there - and it looks out across the gardens at the domed former church Robert Reid designed after inheriting Adam's unbuilt commission for the opposite side of the square.","2-6.jpg","https://www.kimptoncharlottesquare.com/"
"Prince Albert Memorial","Charlotte Square Gardens, Edinburgh","monument","55.951764","-3.207635","About the monument","A 30-foot bronze equestrian statue of Prince Albert in Field Marshal's uniform, rearing on a granite pedestal at the centre of Charlotte Square Gardens. Sculpted by Sir John Steell, who won the commission after Albert's sudden death from typhoid in December 1861, it was unveiled by Queen Victoria in person on 17 August 1876 - Steell was knighted by the Queen on the spot. Four bronze figure groups ring the base, each by a different sculptor: William Brodie's Nobility, Clark Stanton's Army and Navy, and D.W. Stevenson's Labour and Science and Learning.","","","It took Victoria fifteen years to unveil a monument to her own husband, by which point several other Albert memorials already stood elsewhere in Britain. The horse was cast from a single piece with no visible joins, reckoned a technical feat at the time. And the garden it stands in is still private: unlike St Andrew Square at the other end of this walk, opened to the public in 2008, Charlotte Square Gardens remain locked and keyholder-only, open to everyone only a handful of days a year - so the statue is usually viewed through railings, not up close.","2-7.jpg","https://britishlistedbuildings.co.uk/200365177-albert-memorial-charlotte-square-edinburgh-edinburgh"
"West Register House","Charlotte Square, Edinburgh (west side)","religious_building","55.951551","-3.208869","About the church","A great domed building closing the west side of Charlotte Square, built 1811-14 as St George's Church to a design by Robert Reid, reworking an earlier scheme for the same site that Robert Adam had drawn up before his death in 1792. The foundation stone was laid on 14 May 1811, and the church opened on 5 June 1814 with seating for around 1,600 worshippers beneath a green copper dome and gilt cupola rising some 160 feet, deliberately styled to echo St Paul's Cathedral in London. Its pulpit, carved in Spanish mahogany, stood a full 20 feet high.","","","The £18,000 budget nearly doubled to £33,000 by completion - not the last time this building would be rebuilt from within. St George's closed as a congregation in 1964, merging with St Andrew's Church further along George Street (where Chalmers led the 1843 Disruption), and by 1970 the sacred interior had been gutted and replaced with five storeys of fireproof archive stacks. It reopened as West Register House, one of the two homes of the National Records of Scotland, still holding some of the nation's oldest legal documents under the dome once built for hymn-singing.","2-8.jpg","https://en.wikipedia.org/wiki/West_Register_House"
"The Georgian House","7 Charlotte Square, Edinburgh","museum","55.952414","-3.208457","About the museum","A National Trust for Scotland museum recreating a New Town townhouse at the height of Georgian fashion, in a house built in 1796 for John Lamont, 18th Chief of Clan Lamont, who lived here until 1815. From 1889 it was home to theologian Rev Alexander Whyte, minister of nearby Free St George's, and his wife Jane, who raised eight children within it. The Marquess of Bute acquired the house in 1927; on the 5th Marquess's death in 1956, Nos 5, 6 and 7 passed to the National Trust in part settlement of death duties, restored and opened to the public in 1975.","","","For decades before it became a museum, No.7 served as an antique dealer's showroom - the very trade the house now exists to interpret, minus the historical accuracy. Lamont bought the newly built house for a little over £1,800 and sold it twenty years later for £3,000, trying and failing to offset debts that helped push his clan's finances into decline. The house stands directly next to No.6, Bute House, official residence of Scotland's First Minister since 1999 - a debt-ridden chief's townhouse sharing a garden wall with the seat of the devolved Scottish government.","2-9.jpg","https://www.nts.org.uk/visit/places/georgian-house"
"Bute House","6 Charlotte Square, Edinburgh","building","55.952442","-3.208274","About the building","Designed by Robert Adam as part of his grand 1791 vision for Charlotte Square - though Adam died the following year, before the house was finished. Behind the same symmetrical facade standing here today, Number 6 has been the official residence of Scotland's First Minister since 1999. The plot was first sold in 1792 to Orlando Hart, a shoemaker turned Edinburgh town councillor; the house later spent nearly 20 years as a hotel, and the Marquesses of Bute owned it for over 60 years before it was preserved for the nation in 1966.","","","Orlando Hart never lived in the house he commissioned. The shoemaker-turned-councillor bought the plot in 1792 for a modest £290, but died in September 1793 — before it was even completed — and his son sold the finished house to its first actual occupant a few years later. It later spent time as a hotel, and in 1832 the exiled King Charles X of France stayed here briefly during that stretch — some of the hotel's original brass lettering is still visible on the building today. The building that now houses Scotland's First Minister started out owned by a man who never spent a single night inside it.","2-10.jpg","https://en.wikipedia.org/wiki/Bute_House"
"Rose Street (West End)","Rose Street at South Charlotte Street, Edinburgh","history","55.951224","-3.206265","About this address","Rose Street begins here at its western end, meeting South Charlotte Street just around the corner from Charlotte Square. James Craig laid it out in 1767 as a modest service lane behind George Street's grand townhouses, and it's that trade character - not the architecture overhead - that gives Rose Street its real fame today: a thousand-metre run stacked with pubs, bars and restaurants, said to hold twelve traditional pubs on the well-known 'Rose Street Challenge' crawl route alone, plus just as many other bars besides. The crawl traditionally starts on your left at Scott's, 202 Rose Street - said to date back to 1790 and named for a formidable 19th-century landlady, 'Ma Scott', whose reputation is still advertised on the pub's own sign today.","","","Victorian Edinburgh regarded the whole street as faintly disreputable after dark, and the pub scene that grew up along it eventually gave Rose Street its modern nickname, the 'Amber Mile'. The full crawl runs from Scott's here all the way to the Abbotsford at the street's far end - roughly one drinking establishment every 80 metres along the route. Pedestrianised by the 1970s, Rose Street runs some 1,000 metres in total to St Andrew Square; this walk follows only its westernmost stretch.","3-1.jpg","https://en.wikipedia.org/wiki/Rose_Street"
"Charlotte Chapel / Rose Theatre","204 Rose Street, Edinburgh EH2 4AZ","religious_building","55.951169","-3.205496","About the church","A plain, dignified stone hall near the western end of Rose Street, built in 1912 to a design by J A Arnott and J Inch Morrison as Charlotte Chapel, seating 1,000 worshippers on the site of an earlier 18th-century chapel. The congregation itself is older still: evangelist Christopher Anderson founded it in January 1808, preaching first in the Pleasance before outgrowing that hall and buying this Charlotte Chapel site in 1816. Category B listed, the building served as a working Baptist chapel for over a century, its restrained exterior giving little away about the busy congregational life that filled it inside.","","","In 2016 the congregation, grown too large again, moved out to a former Church of Scotland building on Shandwick Place, leaving this hall empty for the first time in two centuries. Danish choreographer Peter Schaufuss bought the deconsecrated chapel that year for £1.8 million, spent over £1 million more converting it, and reopened it in 2017 as the Rose Theatre, a year-round performing arts venue and Fringe hub built across four stages inside the old chapel's shell. Edinburgh council approved a 43-bedroom hotel conversion with a rooftop bar for the building in April 2026 - so the theatre inside today may prove just one more phase in a longer story.","3-2.jpg","https://en.wikipedia.org/wiki/Rose_Theatre,_Edinburgh"
"Beachcomber by George Mackay Brown","155 Rose Street, Edinburgh EH2 4AZ","gallery","55.951566","-3.204537","About the gallery","Set into the arched windows of a former telephone exchange near the western end of Rose Street, seven laser-cut steel panels illustrate all seven verses of Orcadian poet George Mackay Brown's 1971 poem 'Beachcomber', one verse per window. Artist Astrid Jaekel designed the piece first as intricate hand-cut paper before Pentland Precision Engineering translated it into weatherproof steel, commissioned around 2012-13 by Essential Edinburgh as part of a project to regenerate and celebrate the street's cultural heritage - a nod to the 'Rose Street Poets' who once drank in its pubs.","","","The poem's seven short verses each describe one day's finds on a beach - a boot on Monday, then timber, spirits and stranger things through the week - before Sunday breaks the pattern entirely: 'for fear of the elders, I sit on my bum. What's heaven? A sea chest with a thousand gold coins.' Jaekel chose the poem after realising the building's seven arched windows matched its seven verses exactly, letting passers-by read one line of poetry at a time on their way past rather than all at once. The work was shortlisted for the 2013 Adrian Henri Prize for Poetry in Art and the 2014 Association of Illustrators Awards.","3-3.jpg","https://astridjaekel.com/Beachcomber"
"Rose Street's Last Original Block","172-202 Rose Street, Edinburgh","architectural_point","55.951487","-3.204369","About the building","A long run of matching three-storey-and-attic buildings on the south side of Rose Street, put up around 1790 as plain coursed-rubble tenements with small shops let in at street level from early on. Historic Environment Scotland lists the group - numbers 172 to 202 - together as a single Category B entry, describing it as 'a significant surviving part of the original fabric of Edinburgh's New Town.' Shopfronts have been renewed many times since - plate-glass windows, slender columns, modern fascias - but the upper storeys and roofline above still read as unaltered Georgian building fabric.","","","Historic Environment Scotland's own listing goes further, calling this specifically the 'last surviving continuous block in Rose Street' - meaning that of all the plain vernacular housing built along the street under Craig's original plan, this run is the only stretch left standing unbroken end to end. Everywhere else on Rose Street, individual buildings have been replaced or rebuilt piecemeal across two and a half centuries of shop-and-pub trading; only here does the original terraced rhythm survive intact - a fixed point on a street otherwise defined by constant turnover.","3-4.jpg","https://britishlistedbuildings.co.uk/200369790-182-rose-street-edinburgh-edinburgh"
"Rose Street's First Pedestrianised Stretch","Rose Street at Castle Street, Edinburgh","recurring_feature","55.951750","-3.203137","About this feature","The block of Rose Street between here at Castle Street and Frederick Street, one block on, holds a small piece of Edinburgh planning history: in 1973 it became the first street in the city closed to traffic and paved for pedestrians only, years ahead of Rose Street's other blocks or Princes Street itself. The new paving came with its own decoration - in the 1980s, artist Maggy Howarth set eight large circular pebble mosaics into the pedestrianised surface at its side-street junctions, each a different rose design worked entirely from small stones, built sturdy enough to carry delivery vans.","","","The mosaics haven't all survived intact. Of the original eight, only five remained by the late 2010s, two of them damaged, and the council later sold at least one off to a private buyer through a tender process rather than restore it in place. Talk of community-led restoration and possible new siting has followed since, though their fate is still unresolved as of the most recent reporting found. Look down as well as at the shopfronts through here: what reads as ordinary paving is, in places, four-decade-old public art hanging on by a thread.","3-5.jpg","https://ewh.org.uk/rose-street/"
"McVitie's Original Shop","129 Rose Street, Edinburgh","history","55.951901","-3.202594","About this address","An unremarkable shopfront on Rose Street was, in 1830, the site of a modest provision shop - the first premises of what became McVitie's, now one of Britain's best-known biscuit makers. Robert McVitie ran the business from here, baking and selling bread and confectionery to Rose Street's working trade decades before the family name became a household word. The firm passed down through generations of McVities, expanding well beyond a single shop long before it needed a dedicated factory.","","","The digestive biscuit that made the name famous wasn't invented here - that came in 1892, devised by works manager Alexander Grant after the firm had outgrown Rose Street and built its own St Andrews Biscuit Works in Gorgie. Grant's recipe is still the one used today, guarded as a trade secret for well over a century, and the same works later gave the world the Jaffa Cake. The whole enterprise - now sold across dozens of countries - began in this single Rose Street shop, one workshop among many that gave the street its tradesman's character in the shadow of George Street's banks.","3-6.jpg","https://en.wikipedia.org/wiki/McVitie%27s"
"The Kenilworth","152-154 Rose Street, Edinburgh EH2 3JD","building","55.951841","-3.202286","About the building","A late-Victorian pub interior behind an unassuming Rose Street frontage, giving little hint of the ornate room inside. The building dates to around 1780, one of Rose Street's original plots, but the interior seen today is the work of architect Thomas Purves Marwick, fitted out in 1899 and trading as the Kenilworth by 1904, named for Sir Walter Scott's 1821 novel. Blue-and-white Minton tiles run floor-to-ceiling under brown-and-white banding, below a patterned red-and-cream plasterwork ceiling, with a Jacobean-revival timber gantry behind the bar. It is Category A listed - Rose Street's highest heritage grade.","","","A costly 1966 refit for the old Alloa Brewery, by architects Covell Matthews, restored the pub rather than modernised it - damaged tiling was remade in majolica so closely matched to the originals that today it takes an expert eye to tell 1899 from 1966. The result is one of the best-preserved Victorian pub interiors left in Edinburgh, on a street where most historic bars have long since been stripped out. Scott supplies the theme at one remove: further along Rose Street stands the Abbotsford, named after the house Scott built himself - two pubs, one novelist, one street.","3-7.jpg","https://britishlistedbuildings.co.uk/200369786-152-154-rose-street-edinburgh-edinburgh"
"Alexander Graham Bell Birthplace","14 South Charlotte Street, Edinburgh EH2 4AS","history","55.951113","-3.206488","About this address","Born here on 3 March 1847, Alexander Graham Bell spent his first years in this New Town flat before the family later moved to the edge of the city. The door numbering has shifted since: the flat was originally 16 South Charlotte Street, and the '16' can still be made out carved into the stonework above today's door, now numbered 14. His father, Alexander Melville Bell, was a renowned elocutionist who ran a school from here training teachers of the deaf using his own 'Visible Speech' system - work the young Bell grew up around, and would later echo in Boston. Both his mother and, eventually, his wife were deaf, a thread that ran through his life long before the invention that made him famous.","","","Bell left Edinburgh for good in 1870, aged 23, first for Canada and then the United States, where he opened his own school for deaf children in Boston - consciously modelled on his father's Edinburgh work - before patenting the telephone in 1876. A carved stone plaque beside the green door still reads simply: 'Alexander Graham Bell, Inventor of the Telephone, Born here 3rd March 1847.' He kept his ties to his native city throughout his life, visiting periodically and eventually being made a Freeman of Edinburgh in 1920, over four decades after the invention that made him famous.","3-8.jpg","https://en.wikipedia.org/wiki/Alexander_Graham_Bell"
"St John's Episcopal Church","St John's Church, Princes Street, Edinburgh EH2 4BJ","religious_building","55.950036","-3.206593","About the church","A Gothic Revival church at the corner of Princes Street and Lothian Road, marking the western gateway into Princes Street Gardens. Architect William Burn was only 25 when he designed it; building began in 1816 and it was dedicated as St John's Chapel on Maundy Thursday 1818. Its plaster fan-vaulted ceiling, modelled on the Henry VII Chapel at Westminster Abbey, is the single most striking feature inside. An Act of Parliament passed the same year construction began banned any further building on the north side of Princes Street, specifically to protect views of the Castle.","","","Dean Edward Bannerman Ramsay led the congregation from 1830 to 1872 and became one of Victorian Edinburgh's best-loved churchmen; a granite Celtic cross by Robert Rowand Anderson commemorates him on the Princes Street frontage. The kirkyard holds Anne Rutherford, Sir Walter Scott's mother, alongside Daniel Rutherford, the chemist who discovered nitrogen and was Scott's own uncle. In 2002 a tabot - a sacred replica of the Tablets of the Law used in Ethiopian Orthodox worship, looted by a Hussars officer over 130 years earlier - turned up at the back of a cupboard, was recognised for what it was by the church's associate rector, and was returned to Ethiopia amid huge celebrations.","3-9.jpg","https://en.wikipedia.org/wiki/St_John%27s,_Edinburgh"
"St Cuthbert's Parish Church","5 Lothian Road, Edinburgh EH1 2EP","religious_building","55.949638","-3.205093","About the church","Tucked into its own churchyard just below St John's, on ground worshipped continuously for longer than almost anywhere else in Edinburgh. Tradition holds that St Cuthbert founded a church here around AD 670, and the site is first documented in a charter of about 1127, when King David I granted St Cuthbert's all the land below the Castle rock. The current building, opened in 1894 to a design by Hippolyte Blanc, is only the latest in a long line on this spot - when the previous Georgian church of 1775 was itself demolished, evidence of six earlier buildings beneath it was reportedly found.","","","One thing did survive the 1894 rebuild: the elegant steeple added in 1789-90 by Alexander Stevens, kept standing throughout because it was better built and better looking than the shallow-pitched Georgian roof it once topped. The sprawling graveyard was a favoured target for Burke-and-Hare-era body-snatchers supplying the city's anatomy schools; a watchtower raised in 1827 at the graveyard's western corner still holds the watchmen's original gun cabinet on its first floor. Buried here: essayist Thomas De Quincey, logarithms inventor John Napier, and William Macao, reckoned the first naturalised Chinese citizen in Scotland.","3-10.jpg","https://en.wikipedia.org/wiki/St_Cuthbert%27s_Church,_Edinburgh"
"Ross Fountain","West Princes Street Gardens, Edinburgh EH1 2EU","monument","55.950075","-3.203062","About the monument","A three-tiered cast-iron fountain in ornate French Second Empire style, its nude and semi-nude figures an unlikely sight beneath Edinburgh Castle's ramparts. It was cast at the Durenne foundry in Sommevoire, France, and shown at the 1862 International Exhibition in South Kensington, where Edinburgh gunmaker Daniel Ross bought it for 2,000 pounds and gave it to the city. Shipped north to Leith in 122 separate pieces, it was bolted back together and installed here in West Princes Street Gardens in 1872, close to where the terrace path climbs toward Castle Street.","","","The water was switched off in 2008 as the ironwork corroded, and the fountain stood dry for almost a decade until a 1.9 million pound restoration - funded by the Ross Development Trust and carried out by conservators Lost Art Limited - reinaugurated it on 8 July 2018 in a fresh coat of turquoise, brown and gold expected to last around twenty years. Victorian Edinburgh was reportedly uneasy about the figures' undress when it first went up in 1872; some nineteenth-century guidebooks tiptoed around describing them too closely.","3-11.jpg","https://en.wikipedia.org/wiki/Ross_Fountain"
"Norwegian Memorial Stone","West Princes Street Gardens (terrace path near Castle Street), Edinburgh EH2 3AA","monument","55.950227","-3.202063","About the monument","A weathered grey boulder of Norwegian gneiss, propped on three smaller stones of the same rock and carved with a single inscription, standing quietly on the terrace path a short walk from the Wojtek memorial. It was presented to Edinburgh on 18 September 1978 by veterans of the Norwegian Brigade, the exiled force raised and trained in Scotland during the Second World War after Norway fell to German occupation in 1940. General Sir Roland Gibbs accepted it on behalf of the British Army, asking the Lord Provost to take the stone into the city's care.","","","The inscription reads simply: 'During the war years 1940-45 the Norwegian Brigade and other army units were raised and trained in Scotland where we found hospitality, friendship and hope during dark years of exile.' It's an unusual kind of monument - raised not to Scots by outsiders, but by outsiders thanking Scots - and an easy one to walk straight past. It sits within sight of a bear who served in a different exiled army raised in Scotland during the very same war: Wojtek, of the Polish 2nd Corps, memorialised a few dozen metres away.","3-12.jpg","https://canmore.org.uk/site/282353/edinburgh-west-princes-street-gardens-memorial-to-scottish-norwegian-training-areas"
"Scottish American War Memorial","West Princes Street Gardens (near Castle Street), Edinburgh EH2 3AP","monument","55.951047","-3.201029","About the monument","A bronze kilted infantryman sits on a granite plinth, rifle laid across his knees as if poised to rise, gazing toward Castle Rock; behind him a bronze frieze shows soldiers marching off behind a piper. Titled 'The Call 1914', it was sculpted by Robert Tait McKenzie, a Scottish-Canadian based at the University of Pennsylvania, and took him around four years to complete; the figures were cast at the Roman Bronze Works in Brooklyn before shipping to Scotland. Reginald Fairlie was the architect and Colin Macandrew & Partners the builders. It was unveiled on 7 September 1927 by the American Ambassador, Alanson B. Houghton.","","","The memorial was a direct gift 'from men and women of Scottish blood and sympathies in the United States of America to Scotland', funded entirely by Scottish-American donors rather than any government, to honour Scots who answered the call to arms in the First World War - the inscription still carries that dedication word for word. The frieze behind the soldier shows ordinary civilians falling into step behind a piper as they turn into recruits, a visual telling of exactly what the title describes. It stands close enough to Wojtek's own memorial that both can be seen from the same stretch of path.","3-13.jpg","https://en.wikipedia.org/wiki/Scottish_American_Memorial"
"Wojtek the Soldier Bear Memorial","West Princes Street Gardens, Edinburgh (near Castle Street terrace path)","monument","55.950850","-3.202106","About the monument","A bronze soldier of the 2nd Polish Corps walks here beside a bear at one-and-a-quarter life size, one hand resting easily on its back - the memorial to Wojtek, a Syrian brown bear cub bought from a boy in Iran in 1942 by Polish troops on their way to the war. He grew up inside the 22nd Artillery Supply Company, drinking beer, wrestling the men and eating their cigarettes rather than smoking them. Sculptor Alan Beattie Herriot made the pair, unveiled on 7 November 2015 and cast at Powderhall Bronze here in Edinburgh; behind them a low curved granite wall carries a four-metre bronze relief panel tracing Wojtek's wartime journey. The memorial sits on the terrace path in West Princes Street Gardens, below the castle rock near Castle Street.","","","Barred from British troopships as a pet, Wojtek was formally enlisted with a paybook and the service number 253. At Monte Cassino in 1944 he is said to have carried crates of artillery shells. After a year at Winfield Camp in the Scottish Borders, where the company was demobbed in 1947, his soldiers found they couldn't take him home and gave him to Edinburgh Zoo instead, where he died in 1963. The granite the pair stand on was quarried at Strzegom in Poland and shipped to Edinburgh, so that the soldier and his bear would always have a piece of their homeland underfoot.","3-14.jpg","https://en.wikipedia.org/wiki/Wojtek"
"Ross Bandstand","West Princes Street Gardens, Edinburgh","building","55.950561","-3.200081","About the building","An open-air concert venue in a natural bowl of West Princes Street Gardens, directly below Edinburgh Castle. The current structure, officially the Ross Open Air Theatre, was built in 1935 to a design by city architect E. J. Macrae, replacing an earlier bandstand of 1877 that had been gifted by William Henry Ross, chairman of the Distillers Company. It seats around 2,500 and has hosted the Edinburgh International Festival and Edinburgh Jazz Festival for decades, plus the annual Hogmanay concert and the Festival fireworks concert.","","","For nearly two decades this stage was also a battlefield of a different kind. From 2004, storm damage and an ambitious £25 million replacement scheme, nicknamed ""the Hobbit House"" in the press for its curved, grassed canopy roof, dragged through design competitions, hotelier-backed sponsorship deals and public objections over commercialising a free public park. US firm wHY won the international competition in 2017, but the scheme collapsed in 2021 when its main funder pulled out - so the 1935 bandstand still standing here is the one the fight never quite managed to replace.","4-1.jpg","https://threadinburgh.scot/2023/11/15/the-thread-about-the-ross-bandstand-or-170-years-of-squabbling-over-a-public-performance-space-in-west-princes-street-gardens/"
"Royal Scots Greys Monument","Princes Street, opposite Frederick Street, Edinburgh","monument","55.951379","-3.199398","About the monument","A bronze cavalryman of the Royal Scots Greys sits on horseback atop a rough-hewn rock pedestal above the gardens, facing Edinburgh Castle across the valley. Sculpted by William Birnie Rhind with Alessandro Parlanti between 1903 and 1906 and unveiled by Lord Rosebery in 1906, it commemorates the regiment's dead from the Second Boer War of 1899-1902. The soldier wears the exact uniform and equipment the Greys carried to South Africa in 1899, down to the bearskin cap.","","","Both the man and the horse are portraits, not composites. The rider was modelled on real Sergeant-Major Anthony James Hinnigan, and the horse beneath him is Polly, who genuinely served with the regiment in South Africa and was cast from life. Plaques added after both World Wars later extended the memorial to the regiment's dead from those conflicts too, so a monument raised for one war ended up carrying the names of three.","4-2.jpg","https://artuk.org/discover/artworks/royal-scots-greys-memorial-297128"
"The Mound","The Mound, Edinburgh","history","55.951052","-3.196364","About this address","The sloped road you're crossing between West and East Princes Street Gardens isn't natural ground, it's spoil. Constructed in stages between the 1780s and about 1830, an estimated 1.5 million cartloads of earth and rubble dug from the foundations of the New Town were tipped here into the drained bed of the old Nor Loch, gradually building a shortcut between the medieval Old Town and the new Georgian streets above. It was macadamised and landscaped by 1830 and today carries the Royal Scottish Academy and the Scottish National Gallery on its slopes.","","","The crossing began as a shortcut with a name: locals called it ""Geordie Boyd's Brig"", after an Old Town clothier who started laying planks across a tip of rubble around 1780, just so he could cross over and watch the new streets rise. The town council only turned his shortcut into an official project two years later, decreeing in 1782 that all New Town excavation spoil be dumped there systematically - and as the spoil heap grew into a proper crossing, Boyd's own house was eventually demolished to make way for it. History repaid his shortcut by forgetting his name: within a few decades ""Geordie Boyd's Brig"" had faded out of use, replaced by the plain, functional ""the Mound"" it still carries today. One thing survives underfoot that most walkers never notice - in 1959, engineers laid an experimental ""electric blanket"" heating system beneath the road surface to melt winter ice, long disused but still down there.","4-3.jpg","https://en.wikipedia.org/wiki/The_Mound"
"Allan Ramsay Monument","West Princes Street Gardens, foot of the Mound, Edinburgh","statue","55.951708","-3.197313","About the statue","A white Carrara marble statue of the poet and bookseller Allan Ramsay (1686-1758), carved by Sir John Steell and unveiled on 25 March 1865, standing on a pedestal designed by architect David Bryce. Ramsay is shown holding a book in one hand and a pencil in the other, wearing a soft cap rather than the powdered wig fashionable in his day. Medallion portraits of his family and descendants, including his painter son Allan Ramsay the Younger, decorate the sides of the pedestal.","","","The cap is a quiet joke about his first career. Before he became a leading figure of the early Edinburgh Enlightenment - founder of one of Britain's first circulating libraries and author of the pastoral comedy ""The Gentle Shepherd"" - Ramsay trained and worked as a wigmaker, and Steell dressed him in his own nightcap rather than the wig he'd once have sold his customers. The statue was commissioned by Lord Murray of Henderland in memory of his great-uncle.","4-4.jpg","https://en.wikipedia.org/wiki/Allan_Ramsay_(poet)"
"Gardener's Cottage","Princes Street Gardens (foot of the Mound), Edinburgh EH2 2HG","building","55.951424","-3.197230","About the building","Green-painted decorative barge-boarding and broad eaves give this asymmetrical, gabled cottage a storybook look, tucked in right where the Gardens' two halves meet at the foot of the Mound. City architect Robert Morham designed it in 1886 as the on-site home of the gardens' Head Gardener, built from squared and snecked bull-faced red sandstone; it's been Category C listed since 1985. No one has lived here for years - the interior was refurbished with period furniture and antiques in 2017, and the cottage now serves as campaign base for the Quaich Project, a partnership between the Ross Development Trust and the City of Edinburgh Council.","","","Sources can't even agree which half of the Gardens it belongs to - some call it West Princes Street Gardens, others East - a genuine reflection of how close it sits to the Mound's dividing line. Its most unexpected claim to fame: fans of the CBeebies children's series Tea Cup Travels (2014-2016) will recognise its exterior as Great Aunt Lizzie's cottage, though the interior scenes were filmed elsewhere.","4-5.jpg","https://www.canmore.org.uk/site/117454"
"Floral Clock","West Princes Street Gardens, foot of the Mound, Edinburgh","history","55.951724","-3.197253","About this address","A working clock made entirely of bedding plants, first switched on 10 June 1903, the earliest floral clock in Britain and among the first anywhere in the world. City parks superintendent John McHattie designed the planting with advice from James Mossman, a descendant of Mary Queen of Scots' court jeweller, while Edinburgh clockmakers James Ritchie & Son built the actual mechanism hidden beneath the flowerbed. It started with only an hour hand; a minute hand followed in 1904.","","","A mechanical cuckoo has popped out of a little house beside the clock to sound the quarter-hours since 1953, and the whole bed is dug up and replanted from scratch every single year around a new theme, past years have marked everything from royal jubilees to the centenary of the Flying Scotsman steam locomotive. The original clockwork drive ran until 1973, when it was finally converted to electric power, and thousands of individual plants go into the display each spring to keep the hands moving on time.","4-6.jpg","https://threadinburgh.scot/2023/06/11/the-thread-about-mr-mchattie-mr-ritchie-and-the-floral-clock-in-princes-street-gardens/"
"Royal Scottish Academy Building","The Mound, Edinburgh","gallery","55.951675","-3.196289","About the gallery","A Greek Doric temple front designed by William Henry Playfair and built 1822-26 as the Royal Institution, home in turn to the Royal Society of Edinburgh and the Board of Manufactures before the Royal Scottish Academy took permanent occupancy in 1911. Its foundations needed roughly 2,000 timber piles driven into the soft ground of the old Nor Loch bed before Playfair could build on it at all. Sir John Steell added the rooftop sculpture and the corner sphinxes; the building still hosts rotating exhibitions today, including the RSA's own annual show.","","","The figure crowning the pediment is often assumed to be an emblem of wisdom, which isn't far from what almost happened: Playfair's original plan for the spot called for Pallas Athena, the Greek goddess of wisdom herself. That design was dropped, and what actually went up in 1844 is Queen Victoria posed as Britannia, sculpted by Steell not long after she came to the throne - Victoria was reportedly pleased enough by the honour that she had a model of the building sent all the way to London so she could personally approve exactly where her own statue would stand. It would be nearly two centuries before this building's other unfinished relationship was resolved: a £32 million underground project completed in the 2010s, the Playfair Project, finally linked it to its neighbour, the Scottish National Gallery, by a tunnel beneath the Mound - meaning the two Playfair buildings that had stood side by side for close to two centuries were only physically joined within living memory.","4-7.jpg","https://en.wikipedia.org/wiki/Royal_Scottish_Academy_Building"
"John Wilson Statue","East Princes Street Gardens, Edinburgh","statue","55.951953","-3.196100","About the statue","A bronze of Professor John Wilson (1785-1854), shown in a thoughtful pose holding a half-open manuscript and a quill pen. Sculpted by Sir John Steell and unveiled on 25 March 1865, the same day as the nearby Allan Ramsay statue. Wilson held the Chair of Moral Philosophy at Edinburgh University from 1820 to 1851, but is remembered at least as much for his other life as ""Christopher North"", the swaggering, pseudonymous voice of the Tory literary journal Blackwood's Edinburgh Magazine.","","","His appointment to the philosophy chair was a political stitch-up rather than an academic one: Sir William Hamilton was privately reckoned the best-qualified candidate in Britain, but Edinburgh's Tory-run town council pushed Wilson through instead, with Sir Walter Scott leading the campaign for him. He more than made up for it in sheer output - in 1834 alone he wrote over fifty articles for Blackwood's - and as Christopher North he co-created ""Noctes Ambrosianae"", a long-running series of fictional tavern conversations mixing literary criticism with drinking talk, featuring a character based on his friend the poet James Hogg.","4-8.jpg","https://en.wikipedia.org/wiki/John_Wilson_(Scottish_writer)"
"Scottish National Gallery","The Mound, Edinburgh","gallery","55.950902","-3.195686","About the gallery","Scotland's national collection of Old Master and Scottish paintings, in a neoclassical building designed by William Henry Playfair. Prince Albert laid the foundation stone on 30 August 1850, calling it in his speech a ""temple erected to the Fine Arts"", and it opened to the public in 1859. It stands immediately south of Playfair's earlier Royal Scottish Academy building on the same ridge, the two structures forming a matched pair astride the Mound.","","","Playfair's original, more ambitious design for the site was rejected as too expensive, and what got built is a scaled-down version, yet even that came with an eccentric extra: plans made public in 2025 for the gallery's 175th anniversary show Victorian engineers had drawn up proposals for a swimming bath in the basement, which was never built. The gallery's Weston Link, opened underground in 2019 as part of the £32 million Playfair Project, now connects it directly to the Royal Scottish Academy next door and down into the gardens below.","4-9.jpg","https://en.wikipedia.org/wiki/Scottish_National_Gallery"
"Playfair Steps","Playfair Steps, Edinburgh","architectural_point","55.950420","-3.194904","About the building","A broad flight of stone steps dropping from Market Street, at the top of the Mound, down to the wide paved forecourt between the Royal Scottish Academy and the Scottish National Gallery. Built around 1828, they're named after William Henry Playfair, architect of both galleries and much else in the city, and they form one of the main pedestrian links between the Old Town above and Princes Street Gardens below.","","","During the Edinburgh Festival Fringe, these steps and the plaza at their foot turn into one of the city's busiest informal stages, packed with street performers, jugglers and the crowds who stop to watch them, all summer long. The steps were closed for four years during construction work on the adjoining National Galleries site and only reopened to the public in July 2023, a long wait for what is, in normal times, one of the most heavily used staircases in the city.","4-10.jpg","https://www.scottish-places.info/features/featurefirst90294.html"
"Adam Black Statue","East Princes Street Gardens, Edinburgh","statue","55.952213","-3.194415","About the statue","A bronze statue of publisher and politician Adam Black (1784-1874), shown in the robes of Lord Provost of Edinburgh, holding a scroll. Sculpted by John Hutchison and erected in 1877, three years after Black's death. He founded the publishing house A & C Black, brought out the 7th, 8th and 9th editions of the Encyclopaedia Britannica, served two terms as Lord Provost of Edinburgh, and sat as one of the city's MPs in Parliament from 1856 to 1865.","","","Black's biggest single business gamble paid off spectacularly: in 1851 his firm paid £27,000, an enormous sum at the time, to buy up the copyright and printing stock of Sir Walter Scott's Waverley novels, then republished them in cheap shilling editions that put Scott's fiction into ordinary readers' hands for the first time and turned a solid profit for A & C Black in the process. He had started out as a humble Edinburgh bookseller's apprentice.","4-11.jpg","https://en.wikipedia.org/wiki/Adam_Black"
"David Livingstone Statue","East Princes Street Gardens, next to the Scott Monument, Edinburgh","statue","55.952472","-3.192737","About the statue","A bronze of the explorer and missionary David Livingstone (1813-1873), shown mid-stride in a cloak, a Bible in one hand and a lion skin draped at his side. Sculpted by Amelia Robertson Hill and unveiled on 15 August 1876, just three years after Livingstone's death in what is now Zambia. The lion skin recalls an 1844 mauling in which a lion crushed his arm and shoulder, an injury that left him unable to raise that arm fully overhead for the rest of his life.","","","The sculptor was a rarity for her era: Amelia Robertson Hill exhibited more than sixty works at the Royal Scottish Academy over her career, yet was barred from full RSA membership purely for being a woman, so in 1877 she helped found Edinburgh's Albert Institute of Fine Arts as an exhibiting society that didn't discriminate by gender. She has a second, closer connection to this walk too: Hill also sculpted three of the figures decorating the Scott Monument, just a few steps from where this statue now stands. Its listing was upgraded from Category B to full Category A in 2002.","4-12.jpg","https://en.wikipedia.org/wiki/Statue_of_David_Livingstone,_Edinburgh"
"The Scott Monument","East Princes Street Gardens, Edinburgh","monument","55.952369","-3.193265","About the monument","A Victorian Gothic spire of pale Binny sandstone, built 1840-44 and standing 61.1 metres tall. Visitors can climb 287 steps through four viewing platforms to look out over the city. Around its base and up its sides sit 68 carved statuettes of characters from Scott's novels, and a white marble statue of Sir Walter Scott himself by John Steell. Its architect wasn't a trained architect at all. George Meikle Kemp was a self-taught joiner and draughtsman who entered the 1836 design competition under the pseudonym 'John Morvo' - the name of Melrose Abbey's medieval master mason - expecting his lack of credentials to sink his chances.","","","George Meikle Kemp won the competition to design it, but never saw it finished: walking home from the site on a foggy night in March 1844, he fell into the Union Canal and drowned. What rose in his place became one of the largest monuments ever built to a writer anywhere in the world - at 61 metres, it's often cited as second only to the José Martí memorial in Havana, Cuba, meaning Edinburgh's tribute to a novelist outranks, in sheer scale, monuments to almost every other writer on the planet. Its famous black colour isn't the stone's own, either: Binny sandstone is naturally pale, and a century and a half of coal smoke from 'Auld Reekie' is what turned it dark.","4-13.jpg","https://en.wikipedia.org/wiki/Scott_Monument"
"Castle View","West Princes Street Gardens, near Ross Bandstand, Edinburgh","viewpoint","55.951306","-3.200209","About the view","From the floor of West Princes Street Gardens, the classic upward view of Edinburgh Castle: a fortress balanced on a sheer volcanic crag rising straight out of what is now manicured parkland. Castle Rock is the neck of an extinct volcano, hard dolerite formed roughly 340 million years ago in the Carboniferous period. Glaciers later ground west to east across the landscape, scouring away the softer surrounding rock on every side except the sheltered eastern flank - leaving the classic 'crag and tail' shape still visible today: the sheer cliff facing this viewpoint, and the long gentle slope of the Royal Mile trailing away behind the fortress on the far side.","","","The lawn underfoot used to be underwater. King James III had this natural hollow flooded around 1460 to create the Nor Loch, a defensive loch guarding the castle's northern approach - shallow, stagnant, and for centuries the dumping ground and sewer outlet for the Old Town above. Engineer James Jardine drained its western end between 1813 and 1820 to make way for what became Princes Street Gardens, so this entire grassy vantage point once sat several metres underwater.","4-14.jpg","https://en.wikipedia.org/wiki/Nor_Loch"
"The Johnnie Walker Experience","145 Princes Street, Edinburgh EH2 4BL","building","55.950343","-3.207608","About the building","This corner of Princes Street and Frederick Street now houses one of Scotland's most ambitious pieces of whisky tourism: an eight-storey immersive experience built inside a completely remodelled former department store (the old Binns store), opened to the public on 6 September 2021. Diageo, the drinks giant behind Johnnie Walker, poured £185 million into the project - the single largest investment ever made in Scotch whisky tourism - transforming the historic building into tasting rooms, interactive galleries tracing the brand's 200-year history, and a rooftop bar looking straight across the city to Edinburgh Castle.","","","The experience employs around 150 people and was projected to draw more than half a million visitors in its first year alone - a serious bet on whisky tourism as a growth industry, not just a gift shop for tour buses. Every level tells a different part of the brand's story through film, tasting flights and design details drawn from Johnnie Walker's own history, before finishing on a rooftop terrace with one of the best publicly accessible skyline views in the city.","3-15.jpg","https://www.johnniewalker.com/en-gb/princes-street-about"
"Social Bite","131 Rose Street, Edinburgh EH2 3DT","building","55.951883","-3.202645","About the building","This modest café on Rose Street is where the whole Social Bite movement began. In 2012, Josh Littlejohn and Alice Thompson opened it as a coffee shop that gave its profits to good causes - a straightforward idea that turned into something much bigger. Not long after opening, a young man named Peter, who had been selling The Big Issue outside, came in and asked for a job; hiring him convinced the founders to build supported employment for people with experience of homelessness into the heart of the business, rather than treating it as a side project.","","","That single Rose Street shop has since grown into a nationwide social enterprise employing over 75 people - many with lived experience of homelessness - and giving away more than 200,000 items of food a year to people in need. Josh Littlejohn was appointed MBE for the work, and Social Bite's profile grew further when actor and activist George Clooney became a high-profile supporter of the cause.","3-16.jpg","https://www.social-bite.co.uk/who-we-are/our-story/"
"Statue of the Royal Regiment of Scotland","West Princes Street Gardens, between the amphitheatre and Ross Fountain, Edinburgh","statue","55.950300","-3.202133","About the statue","A reclining bronze lion, inspired directly by the Royal Regiment of Scotland's own cap badge, unveiled by King Charles III on 1 July 2026 in West Princes Street Gardens - sited deliberately between the amphitheatre and Ross Fountain, with the Regiment's headquarters at Edinburgh Castle as its backdrop. Sculptor Kenny Hunter cast the lion in six separate sections, each representing one of the six historic Scottish infantry regiments that amalgamated in 2006 to form the modern Royal Regiment of Scotland.","","","The unveiling marked the Regiment's 20th anniversary, but its creators were explicit that the statue isn't a war memorial - it's meant as a quieter tribute to everyone who has served, is serving, or will serve in future, with the lion's reflective, contemplative pose chosen deliberately over anything more triumphant or martial.","3-17.jpg","https://www.theroyalregimentofscotland.org/identity/scots-statue"
"Police Box Cafe","Rose Street, Edinburgh","recurring_feature","55.951515","-3.204517","About this feature","This pastel pink-and-green kiosk on Rose Street is one of Edinburgh's police boxes - miniature one-person police stations that once stood on street corners across the city, now doing a brisk trade in coffee instead of crime-fighting. City architect Ebenezer MacRae designed the model from 1933, giving each box a pediment, pilasters and cast-iron panelling deliberately styled to blend into the New Town's neo-classical streetscape rather than stand out as municipal furniture. An officer on the beat could check in by phone, log a report, or briefly hold someone inside before a van arrived.","","","Despite the resemblance, these are not the same design as Doctor Who's TARDIS - that's modelled on London's police box, a different pattern entirely. Sources vary on the exact original total (widely cited figures range from around 85 up to 142 boxes built across the city from 1933), and the count still standing today is equally hard to pin down - many were decommissioned once radios made them obsolete, and in 2014 the police sold off another 14 of their remaining boxes, keeping just one for themselves. Most survivors, like this one, have been sold on and repurposed as coffee kiosks, flower stalls or takeaway hatches - a genuine recurring sight worth spotting elsewhere on this walk and around the city.","3-18.jpg","https://theedinburghreporter.co.uk/living-in-edinburgh/edinburgh-police-boxes/"
"Duke of Wellington Statue","9 Waterloo Place, Edinburgh EH1 3BG","statue","55.953486","-3.189153","About the statue","Bronze hooves frozen mid-stride, Arthur Wellesley - 1st Duke of Wellington - sits astride his real Waterloo warhorse Copenhagen, arm flung east toward Waterloo Place as if still giving the order to advance. Sir John Steell won the commission in 1842 and unveiled the statue on 18 June 1852, the 37th anniversary of Waterloo itself, planting the Iron Duke directly in front of General Register House at the eastern end of Princes Street, where he's kept watch over the traffic ever since.","","","Wellington himself, then 83 and in his final months, did not attend the unveiling, but surviving veterans of his campaigns turned out for the ceremony. Copenhagen, the horse, was entirely real: Wellington rode him throughout the Waterloo campaign and kept him in retirement afterwards until he died in 1836, aged 28, and was buried with full military honours. In mid-2026 the statue started turning up in the news for an unwanted reason - spotted wearing a traffic cone, copying a decades-old Glasgow tradition around that city's own Wellington statue after Tartan Army fans crowned statues abroad during the World Cup, a trend Edinburgh councillors have publicly called 'undignified'.","5-1.jpg","https://canmore.org.uk/site/115603/edinburgh-princes-street-general-register-house-duke-of-wellington-statue"
"General Register House","2 Princes St, Edinburgh EH1 3YY","building","55.953826","-3.189325","About the building","Robert Adam's neoclassical archive rises behind a screen of paired columns, its foundation stone laid on 27 June 1774 as the first building anywhere in Britain or Ireland purpose-built to store public records. Money ran dry more than once, and it wasn't fully finished until 1834 - sixty years after it began. At its heart sits the Adam Dome, a 50-foot-wide rotunda lit only by a central oculus and modelled on Rome's Pantheon.","","","Adam worked small carved thistles into the dome's otherwise thoroughly Roman-inspired anthemion frieze, a quiet Scottish signature in an imported classical language. The building still does the job it was built for nearly 250 years later, holding centuries of Scotland's birth, marriage, death and court records, and remains the seat of the Lord Clerk Register and Lord Lyon King of Arms. It was actually judged too small before it was even finished - later architects Robert Reid and Archibald Elliot were called back in to extend it and dig further storage into the basement.","5-2.jpg","https://en.wikipedia.org/wiki/General_Register_House"
"The Balmoral Hotel","1 Princes St, Edinburgh EH2 2EQ","building","55.953036","-3.189537","About the building","A red sandstone clock tower rises 190 feet above Princes Street, its four 13-foot dials - made by Edinburgh jewellers Hamilton & Inches - visible across half the New Town. The hotel opened on 15 October 1902 as the North British Station Hotel, built directly above Waverley Station by the North British Railway to a design by William Hamilton Beattie. Sean Connery renamed it The Balmoral during a major 1991 refurbishment, and Rocco Forte Hotels has owned it since 1997.","","","The clock has run three minutes fast since it first started ticking in 1902, a deliberate trick to help travellers dashing for their train actually catch it - it's only ever set right once a year, at midnight on Hogmanay. J.K. Rowling finished writing Harry Potter and the Deathly Hallows in room 552 here on 11 January 2007, later signing a marble bust in the room with the date and a line from the book. The hotel became the first in Scotland to earn a five-star Forbes Travel Guide rating, and past guests have ranged from Laurel and Hardy in 1932 to Oprah Winfrey in 2010.","5-3.jpg","https://en.wikipedia.org/wiki/Balmoral_Hotel"
"Waverley Bridge","Waverley Bridge, Edinburgh","architectural_point","55.951885","-3.191787","About the building","Iron girders span the gap between Princes Street and Market Street below; lean over the parapet and you can see straight down into Waverley Station's platforms - this bridge doubles as the station's own roof. Built 1894-96 by engineers Blyth and Westland, it's Category A listed and one of three parallel crossings of this old loch-bed valley, alongside North Bridge and the Mound. Two carriageway ramps once let cars and taxis descend straight into the station concourse; that vehicle access closed in January 2014, leaving the ramps to pedestrians, cyclists and deliveries.","","","Halfway across the bridge sits the former Waverley booking office - itself Category A listed - reborn in March 2016 as J D Wetherspoon's The Booking Office pub, so crossing today can mean stopping for a pint directly above the trains rumbling through the station underneath.","5-4.jpg","https://en.wikipedia.org/wiki/Waverley_Bridge"
"Edinburgh Waverley Station","Waverley Railway Station, Edinburgh EH1 1BB","building","55.951933","-3.189568","About the building","Twenty platforms fan out beneath a vast glass roof here, Scotland's second-busiest railway station tucked into a valley the Old and New Town were built around rather than through. It formed in the 1860s when the North British Railway merged three rival Victorian stations that had grown up here since 1846 - North Bridge, General and Canal Street - under a name, 'Waverley', already used informally from around 1854 and borrowed from Sir Walter Scott's novels. The roof overhead was most recently reglazed with 370,000 square feet of clear panels between 2010 and 2012.","","","A legal covenant dating back to the station's construction bans any building upward on the site, specifically to protect the view of Arthur's Seat from Princes Street above - one reason Waverley has always had to spread sideways and down into the valley rather than up, squeezed as it is between the Old and New Towns. Because it sits down in that valley, the station is almost entirely hidden from street level, with separate entrances dropping in from Waverley Bridge, Market Street and Princes Street on three different sides of the surrounding city blocks.","5-5.jpg","https://en.wikipedia.org/wiki/Edinburgh_Waverley_railway_station"
"Waverley Market","3/48 Waverley Bridge, Edinburgh EH1 1BQ","building","55.952751","-3.190739","About the building","This sunken plaza sits below street level by design - its roof was built deliberately flush with Princes Street to keep the classic view across to the Castle and Old Town unbroken. A Victorian fruit and vegetable market moved here in 1869 after the original marketplace under North Bridge was swallowed by the growing railway, and was roofed over in 1874 with an iron-and-glass hall that even had a rooftop garden for entertainment. That hall closed in November 1972 and was demolished the following year; the shopping centre here opened in November 1984 and was formally opened by the Queen on 25 July 1985.","","","The centre has changed its name almost as often as its shop mix - Waverley Market, then Waverley Shopping Centre, then Princes Mall from 2004, then Waverley Mall from 2016 - before reverting back to its original name, Waverley Market, in a full-circle rebrand.","5-6.jpg","https://en.wikipedia.org/wiki/Waverley_Market"
"Fruitmarket Gallery","45 Market St, Edinburgh EH1 1DF","gallery","55.951309","-3.189443","About the gallery","This building started out in 1938 as a genuine fruit and vegetable market, set right beside the railway that once carried the produce in - a working history still legible in its plain, functional brick. Founded as a gallery in 1974 and renovated by Richard Murphy Architects in 1994, it shows international and Scottish contemporary art free of charge, alongside talks and events. A £4.3 million expansion completed in 2021 converted a neighbouring former fruit warehouse - later the Electric Circus nightclub - into a second exhibition wing, roughly doubling the gallery's footprint.","","","In 2011 the gallery commissioned Turner Prize-winner Martin Creed's marble reclad of the nearby Scotsman Steps - a free public artwork just round the corner, and the gallery's own contribution to that year's Edinburgh Art Festival.","5-7.jpg","https://en.wikipedia.org/wiki/Fruitmarket_Gallery"
"Scotsman Steps","Scotsman Steps, Edinburgh EH1 1BU","architectural_point","55.951171","-3.188506","About the building","104 stone steps spiral up inside an octagonal tower, climbing from Market Street and Waverley Station below to North Bridge above. Built between 1899 and 1902 as part of the same grand new headquarters going up next door for The Scotsman newspaper, the staircase spent decades afterwards as a dark, neglected shortcut, better known for litter and antisocial behaviour than for anything else.","","","In 2011, Turner Prize-winning artist Martin Creed reclad every one of the 104 steps in a different marble drawn from quarries on every continent, a permanent public artwork titled Work No. 1059 and commissioned by the neighbouring Fruitmarket Gallery. Creed described climbing it as being 'like walking through the world' - and the £250,000 installation transformed the once-neglected passage into a genuine, free-to-visit piece of public art.","5-8.jpg","https://en.wikipedia.org/wiki/The_Scotsman_Steps"
"The Scotsman Hotel","20 North Bridge, Edinburgh EH1 1TR","building","55.951068","-3.188246","About the building","Pinkish sandstone turrets and ornate baronial gables crown this Edwardian block, completed in 1902 to designs by Dunn & Findlay as headquarters for The Scotsman newspaper - then Scotland's leading national daily - and deliberately built to command the North Bridge skyline. Printing presses ran in the lower floors and editorial staff worked the middle ones, while, in a nod to older ways of getting news out fast, a pigeon loft once occupied the attic. Sitting right beside Waverley Station let finished papers reach the trains within minutes of coming off the press.","","","The Scotsman finally moved out in 1999, and the building reopened in 2001 as a luxury hotel, keeping its oak-panelled Edwardian reception hall as a bar and turning the old basement printing-press room into a fitness suite - so guests now work out in the very room where the next day's headlines used to roll off the presses. A ceremonial staircase of Carrara marble still winds up through the building's core, unchanged from the newspaper's day.","5-9.jpg","https://en.wikipedia.org/wiki/The_Scotsman_Hotel"
"Jinglin' Geordie","22 Fleshmarket Cl, Edinburgh EH1 1DY","building","55.950964","-3.188842","About the building","This close-hugging pub takes its name from George Heriot, the wealthy 16th and 17th-century Edinburgh goldsmith and moneylender nicknamed 'Jinglin' Geordie' for the coins that jingled in his pockets as he walked the Old Town. Heriot lived right here on Fleshmarket Close with his first wife, Christian Marjoribanks, and lent substantial sums to King James VI and Queen Anne. Inside, a long-case clock, stained-glass thistle and saltire windows, and old prints and photographs of Edinburgh keep the pub's history on show.","","","When Heriot died in 1624 he left almost his entire fortune to found a hospital school for 'fatherless boys, freemen's sons of the town of Edinburgh' - a bequest that became George Heriot's School, still one of Edinburgh's best-known independent schools today, endowed by a goldsmith who once lived and worked just a few steps from where his namesake pub now stands. Three and a half centuries later, the pub kept far less pious company for a season: George Best is remembered as a regular here during his brief, chaotic stint playing for Hibernian in 1979-80, a flash of football glamour dropped into a pub otherwise steeped in 17th-century goldsmith history.","5-10.jpg","https://www.edinburghexpert.com/blog/edinburghs-local-heroes-jinglin-george-heriot"
"Halfway House","24 Fleshmarket Cl, Edinburgh EH1 1BX","building","55.950995","-3.188861","About the building","Widely reckoned Edinburgh's smallest pub, the Halfway House is tucked exactly halfway up the steep flight of steps that make up Fleshmarket Close, between Market Street and Cockburn Street. Squeeze inside and the tiny bar counter fits no more than about four people at once, with a couple more tables and booths wedged in around it, the walls hung with railway memorabilia fitting for a pub standing this close to Waverley Station.","","","Despite its size it punches well above its weight: CAMRA named it Scottish and Northern Ireland Pub of the Year in 2005 and Edinburgh Pub of the Year in 2009. It takes cask ale seriously too, with four handpumps of guest beers rotating daily alongside its own house-label Tullibardine malt whisky behind the bar. It now operates as part of the Old Town Pub Co, one of fifteen Old Town venues run by Bruce Group Scotland, though it still trades and is reviewed as a genuine free house rather than a chain outlet.","5-11.jpg","https://edinburgh.org/point-of-interest/the-halfway-house/"
"Fleshmarket Close","Market St & Fleshmarket Cl, Edinburgh EH1 1DE","history","55.951181","-3.188936","About this address","This steep, narrow medieval alley climbs from Market Street, just behind Waverley Station, up to Cockburn Street and the High Street above - and it earns its name honestly. Butchers once hung carcasses along this passage, with blood running down the slope toward the old Nor Loch that used to fill the valley now occupied by Princes Street Gardens. The flesh (meat) market had moved here from beside the Tron Kirk by the late 17th century, and the close remains one of the most-used routes between the railway station and the Old Town today.","","","It lent its name to Fleshmarket Close, the fifteenth Inspector Rebus novel by Edinburgh crime writer Ian Rankin, published in 2004, and long housed the Jinglin' Geordie pub, once a favourite haunt of journalists from the Evening News and The Scotsman until both papers moved out to Holyrood in 1999. More recently, in June 2025, the close was used to film J. J. Abrams's The Great Beyond, starring Glen Powell, Jenna Ortega, Emma Mackey and Samuel L. Jackson.","5-12.jpg","https://en.wikipedia.org/wiki/Fleshmarket_Close,_Edinburgh"
"The Booking Office","17 Waverley Bridge, Edinburgh EH1 1BQ","building","55.951772","-3.191508","About the building","This single-storey building began life as Edinburgh Waverley's original booking office, built by the North British Railway Company as the station was rebuilt through the 1890s. Passengers bought tickets here until the office became the station's parcels office around 1984, after which its timber-panelled counters were cleared out. Grade A listed and sitting directly above the station concourse - forming part of Waverley's own roof - the building later passed through spells as licensed premises and a restaurant before J D Wetherspoon opened The Booking Office here in March 2016.","","","The pub's entrance floor carries a replica of the mosaic that once covered the real Victorian booking hall nearby, showing the North British Railway Company's coat of arms - the original, laid between 1892 and 1902, was ripped out with the old wood-panelled ticket counters in 1970. Photographs on the walls recall the station's steam-age heyday: the Flying Scotsman at the platform, 1945 refreshment trolleys, and the sleek 1960s Elizabethan express, alongside fragments salvaged from the very booking office the pub now occupies.","5-13.jpg","https://www.jdwetherspoon.com/pub-histories/the-booking-office-edinburgh/"
"The Edinburgh Dungeon","31 Market St, Edinburgh EH1 1DF","building","55.951130","-3.190911","About the building","Sunk down in the valley behind Waverley Station, this Category B listed row of buildings at 31-39 Market Street makes a fittingly gloomy, half-underground setting for what's inside. Opened in 2000 by Vardon Attractions (now part of Merlin Entertainments, which also runs the original London Dungeon), it takes visitors through roughly 500 years of Scotland's darker history using live actors, sets and special effects rather than static displays - eleven shows and a ride, staffed by around fifteen actors, spread through the building's vaulted rooms.","","","The cast of characters leans into Edinburgh's grislier past: Burke and Hare, the 1820s body-snatchers-turned-murderers who sold corpses to anatomists; Agnes Finnie, tried as a witch in 1644; and the legend of Sawney Bean, Scotland's supposed cannibal cave-dweller. The finale is the Drop Ride to Doom, a free-fall drop staged as a mock execution. A £500,000-plus refit in November 2016 rebuilt the Witch Hunt show around a new steel structure and an effects combination Merlin billed at the time as a world first for the format.","5-14.jpg","https://en.wikipedia.org/wiki/Edinburgh_Dungeon"
"City Art Centre","2 Market St, Edinburgh EH1 1DE","gallery","55.951082","-3.189403","About the gallery","Nine iron-framed storeys clad in restrained Beaux Arts stone, built 1899-1902 by architects Dunn and Findlay - the same firm and years as The Scotsman Hotel further up North Bridge - originally as an extension of the newspaper's works before it became part of Edinburgh's wholesale fruit and vegetable market. The City of Edinburgh Council converted it into a public gallery in 1980, a scheme by City Architect Brian Annable that won a RIBA Award for Architecture in 1983, and a 1990s expansion opened it out into six full floors of neutral, flexible gallery space.","","","The council's own collection here runs to around 4,800 works of Scottish art from the 17th century to today - paintings, photography, sculpture and contemporary media by names like J.D. Fergusson, Joan Eardley and Eduardo Paolozzi - though with no permanent display, what's actually on the walls changes with each exhibition. A 1961 bequest from Edinburgh resident Jean Watson has quietly funded more than 900 acquisitions to the collection since, still shaping what turns up on show today.","5-15.jpg","https://en.wikipedia.org/wiki/City_Art_Centre"
"Metal Thistle Sculpture","6 Market St, Edinburgh","monument","55.951053","-3.189573","About the monument","Officially titled 'Blawn Wi' The Wind' (Scots for 'Blown with the Wind'), this hand-forged thistle sculpture stands outside the Market Street Hotel at 6 Market Street, its heads and leaves bent and rippling as though genuinely caught mid-gust. It's the work of blacksmith and metalwork artist Kev Paxton and his team at ArtFe, based in Ratho just outside Edinburgh, who built it from mild steel and reclaimed scrap - old farmers' fencing wire and parts salvaged from past exhibition stands among it - forged into Scotland's national flower.","","","After dark the sculpture is lit from below in purple LED, the thistle's traditional colour, making it glow against the surrounding stonework. Paxton has described the piece as a nod to the plant's old reputation for a 'don't mess with me' resilience - its spiked defiance standing in for courage and determination. Getting a permanently lit sculpture fixed into a public footpath inside a UNESCO World Heritage Site was its own undertaking: architects Leask, working alongside Paxton, had to navigate the 'complexities of consents, permits and logistics' the site demanded before it could go in.","5-16.jpg","https://www.leaskarchitects.co.uk/thistle.html"
"Waverley Steps","Waverley Steps, Edinburgh","architectural_point","55.952956","-3.190100","About the building","This broad stairway down from Princes Street into Waverley station's concourse first opened in 1902, built alongside the North British Hotel next door - now the Balmoral - by the same North British Railway Company that owned them both. Flanked by original 1902 shopfronts to the east and Waverley Market to the west, the steps stayed largely unchanged for over a century until Network Rail rebuilt them in 2010-2012: a new escalator and lift were added for accessibility, all sheltered under a glass-and-steel canopy by Jefferson Sheard Architects, its frameless glass panels held up on branching steel 'tree' columns running down the centre of the stairs.","","","Before the canopy, older Edinburgh residents remember the open steps as one of the windiest spots in the city centre - a funnel between the valley and Princes Street catching gusts from every direction. The £7 million rebuild had to satisfy tight heritage constraints: Waverley is a Grade A listed station inside a UNESCO World Heritage Area, so every part of the new structure needed sign-off before a single glass panel went up. The steps can still be gated shut at the top today, whenever the station closes for the night.","5-17.jpg","https://en.wikipedia.org/wiki/Waverley_Steps"
"Cockburn Street","Cockburn St, Edinburgh","architectural_point","55.950604","-3.189837","About the building","Curving stone tenements in the Scots Baronial style, crow-stepped gables and turrets catching the light, line a street that has no business existing in a medieval street plan - and that's exactly the point. Cockburn Street was cut through the Old Town's solid tenement blocks between 1856 and 1864, curving from the High Street down to Market Street to ease the gradient for carriages heading to the new Waverley Station below. It was built by the High Street and Railway Station Access Company under the Railway Station Acts of 1853 and 1860. Most of its ornate buildings went up under architects Peddie & Kinnear between 1859 and 1861, and if you look closely at the stonework you'll spot their trademark carved 'PK' monogram worked into gables and window surrounds along the street. It took its name from Henry, Lord Cockburn, an Edinburgh judge and early defender of the Old Town's character, who died in 1854 before construction began.","","","The street's gentle S-curve and shallow gradient - about 1-in-14 - were deliberately engineered so horses and carriages could manage the climb from Waverley Station up to the Old Town, cutting straight through several of the Old Town's historic closes to do it. Lord Cockburn never saw the street bearing his name, and the irony runs deeper: shortly before his death he'd campaigned loudly against exactly this kind of Old Town 'improvement' scheme. Its curving pavement today is known for something else entirely - independent shops selling records, comics, tattoos and vintage clothes, a countercultural reputation quite different from the grand retail parade its builders had in mind.","6-1.jpg","https://en.wikipedia.org/wiki/Cockburn_Street,_Edinburgh"
"Craig's Close","1 Craig's Close, Edinburgh EH1 1BN","history","55.950804","-3.190008","About this address","Barely wide enough for two people to pass, Craig's Close is one of the Old Town's oldest, its stone walls closing in as you head down from the High Street. It's named after John Craig, a burgess who acquired the land through marriage, and for two centuries this cramped passage was a hub of Edinburgh printing: Andro Hart printed an influential Scottish edition of the Bible from a house at its head around 1610, and Edinburgh's first regular newspaper, the Edinburgh Courant, rolled off presses here from 14 February 1705. Its original High Street entrance, once almost directly opposite the Mercat Cross, was sealed off in 1932 when the council's municipal offices were extended; today the close survives only as a short passage between Cockburn Street and Market Street.","","","Andro Hart's press wasn't always so devoutly employed: in 1596 he was among the leading participants in a riot in which an armed mob besieged King James VI inside the Old Tolbooth, and by February 1597 he'd been marched off as a prisoner to Edinburgh Castle alongside two other booksellers for his part in it - the future Bible-printer as rabble-rouser, more than a decade before his best-known edition ever went to press. A plaque near the foot of the close's steps commemorates a later chapter in its literary history: poet Robert Fergusson's membership of the Cape Club, a boisterous eighteenth-century dining and drinking society for Edinburgh's writers and artists. Barely wide enough for two people to pass, the close is easy to miss entirely from Cockburn Street, yet across two centuries it printed some of the earliest scripture and news ever set in type in Scotland.","6-2.jpg","https://curiousedinburgh.org/2018/04/24/craigs-close/"
"Old Fishmarket Close","Old Fishmarket Close, Edinburgh","history","55.949828","-3.189740","About this address","Old Fishmarket Close plunges steeply from the High Street down to the Cowgate, cobbles slick underfoot, named for a fish market once held partway down its length; its earliest recorded name, Swift's Wynd, dates back to 1427. During the 'Lang Siege' of 1573 the close was bombarded along with much of the Royal Mile, and in April 1585 a girl working here became the first recorded victim when plague reached Edinburgh. George Heriot, the goldsmith later famous for endowing George Heriot's School, lived in the close in 1586. In 1705 a Dutchman named Abraham Sever reportedly kept a touring elephant in a flat here, to the fury of a baker below whose ovens suffered from the animal's droppings.","","","The close has been renamed repeatedly over the centuries: Home Close in 1707, Gourlay's Close in 1756, and Carmichael's Close in 1722, before finally settling on 'Old Fishmarket Close' for the market once held partway down its slope. A quirky cast-metal sign of leaping fish, in silver and bright pink, still swings above its High Street archway today, keeping the old market's memory alive long after the last stall closed.","6-3.jpg","https://en.wikipedia.org/wiki/Old_Fishmarket_Close"
"Anchor Close","Anchor Close, Edinburgh","history","55.950517","-3.189546","About this address","Split neatly in two when Cockburn Street was carved through its middle in the 1850s, Anchor Close still runs from the High Street down toward Market Street much as it did when first recorded in 1714, its name taken from a tavern that once stood at its head. Its most notable resident was printer William Smellie, who ran his press from the close and produced the first edition of the Encyclopaedia Britannica between 1768 and 1771, as well as the first Edinburgh-printed volume of Robert Burns's poems in 1787. Sir Walter Scott's parents lived in the close until 1771, not long before the novelist was born nearby - a single close that, within two decades, helped print both the world's first encyclopaedia and Scotland's national poet.","","","Smellie also founded the Crochallan Fencibles, a rowdy Edinburgh drinking club that met in a tavern in the close, taking its odd name from 'Crodh Chailein' (Colin's Cattle), a favourite song of the landlord, paired with 'Fencibles', the term for home-defence militia regiments. Robert Burns was introduced to the club by Smellie in 1787 and became a member, reportedly composing some of his bawdier verses purely for the group's private amusement - verses later gathered into The Merry Muses of Caledonia, a collection of ribald Scots song and poetry too explicit for respectable publication in his lifetime. It circulated only privately for decades after his death, its connection to Scotland's national poet an open secret nobody wanted to put their name to.","6-4.jpg","https://canmore.org.uk/site/52309/edinburgh-243-high-street-anchor-close"
"Tron Kirk Market","122 High St, Edinburgh EH1 1SG","history","55.950033","-3.187752","About this address","Gothic tracery windows and a slender spire still anchor this stretch of the Royal Mile, though the church beneath them hasn't held a service in over seventy years. The foundation stone was laid on 4 March 1637, commissioned by Charles I after St Giles' up the street became Edinburgh's cathedral and its displaced parish needed a church of its own. Master mason John Mylne designed it, blending Gothic tracery with Dutch-influenced classical detailing, though construction dragged into the 1640s because of the Wars of the Covenant. Its original steeple burned down in the Great Fire of Edinburgh in 1824; the current spire, by R. & R. Dickson, replaced it in 1828. The congregation held its final service here in 1952, thinned by decades of Old Town depopulation, and merged with St Giles'. The kirk's name comes from the tron, a weighing beam that stood outside until around 1800, taxing goods sold nearby.","","","Restoration in the 1970s uncovered the cobbled surface of Marlin's Wynd beneath the floor, a paved street thought to be among the oldest in Scotland, named after mason Walter Merlioun who lived there around 1500; part remains visible under glass panels today. After decades as a heritage centre, the building reopened in July 2022 as Tron Kirk Market, run by the Scottish Design Exchange, where local makers sell jewellery, art and craft from stalls inside the old nave.","6-5.jpg","https://en.wikipedia.org/wiki/Tron_Kirk"
"The Milkman","52 Cockburn St, Edinburgh EH1 1BP","architectural_point","55.950385","-3.188547","About the building","The Milkman occupies one of Cockburn Street's most photographed corners: a slender stone tower wedged onto a genuinely triangular plot, its steeply pitched roof narrowing up to a single ornamental point. The shop itself is barely wider than its own doorway, its floor plan following the wedge of ground it sits on so tightly that there's room for little more than a till and a handful of customers. It's part of a Baronial-style terrace built in 1859, the same construction wave that cut Cockburn Street through the Old Town - its deliberate curve engineered to disguise the fact it slices diagonally across the medieval street pattern above it.","","","Before it sold coffee, the building was a confectioner's - a hand-painted fascia sign uncovered during a 2016 restoration still reveals that former trade. Edinburgh World Heritage contributed more than £6,000 toward the project, which repaired the shop's original timber shutters (still slid into slots beneath the windows each night) and the antique lettering, carried out in partnership with shop owner Mark Donald.","6-6.jpg","https://ewh.org.uk/the-milkman/"
"Sir Chris Hoy Gold Post Box","Hunter Square, Edinburgh EH1 1QW","monument","55.949894","-3.187895","About the monument","An ordinary Victorian pillar box, painted gold almost overnight in August 2012, still stands on this Hunter Square corner - one of two in Edinburgh honouring Sir Chris Hoy after his double gold-medal haul at the London Olympics, this one marking his win in the men's keirin, with a second box on Hanover Street for his team sprint gold. Royal Mail repainted a post box gold in the hometown of every British Olympic and Paralympic gold medallist that summer, the first time in modern history the colour of the country's post boxes had ever changed from their traditional red.","","","Hoy's two London 2012 golds weren't even his best Games: at Beijing 2008 he won three - team sprint, keirin and individual sprint - the first British man to take three golds at a single Olympics since 1908, and still Scotland's most successful Olympian outright.","6-7.jpg","https://en.wikipedia.org/wiki/2012_Summer_Olympics_and_Paralympics_gold_post_boxes"
"Adam Smith Statue","192 Royal Mile, Edinburgh EH1 1RF","statue","55.949838","-3.189960","About the statue","Ten feet of bronze on a tall stone plinth, this is the world's first major public monument to Adam Smith, the Kirkcaldy-born economist whose 1776 book The Wealth of Nations helped found modern economics. Sculpted by Alexander Stoddart, Scotland's leading monumental sculptor, and funded entirely by private donations gathered by the Adam Smith Institute, it was unveiled on 4 July 2008 by Nobel laureate economist Vernon L. Smith, on the very stretch of the Royal Mile Smith himself lived just off, further down toward the Canongate.","","","Stoddart packed the statue with symbolism: a plough behind Smith represents the agrarian economy his ideas displaced, a beehive in front stands for the industriousness he saw as progress's engine, and a globe sits half-hidden beneath his gown-covered hand, angled toward Leith's harbour and his native Fife. His clothing deliberately borrows from America too - the neckwear modelled on Thomas Jefferson's, the wig on George Washington's - a nod to Smith's advocacy of free trade with the American colonies.","7-1.jpg","https://www.adamsmith.org/the-adam-smith-statue"
"Mercat Cross","High St, Edinburgh EH1 1RF","monument","55.949663","-3.190192","About the monument","A market cross first recorded in a charter of 1365, historically the spot from which Edinburgh's royal proclamations were read and, for centuries, the symbolic heart of the burgh's civic and trading life. The medieval cross was demolished in 1756; its carved shaft was eventually salvaged and re-erected at Drum House in Gilmerton, while five of its eight heraldic panels were bought by Sir Walter Scott for Abbotsford. In 1885 the old shaft and its unicorn were reunited here in Parliament Square on a new octagonal base, paid for personally by former Prime Minister William Gladstone, whose family hailed from Edinburgh.","","","Proclamations were the cross's respectable side; for a century and a half it was also Edinburgh's scaffold. Between 1564 and 1710, well over a hundred people were beheaded here by the Maiden, an early Scottish guillotine now on display at the National Museum of Scotland, among them James Douglas, 4th Earl of Morton, executed by the very device he is sometimes wrongly credited with inventing.","7-2.jpg","https://en.wikipedia.org/wiki/Mercat_Cross,_Edinburgh"
"Edinburgh City Chambers","253 High St, Edinburgh EH1 1YJ","building","55.950244","-3.190299","About the building","This grand 18th-century quadrangle was never meant to become Edinburgh's town hall. Built from 1753 as the Royal Exchange - designed by John Adam, with amendments by John Fergus, funded by public subscription and opened by Lord Provost George Drummond in 1760 - it was meant to lure the city's merchants off the street and into proper trading rooms. It never really worked: merchants kept right on doing business at the Mercat Cross outside, so the Town Council gradually took the building over instead, buying its north range as council offices in 1811 and the rest by 1893. It has served as Edinburgh's seat of local government - Town Council, Corporation, District Council and now City of Edinburgh Council - ever since.","","","Because the site drops steeply toward the Cowgate, the Royal Exchange's builders simply built over the top of an entire buried close of existing tenements rather than levelling it first - the mostly intact 17th-century street now survives sealed beneath the building as Real Mary King's Close. Category A listed since 1970, the Chambers' quadrangle has also stood in for other cities on screen, doubling as Stirling in Braveheart (1995) and appearing in the TV series Belgravia (2019).","7-3.jpg","https://en.wikipedia.org/wiki/Edinburgh_City_Chambers"
"Real Mary King's Close","2 Warriston's Cl, Edinburgh EH1 1PG","history","55.949921","-3.190506","About this address","A genuine 17th-century Old Town street, sealed beneath Edinburgh's Royal Exchange when it was built over from 1753 rather than being demolished outright. Below street level, Mary King's Close - named for a prominent 17th-century fabric merchant who traded here - survives largely intact, its tenement walls, fireplaces and cobbled surface preserved in the dark exactly where the builders left them. The close, and the plague and poverty its former residents lived through, opened to the public as a heritage attraction in 2003 and now draws around a quarter of a million visitors a year.","","","The close's reputation for hauntings partly rests on a very ordinary cause: escaping biogas from old drains and the buried Nor Loch marshland below is thought to have produced eerie lights and possibly hallucinations for past visitors. Its best-known ghost has a gentler origin, though - after a Japanese psychic named Aiko Gibo sensed a distressed little girl asking after a lost doll during a 1990s TV documentary, she left a doll behind for her, naming her 'Annie'. Visitors have been leaving toys and gifts in the room ever since. Real history supplied its own grim figure too: the close's plague doctor, George Rae, treated victims of the 1645 outbreak wearing the now-iconic beaked leather mask stuffed with herbs believed to filter the 'bad air' thought to spread infection, lancing and cauterising his patients' plague boils with a heated iron. He was one of the few to survive an epidemic that killed between a fifth and a half of Edinburgh's population - but the town council owed him for the dangerous work, and he reportedly spent years fighting them for his unpaid salary before he died, still out of pocket.","7-4.jpg","https://en.wikipedia.org/wiki/Real_Mary_King%27s_Close"
"Parliament House","11 Parliament Sqr, Edinburgh EH1 1RQ","building","55.949139","-3.190800","About the building","Built between 1632 and 1640 to a design by James Murray, the Crown's Master of Works, this was the world's first purpose-built parliament building, raised so Scotland's Parliament, Court of Session and other courts could finally leave their cramped, shared quarters inside St Giles' and the old Tolbooth. Its centrepiece, Parliament Hall, is a vast 122-by-49-foot chamber roofed with an elaborate oak hammerbeam structure carved by master wright John Scott in 1637. Scotland's Parliament sat here for the last time on 28 April 1707, ratifying the Union with England; the building has housed the Court of Session, Scotland's supreme civil court, ever since.","","","For generations, advocates without a case to argue simply paced the length of Parliament Hall to pass the time and be seen - a custom Robert Louis Stevenson described in 1878 as governed by 'ferocious custom', noting some men walked there 'daily for ten or twenty years without a rag of business or a shilling of reward'. Lawyers still discuss cases while walking its length today, partly because pacing up and down makes it harder for eavesdroppers to follow any one conversation.","7-5.jpg","https://en.wikipedia.org/wiki/Parliament_House,_Edinburgh"
"St Giles' Cathedral","High St, Edinburgh EH1 1RE","building","55.949484","-3.190892","About the building","The High Kirk of Edinburgh has stood on this site since at least 1124, though the present Gothic building mostly dates from the 14th and 15th centuries, crowned by a distinctive open crown steeple built around 1460-1467 - one of only two such medieval crown spires surviving in Scotland. John Knox, leader of the Scottish Reformation, preached here from 1559 until his death in 1572 and is buried, rather incongruously, beneath what is now a numbered parking space outside. Despite its popular name, St Giles' has only ever briefly been a true cathedral - the seat of a bishop - during two short-lived Stuart attempts to impose bishops on the Church of Scotland.","","","On 23 July 1637, the introduction of a new prayer book here supposedly triggered a riot when market trader Jenny Geddes hurled her folding stool at the Dean's head rather than hear him read from it - a protest, if it happened as told, that helped spark the National Covenant and eventually the Wars of the Three Kingdoms. Two-and-a-half centuries later, the ornate Thistle Chapel was added in 1911 for the Order of the Thistle, Scotland's highest order of chivalry, designed by Robert Lorimer and opened by King George V.","7-6.jpg","https://en.wikipedia.org/wiki/St_Giles%27_Cathedral"
"Signet Library","Parliament Sqr, Edinburgh EH1 1RF","building","55.949174","-3.191257","About the building","Home to the WS Society (Writers to the Signet), Scotland's oldest body of solicitors, whose role keeping the monarch's private seal traces back to 1594. The current building was begun in 1810 to designs by Robert Reid, with William Stark responsible for its two great libraries: a Lower Library finished in 1815 and, above it, an Upper Library completed in 1822 in time for a royal visit that would define its reputation. William Playfair and William Burn later carried out further alterations, and the building has been Category A listed as a classical masterpiece ever since.","","","When George IV toured Edinburgh in August 1822 - the first reigning monarch to visit Scotland in nearly two centuries - he was shown into the newly finished Upper Library ahead of that evening's state banquet next door in Parliament Hall, and reportedly declared it 'the most beautiful drawing room in Europe'. Records of the Writers to the Signet themselves stretch back even further, to 1369, making the society considerably older than the grand rooms it eventually built to house its library - and its ranks over the centuries included some unexpected names. Sir Walter Scott himself trained as a Writer to the Signet, apprenticed to his father's law firm years before he ever published a novel, one of many prominent Edinburgh figures who passed through the Society on their way to making their name doing something else entirely.","7-7.jpg","https://en.wikipedia.org/wiki/Signet_Library"
"Heart of Midlothian Mosaic","197 High St, Edinburgh EH1 1RE","monument","55.949579","-3.191607","About the monument","A heart shape picked out in coloured granite setts, set into the pavement outside St Giles' to mark the site of Edinburgh's Old Tolbooth - a squat, forbidding 15th-century building that served over the centuries as council chamber, courthouse and prison before it was finally demolished in 1817. The mosaic itself only dates from 1860, decades after the building it commemorates disappeared, but it has kept the Tolbooth's memory fixed firmly in the pavement ever since. Walter Scott had already sealed the building's grim reputation in his 1818 novel The Heart of Midlothian, and Edinburgh's Heart of Midlothian Football Club later borrowed both the name and the heart shape for its own crest - though the club's own origin is even more roundabout, growing out of a Victorian dance club called the Heart of Mid-Lothian Quadrille Assembly, itself named after Scott's novel, when it turned to football in 1874.","","","Locals still spit on the heart as they pass, a habit usually explained today as a superstition for good luck or a promise to return to Edinburgh - though it most likely began as a much less friendly gesture of contempt for a building where prisoners were tortured and hanged. The Tolbooth stood so close to St Giles' that it partly blocked the church's main door, and its demolition in 1817 was reportedly cheered by the crowds who came out to watch it come down.","7-8.jpg","https://en.wikipedia.org/wiki/Heart_of_Midlothian_(Royal_Mile)"
"Brodie's Close","Brodie's Cl, Edinburgh","history","55.949292","-3.193207","About this address","A narrow close on the Lawnmarket, opening almost opposite Deacon Brodie's Tavern and named for the family of William Brodie, the respectable cabinet-maker and city councillor secretly running a double life as a burglar by night. The close itself is older than its famous name suggests: it was built around 1570 by Edinburgh magistrate William Little as Little's Close, only becoming known as Brodie's Close in the 18th century once the Brodie family - William's mother among them, recorded as head of household here in 1774 - had lived there long enough for the name to stick. The mansion at its foot was demolished around 1835 and now lies beneath Victoria Terrace.","","","Brodie grew up here as the son of a cabinet-maker before rising to become Deacon of the Incorporation of Wrights and Masons - the respectable public face that hid his secret career as a burglar. For the full story of his crimes, capture and execution, see Deacon Brodie's Tavern, just across the street.","7-9.jpg","https://en.wikipedia.org/wiki/William_Brodie"
"Deacon Brodies Tavern","435 Lawnmarket, Edinburgh EH1 2NT","history","55.949535","-3.192917","About this address","The building at 435 Lawnmarket dates from the early 18th century, standing at the junction of the Lawnmarket and Bank Street, close to where William Brodie himself lived and kept his cabinet-making workshop. Its ground and first floors were converted into a public house by architect P. L. Henderson in 1894, with further alterations by Robert Hurd in 1950; it has been protected as a Category A listed building since 1970. Many tourist guides give 1806 as the tavern's founding date, though the listing record's account of a much later 1894 conversion suggests the pub in its current form may be somewhat younger than that popular figure.","","","William Brodie (1741-1788) was a respected Edinburgh cabinet-maker, locksmith and city councillor - Deacon of the Incorporation of Wrights and Masons - who led a secret double life as a burglar, using his legitimate trade to take wax impressions of clients' keys before a botched 1788 raid on the Excise Office saw him caught, tried and hanged. Local legend holds he had once helped design the very gallows used to hang him. The stark contrast between his respectable daytime reputation and his criminal nightlife is widely credited as an inspiration for Robert Louis Stevenson's Strange Case of Dr Jekyll and Mr Hyde - Stevenson grew up with a cabinet Brodie had built in his family home.","7-10.jpg","https://en.wikipedia.org/wiki/William_Brodie"
"Statue of Walter Francis Montagu Douglas Scott","West Parliament Square, Edinburgh EH1 1RN","statue","55.949510","-3.191723","About the statue","Unveiled on 7 February 1888 in Parliament Square, this bronze by Sir Joseph Edgar Boehm shows Walter Francis Montagu Douglas Scott, 5th Duke of Buccleuch and 7th Duke of Queensberry, robed in the Order of the Garter and looking out over the High Street from beside St Giles'. Its hexagonal pedestal, designed by Sir Rowand Anderson, carries three tiers of bronze decoration: a top gallery of huntsmen and hounds chasing a stag, a middle tier pairing scenes from the Duke's own life with allegorical 'Virtue' figures by William Birnie Rhind, and a lower tier of larger reliefs recounting Scott family history, guarded at its corners by rampant stags holding shields.","","","One lower relief shows Sir Walter Scott of Buccleuch and Branxholm's failed 1526 attempt to rescue the teenage James V from his Douglas captors, another the burning of the family's Catslack Tower by English raiders in 1548. The Duke was himself a descendant of Charles II's illegitimate son James Scott, Duke of Monmouth - so his statue and Charles II's, standing a few strides away in the same square, quietly represent opposite ends of the same illegitimate royal line.","7-11.jpg","https://parliamentsquareedinburgh.net/statues-in-and-around-the-square/"
"Robert Burns House Plaque","Lady Stair's Close & Lawnmarket, Edinburgh EH1 2NT","history","55.949328","-3.193452","About this address","This plaque on the Lawnmarket, above the entrance to Lady Stair's Close, marks the site of Baxter's Close - demolished long ago - where Robert Burns took lodgings on 28 November 1786, his first winter in Edinburgh. Newly arrived from Ayrshire on the strength of his Kilmarnock-printed poems, he shared a single room at Mrs Carfrae's flat with his friend John Richmond, a law clerk already living there; when Burns moved in, the rent rose from Richmond's usual two shillings and sixpence a week to three, for a chaff bed, a sanded floor and a deal table between them.","","","Sparse as it was, this was the room Burns wrote from at the height of his sudden fame, freshly hailed by Henry Mackenzie as a 'heaven-taught ploughman'. Richmond later recalled Burns kept 'strict sobriety' throughout their year together here - before moving out to lodge with William Nicol. Baxter's Close itself is long gone; its site now lies beneath Deacon Brodie's Tavern, a few steps further along this route.","7-12.jpg","https://en.wikipedia.org/wiki/John_Richmond_(lawyer)"
"Makars' Court","Makars' Court, Lady Stair's Close, Edinburgh EH1 2PA","history","55.949697","-3.193480","About this address","Just off the Lawnmarket in Lady Stair's Close, beside the Writers' Museum, this courtyard has had quotations from Scottish writers carved into its paving stones since 1997, when the Saltire Society chose the first twelve makars - the Scots word for poets or authors, literally 'one who fashions or makes'. Ronald Harwood, then president of International PEN, unveiled the first slab; the poet Iain Crichton Smith unveiled the rest, and further stones have been added at intervals ever since. The collection now runs to more than forty writers spanning the 14th century to the present, inscribed across Gaelic, Scots, English and Latin.","","","The lines underfoot range from John Barbour's 1375 'Fredome is a noble thing' to Robert Louis Stevenson's verdict that 'there are no stars so lovely as Edinburgh street lamps'. Robert Burns has a slab too, quoting 'man to man the world o'er shall brithers be for a' that' - just steps from the close where he actually lodged.","7-13.jpg","https://en.wikipedia.org/wiki/Makars%27_Court"
"The Writers' Museum","Lawnmarket, Lady Stair's Close, Edinburgh EH1 2PA","museum","55.949708","-3.193739","About the museum","Down the turnpike stair of this turreted 1622 townhouse - its crow-stepped gables and conical-roofed turret typical of the fortified townhouses once lining this stretch of the Lawnmarket - sits the Writers' Museum. Built for the merchant Sir William Gray, it was renamed after Elizabeth Dalrymple, Dowager Countess of Stair, who bought it in 1719. Town planner Patrick Geddes prompted the 5th Earl of Rosebery to buy and restore the crumbling house in 1895, with architect George Shaw Aitken carrying out the work, and Rosebery gifted it to the city in 1907 as a free museum devoted to Robert Burns, Walter Scott and Robert Louis Stevenson.","","","Among the cases are Scott's own chess set and his dining table from 39 Castle Street, Burns's draft of Scots Wha Hae, and Stevenson's wardrobe - built, fittingly, by Deacon William Brodie, the respectable cabinetmaker-by-day and burglar-by-night whose double life partly inspired Stevenson's Jekyll and Hyde. Elsewhere in the cases are quieter, more personal relics of Stevenson's last years in Samoa: his riding boots and a ring given to him by a Samoan chief, brought back across the world after his death there in 1894 to the Edinburgh he'd left as a sickly young man.","7-14.jpg","https://en.wikipedia.org/wiki/Writers%27_Museum"
"Gladstone's Land","477B Lawnmarket, Edinburgh EH1 2NT","museum","55.949384","-3.193652","About the museum","Gladstone's Land is a surviving six-storey Old Town tenement on the Lawnmarket, its earliest recorded building dating to 1501. In 1617 the prosperous merchant Thomas Gledstanes and his wife Bessie Cunningham bought and rebuilt it, raising it to its present height and completing the work by 1620 with elaborate painted ceilings, later hidden under plaster and only rediscovered decades on. By the mid-1800s the Old Town's wealthier residents had long since decamped to the New Town, leaving the building to decline until the National Trust for Scotland rescued it from demolition in 1934, restoring it as a house museum reopened after a further £1.5 million refurbishment in 2021.","","","The reconstructed timber-fronted shopfront on the ground floor recreates the arcaded booths once common along the medieval Royal Mile, almost all demolished elsewhere by later street widening. Above the door hangs a gilt-copper hawk with outstretched wings, a punning shop sign on the family name: 'gled' is the old Scots word for a kite or hawk. Past residents ranged from cloth merchants to an episcopalian minister of St Giles', and the museum still draws well over a quarter of a million visitors a year.","8-1.jpg","https://en.wikipedia.org/wiki/Gladstone%27s_Land"
"The Hub","348-350 Castlehill, Edinburgh EH1 2NG","building","55.948783","-3.195169","About the building","This dark neo-Gothic building on the corner of Castlehill and Johnston Terrace was built in 1842-1845 as Victoria Hall, a joint design by Scottish architect James Gillespie Graham and the English Gothic Revival architect Augustus Pugin, meant to give the Church of Scotland's General Assembly a proper meeting hall. Queen Victoria laid its foundation stone in 1842. From 1929 it served as Highland Tolbooth St John's Church, holding services in both Gaelic and English, until its congregation united with Greyfriars Kirk in 1979 and the building closed, standing disused for over a decade. A five-year, £7.5 million conversion led by architect Benjamin Tindall - one of the most complex conservation projects ever undertaken in Scotland, involving more than 1,000 contributors - reopened it in 1999 as The Hub, home of the Edinburgh International Festival.","","","At 71.7 metres, The Hub's spire is the tallest point in central Edinburgh, visible for miles across the city skyline. Queen Elizabeth II formally reopened the building in 1999, and despite its new life as a festival venue, cafe and box office, the Church of Scotland's General Assembly still returns to meet inside it every May, keeping alive the very purpose the hall was built for over 180 years ago.","8-2.jpg","https://en.wikipedia.org/wiki/The_Hub,_Edinburgh"
"Camera Obscura & World of Illusions","549 Castlehill, Edinburgh EH1 2ND","museum","55.948954","-3.195671","About the museum","Edinburgh's camera obscura began life on Calton Hill in 1835, built by Maria Theresa Short around a telescope she inherited from her father, instrument-maker Thomas Short. When the city demolished her observatory there in 1851, she relocated the whole operation here to Castlehill, buying a townhouse and opening it in 1853 as Short's Observatory, Museum of Science and Art. After her death in 1869 her husband kept it running until 1892, when the pioneering town planner Patrick Geddes took over, renaming it the Outlook Tower and using its floors to display the world, Europe, Scotland and Edinburgh in ascending order, with the camera obscura crowning the summit.","","","Category A listed since 1970, it claims to be the oldest purpose-built visitor attraction in Edinburgh and one of the oldest in Britain. The original camera obscura, a rotating mirror projecting a live moving image of the city onto a table below, still operates on the top floor exactly as it did in Short's day, now beneath five further floors of the World of Illusions' mirror mazes and vortex tunnels. Geddes later built a second Outlook Tower in Montpellier, France, since absorbed into the Scots College there.","8-3.jpg","https://en.wikipedia.org/wiki/Camera_Obscura,_Edinburgh"
"The Witchery by the Castle","352 Castlehill, Edinburgh EH1 2NF","history","55.948777","-3.195643","About this address","The Witchery occupies Boswell's Court, a merchant's townhouse built in 1595 for Thomas Lowthian - its own naming story, and the literary visitors it drew a century and a half later, are told next door at Boswell's Court itself. By the 1970s the building had fallen into disrepair, serving latterly as Church of Scotland committee rooms, when 20-year-old chef James Thomson bought it in 1979, becoming Scotland's youngest licensee at a time when the Royal Mile was considered a poor location for a restaurant. In 1989 Thomson expanded into the former Castlehill School playground next door, creating the candlelit Secret Garden dining room, and later added nine Gothic-styled hotel suites above.","","","The restaurant takes its name from the hundreds of men and women burned as witches on Castlehill during the 16th and 17th centuries, reputedly more than anywhere else in Scotland under James VI - a small bronze fountain, the Witches' Well, marks the spot just up the street. Local folklore holds The Witchery is itself haunted by one of the condemned, and its candlelit Gothic suites, one entered through a hidden bookcase door, have since hosted guests including Jack Nicholson and Andrew Lloyd Webber. The ghost stories have been good for business too: what began in 1979 as one man's punt on an unfashionable stretch of the Royal Mile has grown into an operation employing more than 70 staff, marking its 45th anniversary in 2024 by opening its own luxury goods shop next door.","8-4.jpg","https://en.wikipedia.org/wiki/The_Witchery_by_the_Castle"
"The Scotch Whisky Experience","354 Castlehill, Edinburgh EH1 2NE","museum","55.948745","-3.195898","About the museum","Opened on 5 May 1988 as the Scotch Whisky Heritage Centre, this attraction occupies a former Victorian school building immediately beside the Castle esplanade. It was the brainchild of Alastair McIntosh, a managing director at whisky blender William Muir Ltd, who persuaded nineteen Scotch whisky companies to put up £2 million so visitors unable to reach the Highlands could still learn the spirit's history. The original tour carried guests through 300 years of whisky-making in mock oak barrels past thirteen theatrical sets, designed by Heritage Projects, the team behind York's Jorvik Viking Centre. A £3 million renovation in 2023 replaced the barrel ride with three new galleries: Origins, The Art of Whisky Making and Maturation.","","","Since 2009 the centre has housed the Diageo Claive Vidiz Whisky Collection, 3,384 bottles gathered over 35 years by a single Brazilian enthusiast and unveiled by then First Minister Alex Salmond - it's certified by Guinness World Records as the largest Scotch whisky collection on Earth, and its oldest bottle, a Buchanan's blend, dates back to 1897. Downstairs, the Amber restaurant and whisky bar stocks more than 420 single malts, blends and liqueurs, and the attraction has now welcomed more than 8.5 million visitors since it first opened its doors in 1988.","8-5.jpg","https://en.wikipedia.org/wiki/The_Scotch_Whisky_Experience"
"Tartan Weaving Mill","555 Castlehill, Edinburgh EH1 2ND","building","55.949032","-3.196180","About the building","This building began as Castlehill Reservoir, built between 1849 and 1850 to supply the New Town with water, on a site that had earlier held a small 1755 reservoir and, before that, Christ Church chapel - demolished so its stone could help build the Tron Kirk. The huge cistern could hold two million gallons and discharge it at 5,000 gallons a minute; workmen digging the foundations reportedly found human remains and black oak coffins beneath the site. The reservoir was finally drained in 1992, opened briefly to public tours during the 1993 Doors Open Days, then bought and converted between 1995 and 1997 into the Old Town Weaving Company, later rebranded the Tartan Weaving Mill and Exhibition.","","","Category B listed since 1987, the building still carries the Witches' Well, a small cast-iron fountain fixed to its outer wall commemorating those burned as witches nearby on Castlehill. Inside, a viewing window over the basement workshop lets visitors watch a working heritage loom weave tartan cloth in real time, a rare working link to the site's water-powered industrial past.","8-6.jpg","https://en.wikipedia.org/wiki/Tartan_Weaving_Mill"
"Cannonball House","356 Castlehill, Edinburgh EH1 2NF","building","55.948669","-3.196199","About the building","Built in 1630 for furrier and skinner Alexander Mure and his wife Margaret Niellems - their initials and the date still carved above the door as 'AM MN 1630' - this Category A listed townhouse stands at the top of Castlehill, right by the entrance to the Castle esplanade. A 1913 restoration for the Edinburgh School Board converted it into an annex of the neighbouring Castlehill School, removing the narrow Blair's Close that had run through the building, though salvaged architectural fragments were reused elsewhere in the city. After the school closed in 1951 the building housed the Castlehill Urban Studies Centre and later a base for Edinburgh Festival walking tours, before becoming a restaurant under the Contini family in 2014.","","","The house takes its name from the iron cannonball still lodged in its west-facing wall. Popular legend claims it was fired from the Castle's Half Moon Battery at Bonnie Prince Charlie during the 1745 Jacobite rising, but the more likely explanation is far less dramatic: engineers are thought to have fixed it there around 1675 to mark the exact gravitational height needed for Edinburgh's first piped water supply, drawn from springs at Comiston, to reach this point by gravity alone.","8-7.jpg","https://en.wikipedia.org/wiki/Cannonball_House_(Edinburgh)"
"Ramsay Garden","Ramsay Garden, Edinburgh","architectural_point","55.949335","-3.196322","About the building","Ramsay Garden takes its name from the poet and wigmaker Allan Ramsay the Elder, who built an octagonal house nicknamed 'Goosepie House' for its odd roofline here in 1733, later joined by a short Georgian terrace called Ramsay Street in 1760. Its present striking form dates from 1890-1893, when the pioneering town planner and biologist Patrick Geddes redeveloped the site as part of his wider campaign to regenerate Edinburgh's decaying Old Town, deliberately mixing university students, working artisans and wealthier residents in one community. Architect Stewart Henbest Capper designed the sixteen-apartment complex, with Sydney Mitchell completing construction after Capper's health failed. Today it remains private residential apartments and cannot be entered or accessed by visitors - it's best appreciated from the street outside, where its towers and balconies are clearly visible.","","","Built in ornate Scots Baronial style, with red ashlar stonework beneath white harled upper storeys, towers and prominent balconies, Ramsay Garden is one of the most photographed silhouettes on the Edinburgh skyline, clearly visible from Princes Street far below. Geddes himself was fond enough of the result to call it 'the seven-towered castle I built for my beloved'. Past residents have included Ramsay's own descendants and the Royal Scottish Academy artist George Clark Stanton.","8-8.jpg","https://en.wikipedia.org/wiki/Ramsay_Garden"
"Castle Esplanade","Castlehill, Edinburgh EH1 2NG","history","55.948700","-3.197500","About this address","The broad flat esplanade in front of Edinburgh Castle was created in 1753 as a military parade ground, built up using spoil excavated from the foundations of the Royal Exchange down on the High Street, then widened and given its present north wall and railings in 1816. Free to enter without a castle ticket, it offers sweeping views north to the Firth of Forth and south to the Pentland Hills. Since 1950 it has hosted the Royal Edinburgh Military Tattoo every August - the first show had just eight items and drew 6,000 spectators, compared with the roughly 10,000-seat temporary stadium built and dismantled here each summer today.","","","Statues of Robert the Bruce and William Wallace flank the Castle's gatehouse at the esplanade's western end, while scattered across its edges are a small bronze Witches' Well commemorating those executed for witchcraft nearby, commissioned by Patrick Geddes in 1894; a memorial to the 78th Highlanders topped by an elephant, remembering a regimental mascot said to have enjoyed the soldiers' beer; a statue of Prince Frederick, Duke of York, of nursery-rhyme fame; and the grave of dragoon Charles Ewart, who captured a French army standard at Waterloo in 1815. The esplanade has hosted more than monuments and graves, though: since 1950 it has been transformed each August for the Royal Edinburgh Military Tattoo, and that first, modest show - just eight items, watched from simple benches and scaffolding around three sides of the esplanade - still drew a combined audience of around 100,000 people across its 20 performances, an early sign of an appetite for the Tattoo that's never really let up since.","8-9.jpg","https://en.wikipedia.org/wiki/Edinburgh_Castle"
"Edinburgh Castle","Castlehill, Edinburgh EH1 2NG","building","55.948595","-3.199914","About the building","Edinburgh Castle sits on Castle Rock, the plug of an extinct volcano that has made this one of the most defensible sites in Scotland since at least the Iron Age, when it held a hillfort roughly 3,000 years ago. It became a royal residence under King Malcolm III Canmore in the 11th century and went on to be besieged more often than almost any other fortress in Britain, including a celebrated night raid in 1314 - led by Thomas Randolph, Earl of Moray, nephew of Robert the Bruce - that recaptured it from English hands by scaling the crag under cover of darkness. Today it's a UNESCO World Heritage Site holding the Honours of Scotland (the country's crown jewels) and the Stone of Destiny, used for centuries in the coronation of Scottish monarchs.","","","Tucked within the walls, St Margaret's Chapel is the oldest surviving building in Edinburgh, built around 1130 by King David I and named for his canonised mother; barely large enough for a handful of people, it is still used today for small weddings and christenings. Every day at 1pm (except Sundays, Good Friday and Christmas Day) a gun fires from Mills Mount Battery - a tradition begun in 1861 so ships out in the Forth could set their chronometers even when fog hid the Nelson Monument's time ball on Calton Hill. The castle's most famous object has an even more eventful history than its oldest building: the Stone of Destiny, taken from Scone by Edward I in 1296 and built into the English coronation throne at Westminster Abbey, was stolen right back in 1950 when three Scottish students broke in and smuggled it home, eventually leaving it on the altar at Arbroath Abbey before authorities returned it south. It came to rest permanently at Edinburgh Castle only in 1996, carried down the Royal Mile past a crowd of around 10,000 people.","8-10.jpg","https://en.wikipedia.org/wiki/Edinburgh_Castle"
"The Witches' Well","Castlehill, Edinburgh EH1 2NG","monument","55.948956","-3.196481","About the monument","Set into the wall at the foot of Castle Esplanade, this small cast-iron drinking fountain marks the site of Edinburgh's principal witch-burning ground. It was commissioned in 1894 by town planner Sir Patrick Geddes and designed by his friend John Duncan, a leading figure of the Scottish Celtic Revival, and fixed to the outer wall of the newly built Castlehill Reservoir - the same building that later became the neighbouring Tartan Weaving Mill. A plaque explaining its symbolism was added in 1912. Roman numerals worked into the bronze relief, 1479 and 1722, bracket the two and a half centuries during which Scotland's Witchcraft Act sent an estimated 300 people to their deaths on this spot alone.","","","The relief pairs a serene face with a wicked one, both entwined by a serpent coiled around Hygieia, Greek goddess of health, and her father Asclepius, god of medicine - a reminder that the same knowledge could heal or condemn its holder. A sprig of foxglove beside them makes the same point twice over: it is both a heart medicine and a poison. Scotland executed an estimated 1,500 to 2,000 people for witchcraft between the 16th and 18th centuries, a rate of persecution proportionally far higher than the more famous Salem trials three thousand miles away.","8-11.jpg","https://en.wikipedia.org/wiki/Witches%27_Well,_Edinburgh"
"The India Cross","Castlehill, Edinburgh EH1 2NG","monument","55.949011","-3.196987","About the monument","This sandstone Celtic cross, raised on Castle Esplanade in 1862, commemorates 256 officers, non-commissioned officers and men of the 78th Highlanders - the Ross-shire Buffs - who died relieving the besieged British garrison at Lucknow during what an on-site Historic Environment Scotland panel now terms the Indian Rebellion or Mutiny of 1857-8. Indian soldiers had risen against British rule and besieged the city that June; when the 78th fought through the rebel lines to relieve it that September, the whole regiment was voted the Victoria Cross by ballot - a mechanism reserved for collective acts of gallantry too widespread to credit to one man - and the relieving commander General Henry Havelock is said to have declared he had 'never seen better conduct,' adding, 'I am not a Highlander but I wish I was one.'","","","The regiment's elephant badge dates to the Battle of Assaye in 1803 and is carved into the cross itself. Around thirty years later the 78th brought a real elephant back to Edinburgh Castle - the animal reportedly led parades through the city, drank beer poured through the soldiers' canteen window, and was stabled alongside the regiment's horses. The 78th's lineage continues today within the Highlanders battalion of the Royal Regiment of Scotland.","8-12.jpg","https://www.iwm.org.uk/memorials/item/memorial/53581"
"Scottish Horse Memorial","Castlehill, Edinburgh EH1 2NG","monument","55.949006","-3.197608","About the monument","This granite Celtic cross on Castle Esplanade was unveiled in 1904 to the men of the Scottish Horse, a yeomanry regiment raised in 1900 to fight in the Second Boer War. Two regiments were recruited that year from Scotland, Australia and South Africa to help Britain annex the South African Republic and Orange Free State, and the volunteers fought a brutal guerrilla campaign of night raids and farm-burning against Boer commandos. The design is credited to William Tait-Conner, with the granite carved by the firm Stewart McGlashan & Son; the regiment itself was disbanded at Edinburgh Castle in 1902, its lineage carried on today by the Scottish and North Irish Yeomanry.","","","An identical memorial was unveiled the same year on Caledonia Hill in Kensington, Johannesburg, where it later became the official war memorial of the Transvaal Scottish regiment. Both crosses commemorate several Zulu scouts who served and died alongside the Scottish Horse - a rare instance of Black South African soldiers being formally named on a colonial-era war memorial - though sources disagree on the exact number honoured: Edinburgh's own on-site panel says three, while an account of the Johannesburg original says four.","8-13.jpg","https://en.wikipedia.org/wiki/Scottish_Horse_War_Memorial"
"The Afghan Needle","Castlehill, Edinburgh EH1 2NG","monument","55.948925","-3.198056","About the monument","Known locally as the Afghan Needle, this pink Peterhead granite obelisk on Castle Esplanade was raised in 1882-83 by public subscription to the 105 officers, non-commissioned officers and men of the 72nd Duke of Albany's Own Highlanders who were killed in action or died of wounds and disease during the First and Second Anglo-Afghan Wars of 1839-42 and 1878-80. Standing 3.5 metres tall behind iron railings and designed by the Aberdeen firm MacDonald, Field & Company, its base carries every name, rank and regiment, grouped by how each man died. It is listed Grade II* by Historic Environment Scotland.","","","The 72nd amalgamated with the 78th Highlanders - commemorated by this leg's own India Cross a few steps away - to form the Seaforth Highlanders in the army reforms of 1881, only a year or two before this memorial itself went up. Both regiments' lineage now continues together within the Highlanders battalion of the Royal Regiment of Scotland, so the esplanade's two 19th-century war memorials effectively honour the same modern regimental family.","8-14.jpg","https://memorials.iwm.org.uk/item/memorial/53582"
"The Gatehouse","Castlehill, Edinburgh EH1 2NG","building","55.948567","-3.198679","About the building","The Gatehouse forming Edinburgh Castle's main entrance looks centuries old but is a Victorian addition, built in 1886-88 in Scots Baronial style to give the fortress a grander, more romantic approach befitting its status as a national monument - reportedly designed in some secrecy, since military authorities feared a cosmetic addition to a still-functioning garrison might draw public criticism. Flanking the archway in twin canopied niches, added decades later in 1929 to mark the 600th anniversary of Robert the Bruce's death, stand bronze statues of Bruce and William Wallace; the drawbridge and portcullis groove above the arch are both still in working order.","","","Though it looks centuries old, the Gatehouse itself wasn't the work of a romantic castle architect: records credit its design to R. Lawson Scott of the Royal Engineers Department in London, drawn up in the same secretive spirit that kept the whole scheme out of public view until the stonework was already going up. The bronze figures flanking its arch - added four decades later - have their own separate stories, told at Robert the Bruce and William Wallace nearby.","8-15.jpg","https://www.atlasobscura.com/places/william-wallace-and-robert-the-bruce-statues"
"Princess Louise's Fountain Memorial","Castlehill, Edinburgh EH1 2NG","monument","55.948456","-3.198122","About the monument","A weathered stone memorial drinking fountain built into the Castle Esplanade's wall, its worn central panel carries a royal crown, a row of smaller crowns and an entwined monogram above twin round drinking basins, one on each side, their bronze fittings now dry and green with age. An inscription across its base names 'THE PRINCESS LOUISE'S ARGYLLSHIRE HIGHLANDERS', commemorating the regiment formed in 1881 when the 91st (Argyllshire Highlanders) amalgamated with the 93rd (Sutherland Highlanders) to become the Argyll and Sutherland Highlanders, styled 'Princess Louise's' after their royal colonel-in-chief. It stands among a cluster of esplanade memorials from the same turn-of-the-century era, including the nearby Scottish Horse Memorial.","","","Princess Louise, Queen Victoria's fourth daughter and Duchess of Argyll by marriage, lent her name and patronage to the regiment for decades. An identical South African War memorial to the same regiment stands on Stirling Castle's esplanade, the regiment's other historic depot - suggesting this fountain also dates from just after the Second Boer War (1899-1902). No dedicated modern source records this specific fountain's exact unveiling date or sculptor, so its own worn inscription remains the clearest record of what it commemorates.","8-16.jpg","https://en.wikipedia.org/wiki/Argyll_and_Sutherland_Highlanders"
"Robert the Bruce Statue","Castlehill, Edinburgh EH1 2NG","statue","55.948540","-3.198678","About the statue","Standing in a canopied niche to the left of Edinburgh Castle's Gatehouse, this bronze figure of Robert the Bruce was sculpted by Thomas J. Clapperton and unveiled on 28 May 1929, the 600th anniversary year of the king's death. Bruce is shown crowned and armoured, gripping a battleaxe in one hand and a heraldic shield in the other - the pose recalling his decisive personal combat with Sir Henry de Bohun on the eve of Bannockburn in 1314, when he split the English knight's skull with a single axe blow while mounted on a small palfrey rather than a war-horse. The statue, and its companion figure of William Wallace on the Gatehouse's other side, were funded by a bequest from Captain Hugh Reid and chosen through a public design competition that proved surprisingly divisive, sparking heated debate in the Scottish press throughout 1928 and 1929 over how the nation's two great medieval heroes should be portrayed.","","","Bruce seized the Scottish throne in 1306, was excommunicated and hunted as a fugitive - the source of the famous, probably apocryphal, tale of a spider inspiring him to try again after defeat - before his victory at Bannockburn in 1314 secured Scotland's independence in fact if not yet in law. He died in 1329, reputedly of leprosy, and asked that his heart be carried on crusade after his death; it was eventually brought home and is buried at Melrose Abbey, while the rest of him lies at Dunfermline Abbey.","8-17.jpg","https://en.wikipedia.org/wiki/Robert_the_Bruce"
"William Wallace Statue","Castlehill, Edinburgh EH1 2NG","statue","55.948592","-3.198690","About the statue","A matching niche to the right of the Gatehouse archway holds this bronze William Wallace, sculpted by Alexander Carrick and unveiled alongside its Robert the Bruce counterpart on 28 May 1929. Wallace is shown in chainmail and a plaid, gripping a claymore, with a helmet resting at his feet - both statues share niches designed by the architect Sir Robert Lorimer and were funded by the same Hugh Reid bequest that paid for the Bruce figure opposite.","","","Wallace led the rebel Scottish army to victory over a much larger English force at the Battle of Stirling Bridge in September 1297 and was appointed Guardian of Scotland, but was defeated the following year at Falkirk. Betrayed and captured in 1305, he was taken to London and executed as a traitor to a crown he had never sworn allegiance to - his death only hardening Scottish resistance that culminated in Bruce's victory at Bannockburn sixteen years later. Braveheart (1995) popularised his story worldwide but takes wide liberties with the history; the real Wallace, for instance, almost certainly never wore a kilt, which did not yet exist in his lifetime.","8-18.jpg","https://en.wikipedia.org/wiki/William_Wallace"
"Ensign Ewart Memorial and Grave","Castle Esplanade, Edinburgh EH1 2NG","history","55.948911","-3.196842","About this address","Charles Ewart, a sergeant in the Royal North British Dragoons - the regiment later known as the Royal Scots Greys - captured the eagle standard of the French 45th Regiment in brutal hand-to-hand combat at the Battle of Waterloo on 18 June 1815, fighting off a standard-bearer, a lancer and an infantryman in quick succession before carrying the eagle clear of the fighting. He was promoted to Ensign in reward and became a minor celebrity in Scotland, reportedly acquainted with Sir Walter Scott, though by his own account he shunned the attention. Ewart died in 1846 near Manchester and was buried in Salford, where his grave was later paved over and forgotten.","","","His remains were rediscovered in the 1930s and reburied here on the Castle Esplanade, with a granite memorial unveiled at an official ceremony on 16 April 1938, attended by a guard of honour and the regimental band of the Royal Scots Greys. His own account of the fight survives almost word for word: 'I took the eagle from the enemy... he made a thrust at my groin; I parried it off and cut him down through the head.' In his memory, the Royal Scots Greys - and the Royal Scots Dragoon Guards that succeeded them - still wear an eagle badge today.","8-19.jpg","https://www.scotsdg.org.uk/key-moments/ewarts-reburial"
"Johnston Terrace Wildlife Garden","7/8 Castle Wynd South, Edinburgh EH1 2JT","history","55.948112","-3.196281","About this address","Wedged onto a slope of the Old Town barely 50 metres from the Castle esplanade, this postage-stamp garden holds far more history than its size suggests. It began as the site of a medieval chapel, was later turned into a children's growing garden for fruit and vegetables under the influence of town planner Patrick Geddes, did service as a military post during the Second World War, and has at various points also worked as a playground and an outdoor cafe. Since the Scottish Wildlife Trust took over the adjoining office in 1982, the plot - at just 0.07 hectares, the smallest of the Trust's 123 Scottish nature reserves - has been managed as a tiny urban haven for wildlife, its broken-up concrete replaced with two ponds, a wildflower meadow and a stone wall, tucked in among the tenements along Johnston Terrace.","","","Despite sitting in the shadow of one of Scotland's most fortified sites, the reserve now supports frogs, bumblebees and butterflies, with grey herons occasionally spotted overhead - proof that even a garden smaller than a tennis court, wedged into the Old Town's steepest stairway, can function as a genuine wildlife habitat.","9-1.jpg","https://scottishwildlifetrust.org.uk/reserve/johnston-terrace-garden/"
"The Vennel and Flodden Wall","The Vennel, Edinburgh","monument","55.946248","-3.196875","About the monument","Squeezed between tenement walls at the south-west corner of the Grassmarket, The Vennel is a steep, roughly 70-step stairway climbing to Lauriston Place above - and one of Edinburgh's most photographed spots, framing the Castle rising directly above the rooftops as you climb. Partway up, the path runs alongside a genuine surviving stretch of the Flodden Wall, thrown up in a panic after Scotland's catastrophic defeat at the Battle of Flodden in 1513 left the capital fearing an English invasion. Near the top of the steps, where Brown's Place meets the Vennel, the older wall gives way to the Telfer Wall, a westward extension enclosed between 1628 and 1636 after the merchant George Heriot donated land to the city - the surviving Flodden Tower bastion here still shows its distinctive crosslet gunloops, an early defensive answer to cannon fire.","","","Despite being built to keep an army out, the wall never actually faced a siege - the English invasion Scotland feared after Flodden never came - so what survives today is less a monument to a battle fought than to a capital city bracing, at real expense, for one that never arrived. The name 'Vennel' itself comes from the French 'venelle', meaning a narrow lane or alley - a leftover of Scotland's centuries of trade and cultural ties with France, layered onto a stairway now better known for one of the most-photographed Castle views in the city.","9-3.jpg","https://en.wikipedia.org/wiki/Flodden_Wall"
"Tanner's Close, West Port","West Port, Edinburgh","history","55.946800","-3.198300","About this address","Just off the Grassmarket, the run-down lodging houses of West Port's Tanner's Close became the base of operations for William Burke and William Hare, whose eleven-month, sixteen-victim killing spree in 1827-28 remains Scotland's most notorious murder case. Rather than robbing graves like the ""resurrectionists"" of popular imagination, the pair smothered vulnerable lodgers, drinking companions and acquaintances outright, then sold the fresh bodies to Robert Knox, a prominent Edinburgh anatomist who asked no questions about where his specimens came from. Hare turned King's Evidence and walked free; Burke was hanged in 1828 before a crowd of tens of thousands and, in a fitting final twist, was publicly dissected himself at the university where his victims had ended up. Tanner's Close itself was demolished in 1902-03, and the site today sits beneath the unremarkable office block Argyle House - nothing on the building marks what happened here.","","","Burke's skeleton is still kept by the University of Edinburgh's Anatomical Museum, and a section of his skin was reportedly used to bind a small book, now held by Surgeons' Hall Museum - making him almost certainly the only Edinburgh murderer whose remains ended up on public display in two separate collections.","9-4.jpg","https://en.wikipedia.org/wiki/Burke_and_Hare_murders"
"Beehive Inn","18-20 Grassmarket, Edinburgh EH1 2JU","building","55.947490","-3.197020","About the building","One of the Grassmarket's oldest surviving pub sites, the Beehive Inn traces its trade back to a coaching inn that once stood here, when mail coaches and travellers arriving from the south would have stabled their horses right outside. Robert Burns is said to have stayed next door during his 1786-87 visits to Edinburgh and to have watched cockfights held inside the inn - a blood sport common in Scottish taverns of the period. Today the pub is best known as the starting point of the Edinburgh Literary Pub Tour, launched here in 1996 as the city's first tour of its kind: two professional actors lead visitors between a handful of historic pubs, dramatising the lives and rivalries of Scottish writers from Burns and Sir Walter Scott through to Robert Louis Stevenson, Muriel Spark, and the generation of Rebus and Harry Potter. Behind its three-storey frontage, the pub also opens onto an extensive, tiered beer garden with views up toward the Castle - one of the largest outdoor drinking spaces in the Old Town.","","","The tour still begins in a private function room on the Beehive's third floor before spilling out onto the Grassmarket - meaning most nights of the week, this centuries-old coaching inn is quietly hosting a two-hour dramatised argument about which Edinburgh writer deserves the last word. Upstairs on the first floor hangs a genuinely grim relic: the actual door from the condemned cell at Calton Jail, Edinburgh's former prison on Regent Road, long since demolished - a stray piece of the city's execution history that ended up decorating a pub built for drinking and theatre rather than punishment.","9-5.jpg","https://www.edinburghliterarypubtour.co.uk/"
"White Hart Inn","32-34 Grassmarket, Edinburgh EH1 2JU","building","55.947538","-3.196833","About the building","Parts of the White Hart Inn date back to 1516, making it a strong contender for the oldest continuously operating pub in Edinburgh's city centre - and, by its own reckoning, the most haunted. Its guest list includes Robert Burns, recorded staying here in 1791, and William and Dorothy Wordsworth, who lodged at the inn in 1803 during their tour of Scotland. Less welcome visitors reportedly included the body-snatchers Burke and Hare, said to have used the pub as a hunting ground for future victims among its clientele, and, in April 1916, a German Zeppelin: a bomb dropped during one of the first air raids on Britain detonated nearby, and an inscribed flagstone outside still marks the spot where it fell.","","","The Zeppelin raid of 2-3 April 1916 killed 13 people and injured two dozen more across Edinburgh that night - making the bomb that fell close to the White Hart Inn's door part of the earliest aerial attack the city ever endured, a strange piece of 20th-century wartime history layered onto a pub already three centuries old.","9-6.jpg","https://en.wikipedia.org/wiki/Grassmarket"
"Petit Paris","38-40 Grassmarket, Edinburgh EH1 2JU","building","55.947551","-3.196575","About the building","Gingham tablecloths and whitewashed walls give Petit Paris the look of a Left Bank cafe that wandered off course and settled in the Grassmarket - fitting, since it opened in 1998 in a space vacated by one of the original branches of Pierre Victoire, the budget French bistro chain that collapsed into receivership that same year amid allegations its founder had quietly siphoned company funds. Where that empire crashed, its former waiter thrived: Philippe Bachelet, originally from Orleans, had worked at Edinburgh's first Pierre Victoire since 1989 and later ran two Chez Jules franchises with his wife, Nathalie, before striking out alone on this same stretch of the Grassmarket. Bachelet bought the building's freehold in 2004 and completed a self-funded refurbishment in 2011, fitting bespoke oak units while keeping the gingham and whitewash that give the place its old-fashioned Parisian feel. Nearly three decades on, it remains an independent, family-run bistro serving classic French dishes such as coq au vin, with a 4.5-star average across thousands of reviews and a regular place on Tripadvisor's list of Edinburgh's best French restaurants.","","","The Grassmarket square below Petit Paris's outdoor tables has been a marketplace since a 1477 royal charter and, for over a century from around 1660, the city's main site of public execution - the Covenanters' Memorial nearby marks exactly where the gallows stood. Diners here look straight up at Edinburgh Castle on its rock above the square, one of the more dramatic backdrops for a plate of moules frites anywhere in the city.","9-petit-paris.jpg","https://www.petitparis-restaurant.co.uk/"
"Patrick Geddes Steps","Castle Wynd S, Edinburgh EH1 2JT","architectural_point","55.947632","-3.196363","About the building","This flight of stone steps drops from Johnston Terrace down through Castle Wynd South to the Grassmarket, just a stone's throw from Edinburgh Castle's esplanade. Long a functional Old Town shortcut, the stairway was formally renamed the Patrick Geddes Steps in honour of the Scottish biologist-turned-town-planner who made this exact corner of the city his life's work. Geddes arrived in Edinburgh in 1884 and spent decades regenerating its decaying Old Town tenements, most visibly a few steps up the hill at Ramsay Garden, which he redeveloped into student and family flats between 1890 and 1893. At the top of these steps, a scrap of waste ground he once cleared survives today as the Johnston Terrace Wildlife Garden, still tended in his conservation-minded spirit.","","","A small sign partway down the steps carries Geddes's own emblem: three doves representing 'hand, heart and head' - the trio of practical skill, feeling and thought he believed any real work of civic improvement had to combine, a motto he applied everywhere from his Old Town tenement plans to his university teaching.","9-8.jpg","https://patrickgeddestrust.co.uk/heritage-trail/"
"Covenanters' Memorial","94 Grassmarket, Edinburgh EH1 2JU","monument","55.947814","-3.194759","About the monument","At the east end of the Grassmarket, this low circular memorial marks the site of Edinburgh's public gallows, where more than 100 Covenanters - Presbyterians who refused to accept the crown's authority over the Church of Scotland - were hanged between 1661 and 1688, most during the 'Killing Time' of the 1680s. Erected by public subscription in 1937, the monument's cobbled surface is laid with a cross of differently coloured stone marking out the shadow the gallows themselves once cast across the square. A bronze band running around its rim carries the memorial's dedication, and an adjoining plaque names many of those who died here - one of them, the ordinary criminal Margaret 'Maggie' Dickson, is remembered today not on this stone but a few doors along, at the pub that still carries her name.","","","The last Covenanter martyr executed here was James Renwick, hanged on 17 February 1688 - just two days after his 26th birthday - for refusing to swear an oath acknowledging the king's authority over the Church. His death came only months before the Glorious Revolution swept away the religious policy he had died opposing, one of the era's starker examples of a cause won just after its believers had already been executed for it.","9-9.jpg","https://www.covenanter.org.uk/grassmarket.html"
"W. Armstrong & Son (Armstrongs Vintage)","81-83 Grassmarket, Edinburgh EH1 2HJ","building","55.947683","-3.194448","About the building","Racks of military surplus, kilts and ballgowns spill from every corner of this red-fronted shop at 81-83 Grassmarket, the original home of W. Armstrong & Son, a vintage clothing emporium trading under the family name since 1840. What began as a single Grassmarket outfitter has grown into a small Edinburgh institution with sister shops on Cockburn Street, Teviot Place and Clerk Street - the last of which now serves as the business's head office - stocking everything from cashmere to decades of retro fashion. Locals and regular customers still rate the original Grassmarket store as the pick of the four branches, prized for its size and the sheer depth of stock built up over nearly two centuries on the same spot.","","","Armstrongs' enormous stock of genuine vintage military surplus and old uniforms, built up across generations rather than bought in for effect, has made it a go-to source for film and TV costume designers working in Edinburgh - on top of its everyday trade fitting festival-goers, students and fancy-dress shoppers from the very same rails.","9-10.jpg","https://www.armstrongsvintage.co.uk/"
"Portsburgh Stone","2-3 West Port, Edinburgh EH1 2JA","history","55.946583","-3.197923","About this address","This weathered, rounded boulder sitting beneath a tree in the small walled garden off West Port is known as the Portsburgh Stone, believed to be a glacial erratic dragged here during the last Ice Age - possibly from the Corstorphine quarries on the far side of the city, though an older, more fanciful theory once suggested it might be a fallen meteorite. It originally stood in Portsburgh, the burgh of barony that grew up just outside the city walls here after 1649, before being built into the perimeter wall of a Salvation Army hostel (now part of Edinburgh College of Art) alongside two smaller companion stones. When that stretch of wall was cleared in 1905, the stone was moved into the garden itself, where it has sat ever since.","","","Of the stone's two smaller Ice-Age companions, only one survives today, still visible built into a wall of the college building nearby - the other has gone missing somewhere in more than a century of construction work since. The garden itself belongs to Edinburgh College of Art and has historically been open to the public only on Sundays, so this glacial visitor is easy to miss the rest of the week.","9-11.jpg","https://www.megalithic.co.uk/article.php?sid=30769"
"The Last Drop","74-78 Grassmarket, Edinburgh EH1 2JR","building","55.947857","-3.195277","About the building","A blunt, double-edged name hangs over this Grassmarket pub: for over a century a gallows stood right outside, and 'the last drop' is thought to mean either the condemned prisoner's final drink here before execution or the drop of the hangman's noose itself. Public hangings ran in the Grassmarket from 1660 until 4 February 1784, when a man named James Andrews became the last person executed on the site - practically on the doorstep of where you're standing now. The current building was rebuilt using original 17th-century stone salvaged from the historic tenements that once stood here, keeping something physically continuous with the executions the name still commemorates.","","","Staff and regulars have long reported the pub is haunted by the ghost of a small girl in old-fashioned, medieval-style clothing, seen both in the cellar and around the bar - an oddly gentle haunting for a building named after mass public execution. The pub sits only a short walk from the Covenanters' Memorial and the cobblestone pattern marking the actual site of the gallows, so drinkers here are, quite literally, having a last drop where condemned prisoners once had theirs.","10-1.jpg","https://www.gpsmycity.com/attractions/the-last-drop-pub-23868.html"
"Maggie Dicksons","92 Grassmarket, Edinburgh EH1 2JR","building","55.947923","-3.195072","About the building","Margaret 'Maggie' Dickson lends this pub both her name and one of the Grassmarket's most retold escapes: a fishwife hanged here on 2 September 1724 for concealing a pregnancy after the death of her newborn son. Her coffin was loaded onto a cart bound for burial in Musselburgh, but when the driver stopped for lunch at the Sheep Heid Inn along the way, he discovered Maggie was still alive inside it. Under Scots law a death sentence carried out and survived could not lawfully be repeated, so 'Half-Hangit Maggie' walked free - and, according to local legend, went on to live for decades afterwards, eventually running a pub of her own on this same stretch of the Grassmarket.","","","The pub that carries her name today leans fully into the gothic backstory, decorated with dark wood panelling, exposed brick and a skeleton locked in a set of stocks by the door. It stands only metres from the Covenanters' Memorial marking Grassmarket's old execution site, meaning Maggie's own brush with the noose happened almost exactly where her namesake pub now pours pints.","10-2.jpg","https://www.edinburghexpert.com/blog/edinburghs-local-heroes-hauf-hangit-maggie-dickson"
"Candlemaker Row","Candlemaker Row, Edinburgh","history","55.947366","-3.191947","About this address","Tallow and wick smoke once filled this row's air: Candlemaker Row takes its name from Edinburgh's candlemaking trade, banished here from the cramped closes of the Old Town after a fire that broke out in a candle workshop killed the Deacon of the Bonnetmakers' Guild. Pushed out to what was then open ground near the old Bristo Port and town wall, the Incorporation of Candlemakers of Edinburgh built a proper guild hall on the row in 1722 to hold its meetings, its doorway carved with a shield and the date, marking the trade's new, safer home away from the tightly packed tenements above.","","","That 1722 hall, a four-storey block with two square stair towers, still stands on Candlemaker Row today - restored in 1979, it's the only incorporation hall left standing anywhere in Edinburgh out of the city's many historic craft guilds. The candlemakers' Latin motto, 'Omnia manifesta luce' ('All things are revealed by light'), was a fitting boast for tradesmen whose entire business was keeping Edinburgh's nights lit before gas or electric lighting ever existed.","10-3.jpg","https://edinburghtrades.co.uk/trades/candlemakers/"
"The Elephant House","21 George IV Bridge, Edinburgh EH1 1EN","building","55.947593","-3.191787","About the building","The Elephant House opened as a cafe on George IV Bridge in 1995 and became world-famous as one of the places J.K. Rowling wrote parts of the early Harry Potter novels between about 1996 and 1999, drawn in by cheap coffee, long communal tables and a back-room view over Greyfriars Kirkyard. A devastating fire in a neighbouring property in August 2021 gutted the cafe, and the closure dragged on for more than four years once the building's owner went into liquidation; it finally reopened on 29 December 2025, its refurbished back room renamed the Writers' Room and hung with portraits of Rowling alongside fellow Edinburgh writers Ian Rankin, Alexander McCall Smith and Irvine Welsh. The original table Rowling wrote at was salvaged from the wreckage and sits back in place for visitors today.","","","The cafe's own Harry Potter fame is often tangled up with a separate, much-repeated legend from just over the kirkyard wall: that a gravestone belonging to one Thomas Riddell inspired Voldemort's birth name. That story properly belongs to Thomas Riddell's Grave itself, a short walk away in Greyfriars Kirkyard - the Elephant House's real, well-documented connection to Rowling is this room and that table, not the headstone.","10-4.jpg","https://en.wikipedia.org/wiki/Elephant_House"
"George IV Bridge","George IV Bridge, Edinburgh","architectural_point","55.947761","-3.191672","About the building","Nine semicircular stone arches carry George IV Bridge across the deep Cowgate valley - though only two are visible today, the rest buried beneath the shops, tenements and even a festival venue built directly on top. Architect Thomas Hamilton designed the crossing to carry a new road from the Old Town's South Side up to the Lawnmarket, its ceremonial foundation stone laid on 15 August 1827. Funding shortfalls and disputes with the Edinburgh Improvement Commissioners dragged construction out for nearly a decade - Hamilton himself resigned from the project in 1834 - and the bridge wasn't finally finished until 1836.","","","Building the bridge meant demolishing two historic streets outright, Old Bank Close and Libberton's Wynd, taking with it John Dowie's Tavern - a tiny, much-loved 18th-century howff where Robert Burns was a regular, favouring its smallest snug, nicknamed 'the coffin', which sat only four or six people at a squeeze.","10-5.jpg","https://en.wikipedia.org/wiki/George_IV_Bridge"
"National Library of Scotland","57 George IV Bridge, Edinburgh EH1 1EW","building","55.948559","-3.191982","About the building","The National Library of Scotland traces its roots to the Advocates Library, founded in the early 1680s and formally opened in 1689, which gained the right to a free copy of every book published in Britain under the Copyright Act of 1710. It only became a national institution in its own right in 1925, when an Act of Parliament formally established it, backed by a £100,000 endowment from Sir Alexander Grant, managing director of the biscuit firm McVitie & Price. Grant later matched that with a further £100,000 toward a purpose-built home on George IV Bridge, designed by Reginald Fairlie from 1934 and finally completed in 1956 after wartime delays halted construction for years.","","","Legal deposit still applies today: by law the library is entitled to a copy of virtually everything published in the UK and Ireland, in print or online, and its holdings have grown to somewhere in the region of 30 million items - one of the largest research collections in Europe, sitting almost next door to Edinburgh's own public library on this same short stretch of George IV Bridge.","10-6.jpg","https://en.wikipedia.org/wiki/National_Library_of_Scotland"
"Edinburgh Central Library","7-9 George IV Bridge, Edinburgh EH1 1EG","building","55.948327","-3.192273","About the building","Designed by George Washington Browne in an ornate French Renaissance style, Edinburgh Central Library opened on George IV Bridge in 1890 as the city's first public library. The building drops away below street level, with further storeys descending through the gorge towards the Cowgate. It stands on the site of a 1616 townhouse belonging to Sir Thomas Hope, whose carved stone lintel - inscribed 'TECUM HABITA 1616' - was preserved and set into the new building.","","","The library was paid for by the Scottish-American steel magnate Andrew Carnegie, who doubled his original offer of £25,000 to £50,000 after being shown the site. Carnegie insisted the words 'Let there be Light' be carved above the entrance of every library he funded, and they appear above the door here too. He wasn't present when Lord Rosebery officially opened the building on 9 June 1890 - instead a telegram from Carnegie was read out, hoping 'that this Library is to grow in usefulness year after year.' Edinburgh is still the only local authority in the UK that classifies its adult library collection using the Library of Congress system rather than Dewey Decimal.","10-7.jpg","https://en.wikipedia.org/wiki/Central_Library,_Edinburgh"
"Victoria Street","Victoria Street, Edinburgh","architectural_point","55.948666","-3.193310","About the building","Victoria Street curls in a single elegant bow from the Grassmarket up to George IV Bridge, its rainbow-painted shopfronts making it one of the most photographed streets in Scotland. It began life as the West Bow, a notoriously crooked and dangerous medieval route linking the Grassmarket to the Royal Mile, until architect Thomas Hamilton - the same man behind George IV Bridge itself - swept much of it away between 1827 and 1834 as part of Edinburgh's Improvement Act works. Renamed in 1837 to mark Queen Victoria's accession, the street's two-tier design left an upper walkway, Victoria Terrace, running along its northern side above the shops.","","","The street is widely credited, if unofficially, as an inspiration for Diagon Alley in the Harry Potter books - J.K. Rowling worked for years at the Elephant House on George IV Bridge, a few minutes' walk from its top end, and would have passed this way often. Its older name, West Bow, has darker associations too: in 1670 a respected Edinburgh soldier named Major Thomas Weir confessed on his deathbed to decades of black magic, and was executed as the self-styled 'Wizard of the West Bow'.","10-8.jpg","https://en.wikipedia.org/wiki/Victoria_Street,_Edinburgh"
"The Red Door Gallery","42 Victoria Street, Edinburgh EH1 2JW","gallery","55.948412","-3.194558","About the gallery","One of the shopfronts most responsible for Victoria Street's rainbow reputation, the Red Door Gallery trades behind its namesake scarlet doorway at number 42, carrying work from around 150 UK and Scottish artists. Inside, contemporary screenprints and giclee art prints sit alongside designer jewellery, enamel pins, knitwear and handmade greetings cards - independent, small-run work rather than mass-produced tourist stock. Trading from this address since 2003, it's one of dozens of small, owner-run shops that have filled Victoria Street's curved Georgian frontages since the street's 1830s construction, keeping independent retail alive on one of the most photographed streets in Scotland.","","","The gallery is open all seven days of the week, year-round - a rarity among small independent Old Town shops, and a reflection of just how much passing footfall Victoria Street's photogenic curve now draws.","10-9.jpg","https://www.edinburghart.com/"
"Victoria Terrace","Victoria Terrace, Edinburgh","architectural_point","55.948676","-3.194057","About the building","Reached by a narrow flight of steps just off Victoria Street, Victoria Terrace is the surviving upper deck of Thomas Hamilton's 1827-34 rebuilding of the old West Bow - an iron-railed balcony walkway laid along the rooftops of the buildings below, lined with its own small row of shops and cafes, and giving uninterrupted views down over Victoria Street's curved, candy-coloured shopfronts to the Grassmarket beyond. It mirrors, on a smaller scale, the same trick Hamilton pulled off with George IV Bridge a few streets over: a street built up on hidden lower levels, so what looks like solid ground is really a bridge or terrace over the buildings and streets below.","","","From the terrace's railing, the view stretches from Victoria Street's coloured rooftops below all the way up to Edinburgh Castle on its rock - one of the few places in the Old Town where you can look straight down onto a whole street from a walkway built directly above its shops.","10-10.jpg","https://ewh.org.uk/victoria-street/"
"Greyfriars Hall","2 Cowgate, Edinburgh EH1 1JR","building","55.948080","-3.193422","About the building","Rising above the Cowgate with a Gothic tower and pointed windows, Greyfriars Hall began life around 1861 as Cowgatehead Church, one of several 19th-century churches built to serve Edinburgh's crowded Old Town parishes. The congregation eventually moved on and the building passed out of religious use, standing empty for years before being restored as part of Virgin Hotels Edinburgh, which opened across three linked historic buildings on the site in 2022. The old nave's vaulted ceiling and stone tracery survive intact inside, now used as an event space seating up to 150, while a new glass-fronted extension - visible right beside the old tower - was built onto the church to house the hotel's modern guest floors.","","","The hotel's design team, led by Edinburgh-based ICA Studio, first sketched the plan to link the old church with its neighbouring buildings back in 2013 - meaning the glass-and-stone building visible today took the better part of a decade to go from an architect's sketch to a finished hotel.","11-1.jpg","https://virginhotels.com/edinburgh/"
"Tomb of John Bayne of Pitcairlie","Greyfriars Kirkyard, Edinburgh EH1 2QQ","monument","55.947297","-3.192282","About the monument","Built into the boundary wall of Greyfriars Kirkyard, this weathered stone mausoleum commemorates John Bayne of Pitcairlie, a writer to the signet (a senior class of Edinburgh lawyer) who died in 1681. Bayne made his name and fortune supervising the building contracts for Charles II's 1670s renovation of Holyrood Palace, working alongside architects Sir William Bruce and Robert Mylne on major Edinburgh projects including Canongate Kirk and the Tron Kirk. His widow, Eupham Aikman, won permission from the Town Council in 1684 to raise this monument in his memory; masons Philip Alisone and Patrick Hunter built it, and James Andersone painted and gilded the carved surface, which still carries a long Latin inscription.","","","Carved into the statue's hand is a purse holding the royal signet - a nod to Bayne's own career - while the tomb's sheer opulence reflects a wider shift in the kirkyard after 1660, when burial inside the church itself was outlawed and wealthy Edinburgh families began competing instead to build the grandest possible monument out in the yard.","11-2.jpg","https://en.wikipedia.org/wiki/John_Bayne_of_Pitcairlie"
"Greyfriars Kirk","Greyfriars Place, Edinburgh EH1 2QQ","religious_building","55.946643","-3.192427","About the church","Standing at the edge of its own kirkyard just off George IV Bridge, Greyfriars Kirk was Edinburgh's first church built after the Reformation, opening on Christmas Day 1620 on land that had belonged to a Franciscan friary until Reformers destroyed it in 1559. A gunpowder explosion in 1718 - stored in the tower during a siege - wrecked much of the structure, and the church was later split into two separate congregations, Old and New Greyfriars, that worshipped side by side until reuniting in 1929. It remains an active Church of Scotland parish today, its plain harled walls and squat tower giving little outward hint of the momentous scene that unfolded just outside its door in 1638.","","","The National Covenant - a mass declaration against royal interference in Scottish worship - was laid out on a flat tombstone in the churchyard on 28 February 1638 for signing, and within weeks copies had circulated the country so widely that tens of thousands of Scots had added their names, some reputedly signing in their own blood.","11-3.jpg","https://en.wikipedia.org/wiki/Greyfriars_Kirk"
"Greyfriars Kirkyard","Greyfriars Kirkyard, Edinburgh EH1 2QQ","monument","55.946643","-3.191539","About the monument","Table tombs, wall monuments and grand mausolea crowd every path through Greyfriars Kirkyard, together forming one of the richest collections of post-Reformation funerary architecture in Scotland. The ground has served as one of Edinburgh's main burial grounds since 1562, when Mary Queen of Scots granted the town council land that had previously belonged to a Franciscan friary - the 'grey friars' whose robes gave the site its name. With the Old Town's older kirkyards long full, it became the resting place for generations of merchants, lawyers and reformers. Notable residents include James Craig, the young architect who won the competition to design Edinburgh's New Town but died in poverty in 1795 and was buried here in an unmarked grave, since given a memorial noting his legacy. Just inside the main gate on Candlemaker Row is also the small headstone marking where Bobby, the loyal terrier commemorated by the statue at this leg's end, was buried in 1872.","","","By the early 1800s the kirkyard was so tempting a target for body-snatchers supplying the city's anatomy schools that grieving families began fitting heavy iron cages called mortsafes over freshly dug graves - several can still be seen bolted in place near the kirkyard's boundary walls today.","11-21.png","https://en.wikipedia.org/wiki/Greyfriars_Kirkyard"
"Covenanters' Prison","Greyfriars Kirkyard (Forrest Road side), Edinburgh EH1 2QL","monument","55.946061","-3.192441","About the monument","In the southeast corner of Greyfriars Kirkyard, behind a locked iron gate off Candlemaker Row, lies the walled enclosure known as the Covenanters' Prison. After the Covenanter army was crushed at the Battle of Bothwell Bridge in June 1679, around 1,200 prisoners were marched to Edinburgh and held here in the open air for more than four months, each allotted just four ounces of bread a day. Dozens died of exposure and starvation before winter set in; others were tried and executed, escaped, or bought freedom by signing a bond renouncing the Covenant. In November 1679 some 257 survivors, sentenced to transportation to the American colonies, were marched to Leith and put aboard a ship called the Crown. It wrecked off Deerness, Orkney on 10 December during a storm; by one survivor's account, the crew battened the hatches to stop the prisoners escaping the sinking ship, and nearly all of them drowned, still shackled below deck.","","","The grand mausolea now crowded inside the enclosure mostly date from after 1705, when the ground was formally laid out for burials - meaning almost none of the monuments a visitor sees today existed when the Covenanters were actually confined here in the open air in 1679.","11-5.jpg","https://www.hmdb.org/m.asp?m=242684"
"The Black Mausoleum","Greyfriars Kirkyard, Edinburgh EH1 2QL","monument","55.946217","-3.192166","About the monument","Tucked against the southern boundary wall of Greyfriars Kirkyard, this domed classical mausoleum was built for Sir George Mackenzie of Rosehaugh, the King's Advocate who prosecuted the Covenanters imprisoned metres away in 1679 and earned the nickname 'Bloody Mackenzie' for the executions he ordered during the period later known as the Killing Time. Designed by architect James Smith and completed shortly before Mackenzie's death in 1691, its drum-shaped, colonnaded form was unusual for Restoration-era Scotland. Mackenzie was also a founding force behind the Advocates' Library, later absorbed into the National Library of Scotland just up the street.","","","Local legend holds that a homeless man sheltering inside the mausoleum in December 1998 fell through a collapsed floor into an underground burial vault full of disturbed remains, triggering the 'Mackenzie Poltergeist' - years of reported scratches, bruises and fainting among visitors that made this one of the most-investigated 'haunted' sites in Britain, and led the kirkyard's keyholder to have the tomb locked and exorcised in 1999. Tour guides and Harry Potter fan sites also point to the mausoleum's poltergeist as a possible inspiration for Hogwarts' own mischievous poltergeist, Peeves - a comparison Rowling has never confirmed and that appears to rest on general atmosphere rather than any documented naming link.","11-6.jpg","https://en.wikipedia.org/wiki/George_Mackenzie_of_Rosehaugh"
"Greyfriars Bobby's Bar","30-34 Candlemaker Row, Edinburgh EH1 2QE","building","55.946838","-3.191487","About the building","This Category B listed pub occupies the ground floor of a row of early Georgian houses at the foot of Candlemaker Row, built as part of the same 1720s development as the neighbouring Candlemakers' Hall next door. Long a Candlemaker Row tavern under other names, it was renamed Greyfriars Bobby's Bar after the small Skye terrier whose statue - cast by sculptor William Brodie and unveiled in 1873, the year after the dog's death - stands on the pavement just outside its door. Inside, dark wood panelling and old photographs of the real Bobby lean into the legend, while the pub's position squarely between the kirkyard gate and the statue makes it one of the most-photographed backdrops on this stretch of the walk.","","","The famously shiny nose and paws visitors pause to rub for luck belong to the bronze dog on the pavement outside, not to the pub itself - see the Greyfriars Bobby Statue for that story, including the city council's occasional re-gilding of the worn bronze to stop generations of polishing from eating into the metal.","11-7.jpg","https://www.nicholsonspubs.co.uk/restaurants/scotlandandnorthernireland/greyfriarsbobbysbarcandlemakerrowedinburgh"
"Bedlam Theatre","11b Bristo Place, Edinburgh EH1 1EZ","building","55.946288","-3.190727","About the building","A short walk past Greyfriars, this red sandstone Gothic building at the corner of Forrest Road and Bristo Place was built in 1848 as the New North Free Church, designed by Thomas Hamilton, one of the architects behind the Scott Monument and the Royal High School. The congregation left in 1941, and after decades as a University of Edinburgh chaplaincy and storeroom, students converted the deconsecrated church into a theatre in 1980-81, keeping its steep gabled roof and lancet windows intact. Today the Bedlam Theatre is the oldest continuously running student theatre in Britain, staging around forty University of Edinburgh Theatre Company productions a year and packing in up to eight separate Fringe shows a day every August.","","","The theatre takes its name not from the church but from the area's earlier history: this stretch of Forrest Road once stood beside Edinburgh's 'Bedlam', a poorhouse and asylum, where the poet Robert Fergusson - a major influence on the young Robert Burns - died in 1774 at just twenty-four.","11-8.jpg","https://en.wikipedia.org/wiki/Bedlam_Theatre"
"Sandy Bell's","25 Forrest Road, Edinburgh EH1 2QH","building","55.946084","-3.191280","About the building","A fiddle tune spilling onto Forrest Road most evenings is usually the first clue you've found Sandy Bell's - a pub that began life as an ordinary grocery shop, its narrow, oddly proportioned interior still giving the game away. It was already a bar by the 1920s, run by an owner named Mrs Bell, before regulars started calling it simply 'Sandy Bell's' - a nickname that stuck for over fifty years before it ever appeared on a sign. From the 1960s, under landlord Jimmy Cairney, it became one of the true engine rooms of the Scottish folk revival, hosting nightly sessions and after-hours 'kitchen ceilidhs' that drew players from across the city and abroad. Hamish Henderson, the poet and folklorist often called the father of that revival, held informal court here for years; a small bust of him still watches over the bar today. It only adopted 'Sandy Bell's' as its official name in the early 1990s.","","","Musicians who passed through its sessions include Barbara Dickson, Billy Connolly, Gerry Rafferty, Aly Bain, Johnny and Phil Cunningham, and Dick Gaughan - and the influential folk group Jock Tamson's Bairns formed out of chance meetings at the bar. Traditional Scottish and Irish sessions still run here most nights, making it one of the longest continuously running folk-music pubs in the country.","12-1.jpg","https://en.wikipedia.org/wiki/Sandy_Bell%27s"
"Bristo Port (Flodden Wall)","Forrest Road (between nos. 5 and 7), Edinburgh EH1 2QQ","history","55.946551","-3.191016","About this address","A small marker and a line of dark cobbles (setts) set into the pavement here trace the course of Edinburgh's Flodden Wall, the town's defensive perimeter begun in fearful haste after the catastrophic Scottish defeat at the Battle of Flodden in 1513. This spot marks the site of the Bristo Port - also called the Greyfriars or Society Port - a fortified gateway built around 1515 where the wall crossed what became Bristo Street, controlling movement in and out of the walled burgh. The gate itself vanished long before Forrest Road was cut through the area in the 1860s to link George IV Bridge with the university quarter, so almost nothing survives above ground; walk between numbers 5 and 7 today and the gap in the modern paving is essentially all you'll find of it.","","","Bristo Port was a comparatively late addition to the Flodden Wall circuit, added as the built-up area crept south toward Greyfriars decades after the original wall line was hurriedly laid out in 1513 - a reminder that the 'town wall' visitors picture as one single ring was actually extended and patched piecemeal over more than a century.","12-2.jpg","https://canmore.org.uk/site/52150/edinburgh-forrest-road-bristo-port"
"Teviot Row House","13 Bristo Place, Edinburgh EH8 9AJ","building","55.944971","-3.188886","About the building","Opened on 19 October 1889, Teviot Row House is generally reckoned to be the oldest purpose-built students' union building in the world - earlier student societies had simply borrowed rooms elsewhere, but this was designed and built from scratch for the job. Architects Sydney Mitchell and Wilson gave it a Scots Baronial look, with pinnacled drum towers and crow-stepped gables echoing the royal palaces at Holyrood and Falkland, built in warm Hailes sandstone. It was extended westward in 1902-05 to add a dining hall and further bars, then again with a plainer rear block in 1962. The site has older roots too: it once held a townhouse belonging to Lord Ross, later a lying-in hospital that operated here between 1793 and 1842, before the union building replaced it. Push through the doors today and you'll find a few in-jokes layered onto all that history, not least a mounted moose head presiding over one of the archways.","","","A mounted moose head hangs over one of Teviot's archways under a long-running student tradition: any group that can remove it and prove - with photographic evidence - that they've carried it more than a mile from the building gets their names added to a plaque installed beside it. It has apparently never been successfully retrieved for good.","12-3.jpg","https://en.wikipedia.org/wiki/Teviot_Row_House"
"Reid Concert Hall","Bristo Square, Edinburgh EH8 9AL","building","55.944923","-3.189362","About the building","Funded by the bequest of General John Reid, a British Army officer, flautist and composer who endowed Edinburgh University's Chair of Music, Reid Concert Hall opened on 14 February 1859, designed in an Italianate neoclassical style by the Scottish architect David Cousin. Its intimate 218-seat auditorium sits beneath a richly coffered, tunnel-vaulted ceiling, with a 1978 organ built by the German firm Jurgen Ahrend against the east wall. For well over a century the building also housed a remarkable museum gallery of historic instruments, assembled by Professor John Donaldson and long considered the oldest purpose-built musical instrument museum in Europe. Sit in the stalls on a concert night and the hall's original purpose is still obvious - it was built purely for the sound to carry, not for spectacle.","","","That instrument collection moved out in 2017, relocating to St Cecilia's Hall on the Cowgate to form a single 5,000-object collection - so the display cases here stand empty today, though the hall still hosts concerts, including an annual Reid Concert every 13 February marking General Reid's birthday and his gift to the university. During the Festival Fringe it becomes 'The Cowbarn', an Underbelly comedy venue.","12-4.jpg","https://en.wikipedia.org/wiki/Reid_Concert_Hall"
"McEwan Lantern Pillar","Bristo Square, Edinburgh EH8 9AG","monument","55.945316","-3.188358","About the monument","Standing at the edge of Bristo Square opposite McEwan Hall's entrance, this tall tapering pillar of Portland stone was designed by Robert Rowand Anderson - the same architect responsible for McEwan Hall itself - and erected around 1890. It combines a decorative lamp standard with carved detailing, including the McEwan family coat of arms, and was presented to the City of Edinburgh by the brewer and Liberal MP William McEwan alongside his much larger gift of the Hall, which opened a few streets away on 3 December 1897. McEwan had left school at fourteen to work in his uncle's brewery and built it into one of Scotland's largest, later ploughing a fortune into university buildings across the campus that still bear his name.","","","Despite being a Category B listed structure in its own right - officially catalogued by Historic Environment Scotland as the 'Corporation Lamp', a nod to its status as a civic gift rather than purely a university one - the lantern pillar is easy to walk straight past, with most visitors' eyes going straight to the huge domed hall behind it. That's a fitting fate for a monument to William McEwan, who spent his career building one of Scotland's largest breweries only to become, in later life, an active member of the Temperance Society campaigning against alcohol - an irony that had little visible effect on the flow of McEwan's beer, or on the university buildings his fortune paid for across the campus around this pillar.","12-5.jpg","https://portal.historicenvironment.scot/apex/f?p=1505%3A300%3A%3A%3A%3A%3AVIEWTYPE%2CVIEWREF%3Adesignation%2CLB27994"
"The Next Big Thing is a Series of Little Things","Bristo Square, Edinburgh (paving between the Dugald Stewart Building and McEwan Hall)","monument","55.945448","-3.188675","About the monument","Easy to miss underfoot, this artwork by artist Susan Collis consists of around 1,600 small bronze dots set into the paving of Bristo Square, meandering roughly 68 metres from near the Dugald Stewart Building across to the entrance of McEwan Hall. Titled 'The Next Big Thing is a Series of Little Things', the piece resembles a trail of dripped paint spilled carelessly across the stone - a playful, almost invisible companion to the grand Victorian architecture surrounding the square that most people cross a dozen times before they ever notice it underfoot. It was installed as part of a wider redevelopment of the square that also brought in new paving, seating and lighting for the university's central plaza.","","","Collis designed the dots to change with use rather than stay fixed: as thousands of students' feet cross the square every day, the bronze studs slowly polish up brighter than the stone around them, so the artwork is quite literally still being finished by the people walking over it, years after it was installed - a fitting twist on a title that plays on the cliche 'the next big thing', suggesting grand ambitions are really just an accumulation of small, easily overlooked details, much like the dots themselves. It was the University's first major public art commission in years, cast by the Powderhall Bronze Foundry and installed over about three weeks as part of the wider redevelopment of McEwan Hall and Bristo Square, with the trail of drips starting from McEwan Hall's original main doorway - so it traces, roughly, the route generations of graduates have walked away from their own graduation ceremony.","13-9.jpg","https://www.edinburghexpert.com/blog/history-squared-bristo-square-edinburgh"
"Old Medical School","Teviot Place, Edinburgh EH8 9AG","building","55.945356","-3.190298","About the building","This vast red sandstone complex, designed by Robert Rowand Anderson after he won an 1874 architectural competition, opened through the 1880s in a Northern Italian Renaissance style, with palazzo-style frontages and a corbelled stair turret that still catches the evening light along Teviot Place. It was built to give Edinburgh's rapidly growing Medical School - founded back in 1726 and previously squeezed into Old College - room to expand, and its footprint is enormous: the complex runs the entire length of the block from Teviot Place down the top of Middle Meadow Walk. Integral to the new building was a purpose-built Anatomical Museum, which opened in 1884 and still holds the university's historic anatomy and pathology collections today. The courtyard at its heart was officially renamed the Elsie Inglis Quadrangle in 2017, and its walls are lined with blue plaques to the school's most influential figures.","","","Along the quad's walls: Sir James Young Simpson, who discovered chloroform's anaesthetic properties in 1847 after testing it on himself one evening; Joseph Lister, whose antiseptic techniques transformed surgical survival rates; Sir Robert Sibbald, the school's 17th-century founding professor; James Lind, whose 1747 trial proved citrus cured scurvy; Sir Arthur Conan Doyle, a medical graduate who based Sherlock Holmes's deductive method on one of his own professors here; physiologist Sir Edward Sharpey-Schafer, a pioneer of hormone research; and three trailblazing women - Sophia Jex-Blake, one of the 'Edinburgh Seven' who fought to open medical education to women; Elsie Inglis, the WWI medical pioneer the quadrangle is now named after; and Mary Pickford, who became the school's first female professor in 1966.","13-1.jpg","https://en.wikipedia.org/wiki/University_of_Edinburgh_Medical_School"
"George Heriot's School (Main Building)","Lauriston Place, Edinburgh EH3 9EQ","building","55.945185","-3.193733","About the building","George Heriot, court goldsmith and moneylender to James VI, picked up the nickname 'Jinglin' Geordie' from the coins and jewels that rattled in his pockets as he did business around the city - and left just over £23,625 on his death in 1624, worth several million pounds today, to found a charitable hospital school for 'poor fatherless bairns'. Its foundation stone was laid in 1628, with master mason William Wallace leading construction until his death in 1631, succeeded by William Aytoun and then John Mylne; Sir William Bruce later added the distinctive central tower between 1676 and 1693. Building work was interrupted when Oliver Cromwell's occupying troops used the half-finished quadrangle as a barracks, reportedly stabling horses in what would become the chapel. It finally opened in 1659 with thirty pupils, converted to a fee-paying day school in 1885, and admitted girls for the first time in 1979.","","","Generations of pupils have nicknamed the building 'the Wark' - simply 'the works' - out of grudging local affection for what's widely considered one of the finest examples of Scottish Renaissance architecture in the country, its quadrangle also holding the more sombre distinction of being the first large building constructed outside Edinburgh's old town walls. Heriot's own fame outlived him by two centuries: Sir Walter Scott turned him into a character, the kindly goldsmith 'Geordie Heriot', in his 1822 novel The Fortunes of Nigel, lending a real King James VI moneylender's fortune to help a fictional young lord out of debt - a portrayal that did as much as anything to fix the 'Jinglin' Geordie' nickname in popular memory.","13-3.jpg","https://en.wikipedia.org/wiki/George_Heriot%27s_School"
"Middle Meadow Walk","Middle Meadow Walk, Edinburgh (northern end, near Teviot Place)","history","55.945216","-3.191141","About this address","This tree-lined path began taking shape in 1722, when Thomas Hope of Rankeillor leased the old, boggy bed of the drained Burgh Loch and set about turning it into an ornamental park with formal walkways. In 1737 the Town Council granted a strip of land across George Heriot's Hospital's own grounds to extend the route north toward Forrest Road, and it opened fully to the public in 1743 once a gap was cut through the old city wall at its head. It was formally relaid in the 1850s after a Town Council design competition, gaining stone gatepiers whose carved unicorns - added in 1850 by sculptor Alexander Handyside Ritchie, one bearing Edinburgh's own coat of arms and motto and the other Scotland's royal one - replaced the original wooden posts marking the walk's north end.","","","For roughly 170 years, Edinburgh's civic authorities and residents fought off repeated attempts to open this route to wheeled traffic - documented campaigns in 1864, 1871, 1873-74, 1876, 1879, 1885, 1892, 1895, 1915, 1919, 1921-22, 1928, 1931, 1935-36, 1946 and 1962 all failed, several defeated by public meetings thousands strong. The only concession ever won was a cycle lane added in 1983, meaning this has remained a pedestrian route in substance for very nearly three centuries.","13-10.jpg","https://threadinburgh.scot/2023/07/16/the-thread-about-middle-meadow-walk-how-and-why-it-has-remained-a-traffic-free-route-despite-over-a-century-of-attempts-to-open-it-up/"
"Lister Housing Co-operative (Georgian Tenements)","36 Lauriston Place, Edinburgh EH3 9EZ","building","55.945021","-3.196740","About the building","This block of Georgian tenements, built between 1816 and 1824 around Heriot Place, Keir Street and Lauriston Place, had fallen into serious disrepair by the 1970s. Rather than see it demolished, residents formed one of Edinburgh's early tenant-led housing co-operatives, taking ownership of the buildings and securing government funding for a full rehabilitation carried out between 1978 and 1982 - work that went on to win a Saltire Award. Part of the funding came through the Lister Trust, set up in memory of Joseph Lister, the pioneer of antiseptic surgery, whose old Royal Infirmary of Edinburgh stands directly across Lauriston Place.","","","In the mid-1980s the co-operative expanded again, taking on a U-shaped tenement across the road that the Royal Infirmary itself had earmarked for demolition. The 1990-92 rescue created 50 new flats at a cost of £5.5 million, making it the highest-value housing project in Scotland at the time. The co-operative has since paid off every loan it took out and now owns all of its properties outright, a rare outcome for a scheme of this size and age.","14-1.jpg","https://lister.coop/about-us/history/"
"Greyfriars Bobby Statue","Corner of George IV Bridge & Candlemaker Row, Edinburgh EH1 2QQ","monument","55.946945","-3.191315","About the monument","A small bronze dog perches above a granite drinking fountain at the corner of George IV Bridge and Candlemaker Row, facing Greyfriars Kirkyard's gate across the street. The statue commemorates Bobby, a Skye terrier said to have belonged to John Gray, a nightwatchman with the Edinburgh City Police. When Gray died of tuberculosis in 1858 and was buried in the kirkyard opposite, tradition holds that Bobby kept vigil at his grave for the next fourteen years, becoming so well known around the Old Town that Edinburgh's Lord Provost, Sir William Chambers, personally paid for the dog's licence in 1867 and had him fitted with a collar, now on display in the Museum of Edinburgh. Sculptor William Brodie cast the memorial from life not long after Bobby's own death in 1872, and English philanthropist Baroness Angela Burdett-Coutts funded its unveiling on 15 November 1873.","","","Generations of visitors touching Bobby's nose and paws for good luck have rubbed them to a bright, polished shine - so much wear that Edinburgh City Council has had to regild the discoloured bronze more than once to keep the polishing from eating into the metal itself. Despite being barely knee-high, the statue and its fountain became a Category A listed structure in 1977, reputedly Edinburgh's smallest; the water itself stopped flowing in 1975 after a health scare, leaving what was once a two-level trough - a basin for horses above, a lower one for dogs - purely decorative ever since.","11-9.jpg","https://en.wikipedia.org/wiki/Greyfriars_Bobby"
"Greyfriars Bobby's Grave","Greyfriars Kirkyard, Edinburgh EH1 2QQ (just inside the main gate)","monument","55.946685","-3.191666","About the monument","Just inside Greyfriars Kirkyard's main gate, close to the George IV Bridge/Candlemaker Row entrance, a small red granite headstone marks the traditional burial spot of Greyfriars Bobby, the loyal terrier who is said to have kept vigil at his master John Gray's grave for fourteen years. The stone itself is much newer than the 1872 burial it commemorates: it was erected by the Dog Aid Society of Scotland and unveiled by His Royal Highness The Duke of Gloucester on 13 May 1981, more than a century after Bobby's death. Bobby's own grave lies around seventy-five yards from Gray's, since dogs could not normally be buried within the kirkyard itself - a small, unofficial exception made for the city's most famous mourner.","","","Not everyone accepts the loyal-vigil story at face value. Historian Jan Bondeson's 2011 research argued that Bobby was more likely a stray, encouraged to stay around the graveyard by kirkyard staff and a nearby restaurant owner keen to draw visitors, and kept fed to hunt rats rather than to mourn at any particular grave - he may even have been two different dogs, the original dying around 1867 and a younger animal carrying on the routine for the rest of the fourteen-year vigil. Bondeson points to more than sixty similar 'faithful graveyard dog' stories recorded elsewhere in 19th-century Europe as evidence the tale follows a familiar folk pattern rather than a one-off event.","11-10.jpg","https://www.hmdb.org/m.asp?m=126984"
"Thomas Riddell's Grave","Greyfriars Kirkyard, Edinburgh EH1 2QQ (southern yard, near the boundary wall)","monument","55.946924","-3.193607","About the monument","A weathered sandstone marker toward the back of Greyfriars Kirkyard's southern yard carries two names: Thomas Riddell Esq., who died in Edinburgh on 24 November 1806 aged 72, and a Thomas Riddell junior beside him. Little else about either man survives in easily available records - what has made the stone famous is a name, not a biography. Fans and tour guides have long argued it's the source of Tom Riddle, the birth name J.K. Rowling gave Lord Voldemort, whose fictional middle name Marvolo lets the full name anagram into 'I am Lord Voldemort'. The theory gained extra traction because the grave sits only a short walk from the Elephant House, the cafe overlooking the kirkyard where Rowling wrote much of the early books. Rowling herself has never confirmed drawing the name from this specific stone: in a March 1999 Barnes & Noble web chat she said only that she collects names generally, including from gravestones and other sources, and she has separately recalled one of her own children coming home from a Greyfriars tour with a Riddell-grave theory that was, by her account, news to her rather than something she had deliberately planted. Greyfriars Kirk's own visitor materials now formally list the stone among the yard's stops as the 'Tom Riddell Gravesite' regardless, reflecting how firmly the site has been absorbed into the kirkyard's modern identity, whatever the truth of its literary connection.","","","Fan traffic has been heavy enough that the grave is now fenced off with iron railings to keep visitors from touching or entering the plot directly - an unusual protective measure for what is, on its own documented terms, an obscure 18th-century family burial with no literary history of its own.","11-24.png","https://greyfriarskirk.com/visit/tours/untitled-2/"
"Captain John Porteous's Grave","Greyfriars Kirkyard, Edinburgh EH1 2QQ (near the west wall)","monument","55.946708","-3.193317","About the monument","Near the west wall of the original kirkyard lies the grave of Captain John Porteous of the Edinburgh City Guard, buried here on 9 September 1736 - two nights after a mob dragged him from the Tolbooth and lynched him at Hunter's Close in the Grassmarket, in revenge for his having ordered his men to fire into a crowd there that April and then receiving a royal reprieve from execution for it. See Hunter's Close, passed earlier on this walk, for the full story of the riot itself.","","","For more than two hundred years his grave carried only a small square stone marked with the single letter 'P' and the date 1736. In 1973 a biographer paid to replace it with a proper headstone reading 'John Porteous, a Captain of the Edinburgh City Guard, murdered 7 September 1736 - All passion spent'. Unlike several neighbouring graves, no tour guide or fan source consulted for this entry claims any Harry Potter connection for the Porteous name - his story appears on kirkyard tours purely for its own dramatic history.","11-12.jpg","https://en.wikipedia.org/wiki/John_Porteous_(soldier)"
"The Potter Grave (Anne and Robert Potter)","Greyfriars Kirkyard, Edinburgh EH1 2QQ (near the main entrance)","monument","55.946900","-3.192600","About the monument","Close to Greyfriars Kirkyard's main George IV Bridge entrance stands a family headstone inscribed to Anne and Robert Potter. As with many of the yard's more modest 18th- and 19th-century burials, no further biographical detail about the two survives in the sources checked - the stone itself, and its surname, are essentially the whole of what is documented about them today.","","","Tour guides and fan blogs widely cite this as the grave that gave J.K. Rowling her hero's surname, since it sits only steps from the Elephant House cafe where she wrote. Rowling has given a different account herself, though: in a March 1999 Barnes & Noble web chat she said 'Potter was the name of a brother and sister who I played with when I was very young. We were part of the same gang and I always liked that surname' - crediting childhood friends rather than this or any other headstone.","11-20.png","https://everythingedinburgh.com/harry-potter-sites-in-edinburgh/greyfriars-kirkyard/"
"The Scrymgeour Gravestone","Greyfriars Kirkyard, Edinburgh EH1 2QQ","monument","55.946940","-3.192630","About the monument","Greyfriars Kirkyard holds at least one Scrymgeour family monument, though sources disagree on exactly which stone tour guides mean: some point to a memorial for Margaret Louisa Scrymgeour Wedderburn, others to a separate stone for a Daniel Scrymgeour standing near the Potter family grave. Either way, the Scrymgeours were a genuine, long-established Scottish family - the name is also historically borne by the Royal Standard Bearers of Scotland - rather than an invention for the tour.","","","The surname is popularly said to have inspired Rufus Scrimgeour, the gruff Minister of Magic introduced in Harry Potter and the Deathly Hallows - the spelling shifts slightly from 'Scrymgeour' to 'Scrimgeour'. As with the other kirkyard names on this leg, Rowling has never confirmed the connection; she has said more generally that she has 'got names from saints, place-names, war memorials, gravestones' over the years.","11-25.png","https://everythingedinburgh.com/harry-potter-sites-in-edinburgh/greyfriars-kirkyard/"
"John Gray's Grave","Greyfriars Kirkyard, Edinburgh EH1 2QQ","monument","55.946900","-3.192500","About the monument","John Gray arrived in Edinburgh around 1850 with his wife Jess and son John, and, unable to find work as a gardener, joined the Edinburgh City Police as a night watchman. He died of tuberculosis on 15 February 1858 and was buried here in Greyfriars Kirkyard - an ordinary working man whose own grave carries none of the fame later attached to the small dog who, by tradition, would not leave it.","","","That dog, Bobby, is said to have kept vigil at Gray's grave for the next fourteen years, a story already covered by this leg's separate Greyfriars Bobby-related POIs. No Harry Potter connection has ever been claimed for the name Gray at this kirkyard - unlike several neighbouring stones, it appears on tourist itineraries purely for the Bobby legend rather than any Rowling naming theory.","11-26.png","https://en.wikipedia.org/wiki/Greyfriars_Bobby"
"John Watson's Grave","Greyfriars Kirkyard, Edinburgh EH1 2QQ","monument","55.946900","-3.192100","About the monument","John Watson, an Edinburgh Writer to the Signet, died in 1762 (one source gives 1759) and left the residue of his estate, around 2,000 pounds, for charitable use in the city - specifically, according to his will, to found a hospital aimed at 'preventing child murder', a starkly worded 18th-century way of describing support for destitute and abandoned infants. The Society of Writers to the Signet administered the growing fund for decades and later erected a monument to him here in Greyfriars in his honour.","","","That bequest eventually funded John Watson's Institution, a Stockbridge school for orphaned children designed by William Burn and opened in 1828; it became John Watson's School before closing in 1975, and the building now houses the Scottish National Gallery of Modern Art (Modern One). No source consulted for this entry links the name Watson to any Harry Potter character - unusually for this leg, his grave is included for his own genuine philanthropic legacy rather than any claimed literary connection.","11-27.png","https://en.wikipedia.org/wiki/John_Watson's_Institution"
"Elizabeth Moodie's Gravestone","Greyfriars Kirkyard, Edinburgh EH1 2QQ (near the Flodden Wall)","monument","55.946527","-3.193425","About the monument","Near the Flodden Wall inside Greyfriars Kirkyard stands a weathered stone bearing the name Elizabeth Moodie. As with several of the yard's less prominent burials, no biography of her beyond the name and approximate location on the stone appears to survive in the sources checked - she is one of many otherwise-unrecorded Edinburgh residents whose only public trace today is this single gravestone.","","","Tour guides and Harry Potter fan sites frequently cite this as the source of Auror Alastor 'Mad-Eye' Moody's surname, one more entry in the kirkyard's informal list of character-name graves alongside Riddell, Potter, Scrymgeour and McGonagall. As with the others, Rowling has never confirmed drawing the name from this or any specific stone here.","11-23.png","https://secret-edinburgh.com/greyfriars-kirkyard/"
"William McGonagall's Tombstone","Greyfriars Kirkyard, Edinburgh EH1 2QQ (near the Flodden Wall, by George Heriot's School gate)","monument","55.946373","-3.193558","About the monument","William McGonagall (c.1825-1902) is widely regarded as the worst poet in the English language, best remembered for verse such as 'The Tay Bridge Disaster' and 'The Famous Tay Whale', written with total sincerity and no apparent awareness of how badly they scanned. He died in poverty in Edinburgh in 1902 and was buried in a communal pauper's grave in Greyfriars Kirkyard; the exact plot was never recorded, so in 1999 well-wishers installed a memorial plaque near the Flodden Wall, inscribed with a line from his own poetry describing himself as 'the poor poet that lives in Dundee'.","","","This is one of the few kirkyard 'Harry Potter grave' claims Rowling has actually addressed directly: on the official Wizarding World site she said there was 'something irresistible' about his name and 'the idea that such a brilliant woman [Professor Minerva McGonagall] might be a distant relative of the buffoonish McGonagall' - a deliberate, acknowledged piece of wordplay rather than the unconfirmed rumour attached to most of the other names on this leg.","11-22.png","https://en.wikipedia.org/wiki/William_McGonagall"
"Adam Family Mausoleum","Greyfriars Kirkyard, Edinburgh EH1 2QQ (south division, near the Heriot's School gate)","monument","55.946135","-3.192841","About the monument","This small classical temple-fronted mausoleum was designed in 1753 by the young Robert and John Adam - later two of Britain's most celebrated architects - to hold the tomb of their father, William Adam (1689-1748), the leading Scottish architect of his own generation, responsible for buildings including Hopetoun House and the original Royal Infirmary of Edinburgh. Later inscriptions inside record other family members, including a descendant, John Adam, acting Governor-General of India, who died at sea in 1825.","","","Despite its imposing, gothic-adjacent silhouette among the kirkyard's other grand tombs, no source checked for this entry claims any Harry Potter naming connection for the Adam family. It stands here purely as a genuine piece of Edinburgh architectural history: one dynasty of architects building a monument to the father who trained them.","11-14.jpg","https://en.wikipedia.org/wiki/William_Adam_(architect)"
"James Hutton's Grave","Greyfriars Kirkyard (Covenanters' Prison enclosure), Edinburgh EH1 2QL","monument","55.945946","-3.192646","About the monument","Inside the walled Covenanters' Prison enclosure at the south end of Greyfriars Kirkyard lies the grave of James Hutton (1726-1797), a farmer turned naturalist widely called the father of modern geology. Observing how ordinary processes like erosion and sediment deposition worked in the Scottish landscape around him, he argued that the same slow forces, acting over immense stretches of time, had shaped the entire Earth - a theory of 'deep time' that upended the far shorter Biblical timelines then generally assumed. He presented his Theory of the Earth to the Royal Society of Edinburgh in 1785, publishing it in 1788 and an expanded two-volume edition in 1795.","","","Because the Covenanters' Prison enclosure is normally kept locked to the public, Hutton's grave tablet - a century after the Covenanters' own confinement here - is usually visible only during the kirkyard's annual Doors Open Days each September, or by special arrangement with Greyfriars Kirk's own guides. No Harry Potter connection has been claimed for Hutton or his grave in any source checked for this entry.","11-15.jpg","https://en.wikipedia.org/wiki/James_Hutton"
"Little Free Library","2a Forrest Road, Edinburgh EH1 2QH","monument","55.946118","-3.190877","About the monument","This small, hand-built book box on Forrest Road is one of dozens of 'Little Free Libraries' scattered across Edinburgh - miniature street-corner bookcases where anyone can take a book or leave one behind, no library card or fee required. The movement in Edinburgh was kickstarted by the Edinburgh Tool Library, a community group better known for lending tools rather than books, which built the city's first one in the Stockbridge Colonies in 2016. Demand for book-sharing grew sharply during the COVID-19 pandemic, and the network has since expanded across the city through a mix of the Tool Library's own volunteer makers and independent residents building their own from public plans.","","","Each Little Free Library costs roughly £250-300 to build and install, and every one needs a named local 'custodian' who volunteers to keep it stocked, tidy and in good repair - meaning this small box on Forrest Road, sitting almost exactly between Greyfriars Bobby's statue and the university's Bristo Square quarter, only survives because someone nearby keeps quietly looking after it.","11-16.jpg","https://edinburghtoollibrary.org.uk/little-free-libraries/"
"Alexander and Bucephalus Statue","City Chambers Courtyard, High Street, Edinburgh EH1 1DF","statue","55.950058","-3.190256","About the statue","This ten-foot bronze group in the City Chambers courtyard shows Alexander the Great taming his wild horse Bucephalus, sculpted by Sir John Steell. It was Steell's first major work, begun in 1829 soon after he returned from studying in Rome, and modelled that same year - but Edinburgh council was slow to pay him, and the piece wasn't actually cast in bronze until 1883, over fifty years later. Presented to the city by public subscription in 1884, it originally stood in St Andrew Square before being moved to this High Street courtyard in 1916. Steell went on to become one of Scotland's most celebrated sculptors, appointed Sculptor in Ordinary to Queen Victoria in Scotland in 1838, and later cast the equestrian Duke of Wellington statue you may have already passed on Princes Street, this leg's own starting point.","","","Look closely at the horse's ears - local legend has it that Steell took revenge on the council for the decades-long delay by giving Bucephalus a pair of pig's ears instead of a horse's, a small act of sculpted protest hidden in plain sight above one of Edinburgh's busiest courtyards.","7-15.jpg","https://en.wikipedia.org/wiki/John_Steell"
"Hugh Miller Plaque","297 High Street, Edinburgh EH1 1YJ","plaque","55.949819","-3.190326","About the plaque","A plaque at 297 High Street marks the former offices of The Witness, the Free Church of Scotland's newspaper, where the geologist and writer Hugh Miller worked as editor from 1840 to 1856. It was in The Witness that Miller first serialised much of his groundbreaking geological writing, including The Old Red Sandstone (1841), turning a religious newspaper into an unlikely platform for popular science and reaching a far wider readership than a scientific journal ever could have.","","","Miller began working life as a stonemason, not a scholar - it was cutting into Old Red Sandstone rock that first sparked his fascination with the fossils inside it. Entirely self-taught, he went on to pioneer the field of palaeoecology and correspond with the leading geologists of his day, though he remained a fierce religious opponent of Darwin's theory of evolution right up to his death by suicide in 1856, worn down by years of mental illness and overwork.","7-16.jpg","https://en.wikipedia.org/wiki/Hugh_Miller"
"General Stanislaw Maczek Statue","City Chambers Courtyard, High Street, Edinburgh EH1 1YJ","statue","55.950128","-3.190228","About the statue","This bronze statue in the City Chambers courtyard honours General Stanislaw Maczek (1892-1994), commander of the 1st Polish Armoured Division, who Winston Churchill entrusted with defending Scotland's east coast against invasion during the Second World War. Maczek's division went on to play a decisive role in the 1944 Battle of Normandy, helping close the Falaise Gap, before liberating parts of France, Belgium and the Netherlands, including the Dutch city of Breda, which still marks the anniversary of its liberation by Polish troops every year. Sculpted by Bronislaw Krzysztof, the statue was unveiled here on 3 November 2018.","","","After the war, Poland's postwar communist government stripped Maczek of his citizenship and his war pension in punishment for having fought alongside the Western Allies. Unable to return home, he settled permanently in Edinburgh and, to support his family, spent years working as a barman at the Learmonth Hotel - a decorated wartime general pulling pints just a few streets from where his own statue now stands.","7-17.jpg","https://en.wikipedia.org/wiki/Stanis%C5%82aw_Maczek"
"The News Steps","St Giles Street, Edinburgh EH1 1QS","architectural_point","55.950236","-3.192167","About the building","This 124-step stairway drops from St Giles Street, just off the High Street, down to Market Street near Waverley Station, one of the Old Town's steepest shortcuts to the New Town below. The steps take their name from the Edinburgh Courant, one of Britain's earliest regional newspapers (founded 1705), whose printing house once stood near St Giles Street - papers fresh off the press were rushed down these steps to reach Market Street and the trains at Waverley. Today the railings are covered in hundreds of padlocks, left by couples and visitors in a homegrown 'love lock' tradition - nobody official put them there, and the council has never endorsed them, but new ones keep appearing.","","","From the top there's a genuine 'two levels of the city' view, framed right through the padlocks: North Bridge overhead, the Balmoral Hotel's clock tower across the valley, and rooftops spilling down the slope alongside you - a compact demonstration of how the Old Town was built to stack one street directly above another, the same trick you'll have already seen at Scotsman Steps and Fleshmarket Close earlier on this walk. The Edinburgh Courant that gave these steps their name was Scotland's first regional newspaper, first printed in 1705 - and one of its early editors was Daniel Defoe, sent north by the English government to report on, and quietly shape opinion around, the 1707 Union, years before he made his name writing Robinson Crusoe.","7-18.jpg","https://en.wikipedia.org/wiki/Edinburgh_Courant"
"The Caledonian Hotel","Princes Street, Edinburgh EH1 2AB","architectural_point","55.949797","-3.207336","About the building","Red sandstone quarried at Locharbriggs and Corncockle in Dumfriesshire rises above this corner of Princes Street, hauled north on the Caledonian Railway Company's own trains to build its grand terminus hotel between 1899 and 1903. Inside, marble columns and gilded ceilings once greeted arriving passengers, who could step straight from the platforms of Princes Street Station through three archways into the hotel itself - 205 guest rooms waiting on the other side. Long known simply as ""The Caley"", it outlived the station by decades: passenger trains stopped running from Princes Street in September 1965 and the tracks were lifted, but the hotel above kept operating, still the grandest address at the west end of Princes Street.","","","The Caledonian's engineers once piped waste steam from locomotives at the adjoining station straight into the hotel's boilers to help heat its water - a literal recycling of the railway's own exhaust. Its corridors are noticeably wide, reputedly built generously enough for two Edwardian ladies in full hooped skirts to pass without their dresses touching. Over the twentieth century its guest book filled with the famous - Charlie Chaplin, Laurel and Hardy, Elizabeth Taylor, Bing Crosby, Gene Kelly, who is said to have danced down the main staircase, and Sean Connery, a regular guest over the decades until his death in 2020. More recently Taylor Swift stayed here during her 2024 Eras Tour dates in Edinburgh.","3-19.jpg","https://en.wikipedia.org/wiki/The_Caledonian_Edinburgh_Hotel"
"View Down Frederick Street to St Stephen's and the Kingdom of Fife","Frederick Street at George Street, Edinburgh","viewpoint","55.953150","-3.200548","About the view","From this point at the top of Frederick Street, the New Town's dead-straight grid opens onto one of Edinburgh's most celebrated views: the street runs directly downhill for half a mile, closing on the tower of St Stephen's Church in Stockbridge before the view carries on past it, across the Firth of Forth, to the hills of Fife beyond. William Playfair designed St Stephen's, built in 1827-28, specifically to terminate this vista - its tower rising 162 feet to dominate the skyline exactly where Frederick Street, Howe Street and St Vincent Street all converge below.","","","St Stephen's clock, fitted by James Ritchie & Son in 1828, carries the longest pendulum of any public clock in Europe - 60 feet long, swinging with an 8.6-second period inside the tower. The far shore on a clear day is Fife, still known traditionally as ""the Kingdom of Fife"" from its days as a distinct Pictish territory rather than part of mainland Scotland proper. St Stephen's stopped holding regular Church of Scotland services decades ago and became Saint Stephen's Theatre; in 2026 the building itself went up for sale, its spire still framing the same view Playfair intended two centuries earlier.","1-22.jpg","https://en.wikipedia.org/wiki/St_Stephen%27s_Church,_Edinburgh"
"Dean Ramsay Memorial","St John's Episcopal Church, Princes Street, Edinburgh EH1 2EP","monument","55.950277","-3.205748","About the monument","This soaring Celtic cross, over 8 metres of Shap granite on three broad steps, stands in the graveyard of St John's Episcopal Church at the west end of Princes Street, commemorating Edward Bannerman Ramsay, the church's minister for over 40 years and Dean of Edinburgh from 1841 until his death in 1872. Designed by the architect Robert Rowand Anderson and erected in 1879, the cross carries a set of bronze relief panels cast by F. A. Skidmore of Coventry, depicting scenes from Christ's Passion, the Resurrection and Ascension alongside six acts of charity - fitting for a man remembered as much for his philanthropy as for his ministry.","","","Dean Ramsay's lasting fame rests less on his sermons than on a single book: ""Reminiscences of Scottish Life and Character"", a collection of anecdotes and observations on the Scottish national character first published in 1858. It became one of the runaway publishing successes of Victorian Scotland, running through 22 editions by the time of his death in 1872 alone, and it stayed in print well into the 20th century. Ramsay was also a co-founder of Glenalmond College, one of Scotland's leading independent schools, and served as minister of St John's - the church whose churchyard this cross now stands in - from 1830 right through to his death.","3-20.jpg","https://en.wikipedia.org/wiki/Edward_Bannerman_Ramsay"
"Hard Rock Cafe","20 George St, Edinburgh EH2 2PF","building","55.953500","-3.196260","About the building","Behind the neon sign sits a Georgian townhouse dating from George Street's original 1780s development as one of the New Town's grand residential streets. By 1882 the building had become Dowell's Rooms, a well-known Edinburgh auction house, before a later spell as a public house. Hard Rock Cafe took over the premises in 1998, adding its trademark gold guitar logo to a facade that had already lived through a century of very different Edinburgh trades - a pattern repeated up and down George Street, where grand Georgian frontages now house everything from banks to bars behind their original stonework.","","","The ""Love All, Serve All"" motto worked into the doorway lettering here is the same one displayed at every Hard Rock Cafe worldwide, dating back to the very first branch, opened in London in 1971 by two young Americans, Isaac Tigrett and Peter Morton, who wanted an American-style diner that welcomed absolutely everyone. That founding philosophy of inclusivity is also why Hard Rock cafes fill their walls with rock memorabilia rather than velvet ropes; Edinburgh's own collection has included Ringo Starr's leather jacket and a guitar once played by Red Hot Chili Peppers.","1-23.jpg","https://cafe.hardrock.com/edinburgh/"
"The Standing Order","62-66 George St, Edinburgh EH2 2LR","building","55.952870","-3.199505","About the building","This grand banking hall, all soaring columns and coffered ceiling, was built in 1874-78 as the Edinburgh headquarters of the Union Bank of Scotland, designed by the noted Scottish architect David Bryce and completed after his death by his nephew John Bryce. Grade A listed, it's one of George Street's most imposing former banks - a street that was lined with them in the Victorian era - and Wetherspoon converted it into a pub while keeping much of the original interior intact, including the vast scale and detailing that once signalled a bank's solidity and trustworthiness to its customers.","","","The pub takes its name, ""The Standing Order"", from banking terminology as a nod to the building's past - and that past is still visible throughout. One of the dining areas contains an original Chubb vault, its markings inside dated 1968, while a bronze statue nicknamed ""Money, Money, Money"" - a bank manager offering up a case of cash - watches over the main hall, a wry piece of commentary on the building's former trade planted right in the middle of what's now one of Scotland's best-regarded Wetherspoon pubs.","1-24.jpg","https://www.jdwetherspoon.com/pub-histories/the-standing-order-edinburgh/"
"The Alexander Graham Bell","128 George St, Edinburgh EH2 4JZ","building","55.951969","-3.205292","About the building","This corner pub occupies a pair of classic Georgian townhouses on George Street dating from around 1785, though a carved lintel over one doorway carries a much older inscription: ""God bless the baxters of Edinburgh who built this house 1675"", a reference to the city's medieval baker's guild and a much earlier building on the site. The premises traded for years as the Ivory Lounge before JD Wetherspoon took it over in May 2010, renaming it in honour of the world-famous inventor said to have been born just around the corner.","","","Alexander Graham Bell, inventor of the telephone, was born at 16 South Charlotte Street - a walk of only a few minutes from this pub's front door, and this tour's own route passes his birthplace separately elsewhere on leg 3. Bell emigrated to Canada and then the United States as a young man, patented the telephone in 1876 while teaching at Boston University, and kept his ties to his native city throughout his life, returning on visits and eventually being made a Freeman of Edinburgh in 1920, over four decades after the invention that made him famous.","2-11.jpg","https://www.jdwetherspoon.com/pub-histories/the-alexander-graham-bell-edinburgh/"
"Mather's Bar","1 Queensferry St, Edinburgh EH2 4PA","building","55.950269","-3.208682","About the building","This single-room corner bar occupies the ground floor of a five-storey building put up in 1900 by the architects Sydney Mitchell & Wilson for the National Commercial Bank of Scotland. Wine merchant Hugh Mather took over the ground floor in 1902 and established the licensed premises the following year, giving the pub its name, which still runs in gold lettering across the frontage: ""Wines. H.P. Mather. Spirits."" Inside, the pub has changed remarkably little in well over a century - high ceilings with ornate plasterwork, a large stained-glass window, floor-to-ceiling tiling in the porch, and an original bar counter and half-height panelling.","","","CAMRA (the Campaign for Real Ale) has identified Mather's as having a nationally important historic pub interior, one of a small number in Scotland to earn that distinction - meaning the fixtures and layout are protected as being of outstanding historic value, not just an old-looking pub but a genuinely preserved one. Tucked just off the west end of Princes Street, it's long been a classic ""old man's bar"" popular with people passing through on their way to the trams, buses, or the theatre nearby, rather than a tourist destination in its own right.","3-21.jpg","https://camra.org.uk/pubs/h-p-mather-mathers-west-end-edinburgh-151376"
"Statue of Sir James Young Simpson","132 Princes St, Edinburgh EH2 3AA","statue","55.950444","-3.205152","About the statue","This seated bronze figure in academic robes, book resting on one knee, was erected by public subscription in 1877 and designed by the sculptor William Brodie. It commemorates Sir James Young Simpson, professor of midwifery at Edinburgh University, who in November 1847 became the first doctor to demonstrate chloroform's use as an anaesthetic - testing it first on himself and two colleagues at his own dinner table before adopting it in his obstetric practice. The discovery transformed surgery and childbirth almost overnight, sparing patients an era of fully conscious operations.","","","The breakthrough came the hard way, by trial and error on willing volunteers. On the evening of 4 November 1847, Simpson and two assistants sat at his dinner table inhaling sample chemicals one by one, hunting for something better than ether. Chloroform knocked all three clean off their chairs — one kept laughing helplessly, another's voice cracked into a falsetto, and Simpson himself came round on the floor under the table, delighted rather than alarmed, and pronounced on the spot that they'd found their answer. He put it to clinical use within days, but the drug faced fierce religious objection at first — some clergy argued that easing the pain of childbirth defied the biblical curse on Eve — until Queen Victoria herself was given chloroform by her own physician during the birth of Prince Leopold in 1853, an endorsement that ended the controversy overnight. Simpson became one of the most celebrated Scots of his era: knighted in 1866, the first doctor in Scotland to receive the honour, and when he died in 1870 more than 100,000 people are said to have lined Edinburgh's streets for his funeral procession to Warriston Cemetery.","3-22.jpg","https://en.wikipedia.org/wiki/James_Young_Simpson"
"Thistle Street Bar","39 Thistle St, Edinburgh EH2 1DY","building","55.954076","-3.198895","About the building","This snug traditional pub occupies a building put up around 1775-80 on Thistle Street, often reckoned the oldest street laid out in Edinburgh's New Town - a narrow service lane running parallel to George Street, originally intended for tradesmen's workshops and stables rather than grand frontages. True to that humble origin, the building itself started out as a cow shed before its later life as licensed premises; today it's known for a proper cask-ale selection from independent Scottish breweries and regular live folk music sessions.","","","In the late 1970s and early 1980s the pub traded as Marr's Bar, named for its then-landlord Archie Marr - an original member of the Bay City Rollers who played keyboards on the band's first single, a cover of ""Keep on Dancing"", released in October 1971, before Edinburgh's own ""Rollermania"" peak with tartan-clad fans queuing for hours at record-shop signings. Marr was long gone from the band's classic mid-70s line-up by the time the hysteria hit, in keeping with a group whose membership churned constantly through its early years - even its own name is said to have been picked at random by throwing a dart at a map of North America, landing near Bay City, Michigan.","1-25.jpg","https://thistlestreetbar.com/history/"
"Fishers in the City","58 Thistle St, Edinburgh EH2 1EN","building","55.953893","-3.199535","About the building","Fishers in the City occupies a converted warehouse on Thistle Street, opened in 2001 as the second branch of a Leith seafood institution that's been family-run since 1991. The menu leans hard into the classics - chowder, fishcakes, fish and chips, and a rotating shellfish selection - alongside meat and vegetarian dishes given equal attention, served in a warm, contemporary dining room built for long, unhurried lunches as much as celebratory dinners.","","","The original Fishers restaurant still operates a few miles away on the historic waterfront at The Shore in Leith, inside a striking round stone tower built in 1685-86 by the architect Robert Mylne as a windmill, later stripped of its sails and topped with battlements in 1805 to serve as a harbour watchtower. This Thistle Street branch doesn't share that landmark building - its own premises are a plainer former warehouse - but the family recipes and seafood sourcing carry over directly. Now in its third generation of family ownership, Fishers has grown from that single Leith address, opened in 1991, into one of Edinburgh's most consistently well-regarded seafood groups.","1-26.jpg","https://www.fishersrestaurants.co.uk/fishers-in-the-city/"
"Cafe Marlayne","76 Thistle St, Edinburgh EH2 1EN","building","55.953756","-3.200325","About the building","This intimate French bistro on Thistle Street opened its doors on 27 February 2000, founded by Islay Fraser and Marcelline Levicky, who blended their two names to create ""Marlayne"". The menu draws its inspiration from the bistros and brasseries of Marcelline's hometown, Lyon, reworked with the best Scottish produce available - classic French cooking served with the kind of care and precision that's kept the small, lively room busy for a lunch crowd by day and a more romantic dinner trade after dark.","","","Cafe Marlayne became successful enough to open a second branch on Old Fishmarket Close, just off the Royal Mile - a location that's since moved again, now trading at the top of Leith Walk, while this original Thistle Street bistro remains the flagship. More than two decades after opening, it's still independently and personally run by its founders rather than having expanded into a wider chain, something diners and reviewers regularly point to as central to its lasting appeal.","1-27.jpg","https://cafemarlayne.com/about-us"
"The Cambridge Bar","20 Young St, Edinburgh EH2 4JB","building","55.952736","-3.205949","About the building","This two-storey Georgian corner bar on Young Street has become known across Edinburgh for its craft beer selection and gourmet burgers, made with locally-sourced ingredients and served in an L-shaped downstairs bar full of wooden alcoves, low tables and leather benches, with an upstairs room used for private functions and overflow dining. Young Street itself was originally laid out as the westernmost stretch of Thistle Street before being renamed after an early New Town developer - one of the many quiet service lanes tucked just behind George Street's grander frontages.","","","The Cambridge Bar shares Young Street with an even more famous neighbour just a few doors along: the Oxford Bar, the unpretentious real-ale pub made internationally known as detective John Rebus's regular haunt in Ian Rankin's bestselling crime novels. The two pubs, named after Britain's oldest rival universities, sit on the same short Edinburgh lane by coincidence rather than design - though it makes for a natural point of comparison between the Oxford's famously spartan, traditional interior and the Cambridge's more contemporary craft-beer-and-burgers approach.","2-12.jpg","https://thecambridgebar.co.uk/"
"Old Waverley Hotel","43 Princes St, Edinburgh EH2 2BY","building","55.952907","-3.193188","About the building","This seven-storey Victorian building on Princes Street, opposite the gardens and Waverley Station, dates from 1848 and was designed by the architect John Armstrong for the hotelier Robert Cranston. With 86 rooms, it was one of the largest hotels on the street when it opened, and it kept the Cranston family's management for decades, giving the building its long-standing local nickname long before ""Old Waverley"" became its formal name.","","","For almost 25 years the hotel operated as ""Cranston's Temperance Hotel"" - the first temperance hotel in Scotland, serving no alcohol at all at a time when the temperance movement was a serious social and political force across Victorian Britain. Robert Cranston was a committed temperance campaigner as well as a hotelier, and his teetotal Princes Street establishment became a well-known statement in a city otherwise thick with taverns and licensed hotels, before the business eventually dropped the temperance policy and became the more conventional hotel operating under the Old Waverley name today.","4-15.jpg","https://www.oldwaverley.co.uk/"
"North Bridge","North Bridge, Edinburgh","architectural_point","55.951912","-3.188380","About the building","Cross this bridge and you're walking on the reason the New Town exists at all: without a crossing here, linking the medieval Old Town to the ridge of Georgian development rising to the north, that whole elegant grid could never have been built where it is. The first North Bridge opened for pedestrians in 1765, but was still incomplete when disaster struck: on the evening of 3 August 1769, its south abutment gave way without warning and part of the structure collapsed, killing five people. An inquiry blamed rushed construction and shallow foundations dug into loose earth - the very ground where the Old Town had been dumping its excavation spoil for generations. Rebuilding cost £18,000, almost double the original budget, and the bridge didn't fully reopen until 1772. That first North Bridge stood until 1896, by which point it could no longer cope with the growing city. The bridge beneath your feet now, its blue ironwork trimmed in red and gold, was built in two stages between 1894 and 1897, engineered to span directly over the platforms of Waverley Station below, and formally opened on 1 September 1897 by the Lord Provost, Sir Andrew McDonald.","","","The bridge's ironwork was fabricated by Sir William Arrol & Co, the Glasgow firm responsible for two of Britain's most famous Victorian engineering landmarks: the Forth Bridge, opened in 1890 as the first major crossing built entirely of steel, and London's Tower Bridge, which opened the same year North Bridge's construction began, in 1894. From this spot the view takes in the turreted Balmoral Hotel, the Palladian front of General Register House, and - across the valley - the unfinished columns of the National Monument and the Nelson Monument crowning Calton Hill.","5-18.jpg","https://en.wikipedia.org/wiki/North_Bridge,_Edinburgh"
"Advocate's Close","Advocate's Cl, Edinburgh","history","55.950200","-3.191477","About this address","One of dozens of narrow closes branching off the Royal Mile, Advocate's Close drops steeply from the High Street down toward Market Street and Cockburn Street, its masonry dating back to at least 1544. It takes its name from Sir James Stewart of Goodtrees, Lord Advocate of Scotland (1692-1709 and 1711-13), who rebuilt the house here after 1688 and lived in it until his death - one of many distinguished residents in an era when these closes housed everyone from the city's elite to its poorest tenement dwellers, stacked together in the same tight wynds.","","","Glance back up the close toward the Royal Mile and you'll catch one of Edinburgh's most photographed accidental views: the Gothic spire of the Scott Monument, perfectly centred at the far end, with Princes Street and the New Town beyond. That view survives today thanks to a 2014 restoration by Morgan McDonnell Architecture, which won the close Scotland's £25,000 Doolan Prize for building of the year, beating competition that included Glasgow's Hydro arena - a striking turnaround for a passage that had stood semi-derelict for decades. The work also turned up a genuine surprise: a Latin and English inscription over an old doorway, reading 'Blessed be God and all his gifts,' unnoticed for so long it wasn't rediscovered until 2009.","6-8.jpg","https://en.wikipedia.org/wiki/Advocates_Close"
"Warriston's Close","Warriston's Cl, Edinburgh","history","55.950538","-3.191034","About this address","A steep flight of some 120 stone steps drops from the Royal Mile down to Cockburn Street through Warriston's Close, one of the steepest and most physically dramatic of the Old Town's closes. It takes its name from Sir Archibald Johnston, Lord Warriston, a prominent 17th-century lawyer and Covenanter who lived here. As with many closes, the buildings visible today were rebuilt on top of much older structures - the lower levels of the original medieval street survive beneath, buried and preserved rather than demolished when later buildings went up above.","","","Archibald Johnston was one of the principal authors of the National Covenant of 1638 and a leading figure in Scotland's Presbyterian resistance to royal religious policy, rising as high as a seat in Oliver Cromwell's own parliament. After the Restoration of Charles II in 1660 he fled abroad, was tracked down in France, and eventually brought back to Edinburgh, where he was hanged in 1663 - just yards from this close, near the Mercat Cross on the Royal Mile, for his earlier anti-Royalist activities. His punishment didn't end with the noose: Johnston's head was struck off and displayed on a spike at the Netherbow Port, the Old Town's main city gate, before eventually being taken down and buried with the rest of him in Greyfriars Kirkyard - the fate handed to several Covenanter leaders executed in Edinburgh during the Restoration crackdown on Presbyterian dissent.","6-9.jpg","https://en.wikipedia.org/wiki/Archibald_Johnston"
"The Doric Bar","15-16 Market St, Edinburgh EH1 1DE","building","55.950915","-3.190627","About the building","Edinburgh's oldest gastropub by its own reckoning, the Doric occupies a corner of Market Street in the shadow of North Bridge and Waverley Station - a building dating to the 17th century that was adapted into a pub in the 18th, even if what you see today looks more late-Victorian than truly ancient. A traditional ground-floor bar - stocked with more than fifty single malt whiskies - sits below a first-floor bistro serving fresh, locally sourced food cooked to order, a split-level format that's let it run as both a proper pub and a serious dining room for decades.","","","The name likely nods to ""Doric,"" the term for the broad, characterful dialect of North-East Scotland - as well as, coincidentally, one of the three classical orders of Greek architecture, the plainest and sturdiest of the three columns. Tucked into the tangle of streets and closes below the Royal Mile near Waverley Station, the pub sits within a few minutes' walk of several of the Old Town's most atmospheric closes, making it a natural stopping point on a route through the historic heart of the city.","5-19.jpg","http://www.the-doric.com/"
"Old Saint Paul's Scottish Episcopal Church","63 Jeffrey St, Edinburgh EH1 1DH","religious_building","55.950827","-3.187133","About the church","The congregation here traces back to 1689, when Bishop Alexander Rose, ousted from St Giles' Cathedral after the Scottish Episcopal Church lost its status as the national church, set up worship in a converted wool store in nearby Carrubber's Close. Episcopalians paid for that split for decades afterward: their clergy and congregations were persecuted under law through the Jacobite Risings, and it took the death of Bonnie Prince Charlie in 1788 to finally loosen the association between Episcopacy and Jacobite politics. The current building, designed by Hay & Henderson and completed in 1883 at a cost of £3,500, was formally named ""Old"" St Paul's to distinguish it from a separate, newer St Paul's that had opened in the New Town. A war memorial chapel and a dramatic 33-step Calvary Stair, added in 1926, connect the church down to its Jeffrey Street entrance.","","","Despite its unassuming entrances - one via the steep Calvary Stair from Jeffrey Street, another through Carrubber's Close off the Royal Mile - the church opens into a surprisingly large, richly decorated interior that gives little away from outside. As one of Scotland's original 17th-century Episcopalian congregations, it represents a direct thread back to the years just after the 1689 Revolution, when Presbyterian church government was re-established and Episcopalian worshippers like Rose's displaced congregation had to find new, often improvised, places to meet.","5-20.jpg","https://en.wikipedia.org/wiki/Old_St_Paul%27s,_Edinburgh"
"Margaret Tait Filmmaker Plaque","North Bridge, Edinburgh","plaque","55.951217","-3.188566","About the plaque","This blue plaque, part of the ""MT100"" trail marking the centenary of filmmaker Margaret Tait's birth, records one of her own sound recordings made at this very spot: ""13 Jan, 4.30-5pm, 1963: 'record' startings under the North Bridge on a Sunday afternoon - a little traffic and not very much other noise."" Tait, born in Kirkwall, Orkney in 1918, trained as a doctor at Edinburgh University and served with the Royal Army Medical Corps in India during the Second World War before turning to filmmaking, studying in Rome and founding her own studio, Ancona Films, in Edinburgh.","","","Tait's painstaking sound recordings, capturing the precise ambient noise of specific places at specific moments, were made to be edited separately into the soundtracks of her own 16mm films - part of a working method built around close, patient observation rather than conventional narrative filmmaking. In 1992, at the age of 74, she became the first Scottish woman to direct a feature-length film, Blue Black Permanent, capping a career of more than 30 largely self-financed short films that went largely unrecognised in her lifetime but are now seen as foundational to Scottish independent cinema.","5-21.jpg","https://en.wikipedia.org/wiki/Margaret_Tait"
"Sir Robert W Philip Plaque","The Mound, Edinburgh","plaque","55.949922","-3.193043","About the plaque","This blue plaque near The Mound commemorates Dr Robert William Philip, who in 1887 founded the Victoria Dispensary for Consumption and Diseases of the Chest nearby - the world's first clinic dedicated specifically to fighting tuberculosis. Rather than simply treating patients as they arrived, Philip pioneered what became known as the Edinburgh Scheme: tracing a disease back through a patient's household and social circumstances, examining infected families, and working to contain outbreaks at their source, treating tuberculosis as a public health problem to be managed at population scale rather than case by case.","","","The plaque itself was erected in 1957, the centenary of Philip's birth, by the National Association for the Prevention of Tuberculosis, and quotes his own confident prediction that mankind would eventually master the disease. His dispensary model - combining outpatient treatment, home visits, and a linked sanatorium and after-care colony - was so influential it was copied around the world and became the template for modern tuberculosis-control programmes, decades before antibiotics existed to actually cure the disease he spent his career trying to contain.","7-19.jpg","https://en.wikipedia.org/wiki/Robert_William_Philip"
"The Scotsman Picturehouse","20 North Bridge, Edinburgh EH1 1TR","building","55.951156","-3.188504","About the building","Tucked into a previously disused room inside the former Scotsman newspaper building, this 48-seat boutique cinema opened on 9 August 2019 after a multi-million-pound refurbishment - a rare new addition to a building otherwise defined by its Edwardian past. Rather than rows of standard cinema seats, bespoke red leather and velvet armchairs and sofas, each with its own table lamp, sit beneath the original ornate cornice-work and wood panelling that survive throughout the wider hotel.","","","The opening night doubled up two very different films back to back: the Elton John biopic Rocketman, followed by Yesterday, the Danny Boyle-directed musical fantasy built around The Beatles' songbook. It's a fittingly theatrical launch for a cinema built inside a building that spent a century as a working newspaper office - printing presses once ran in the floors below, and editorial staff worked just above where audiences now settle in with a drink to watch a film, one more layer in the building's long history of repurposing.","5-22.jpg","https://scotsmanhotel.co.uk/picturehouse/"
"O'Neill's Bar","9 Hunter Square, Edinburgh EH1 1QW","building","55.949627","-3.187648","About the building","Five storeys of Grade A listed sandstone rise above Hunter Square at what's now O'Neill's, built in 1788-90 by the Edinburgh Merchant Company as its Merchants' Hall, designed by John Baxter. The Company moved out to Hanover Street in 1879, after which the ground floor was substantially altered - most notably in 1894, when the Royal Bank of Scotland relocated the entrance from its original central position to one at the side. The building later fell into disrepair before a full restoration between 1991 and 1996 brought its five floors, including a basement, back into active use.","","","Before becoming this branch of the O'Neill's Irish pub chain in 2025, the premises traded for years as The Tron, named for its position right beside the Tron Kirk a few steps up the Royal Mile. The building's long list of past occupants - merchants' guild, bank, restaurant, and now an Irish theme pub - is a fairly typical Old Town story: a grand 18th-century civic building repeatedly repurposed as the institutions that first used it moved on, while the structure itself, protected by its listed status, has stayed largely intact.","6-10.jpg","https://camra.org.uk/pubs/oneills-edinburgh-151711"
"The Inn on the Mile","82 High St, Edinburgh EH1 1LL","building","55.950085","-3.187298","About the building","A giant Doric portico and Greek key cornice give this High Street corner the gravitas of a Victorian bank, because that's exactly the effect its builders wanted. Built in 1923 at the peak of the British Linen Bank's success, this grand Greek Revival building served as the bank's Royal Mile branch, an expansion beyond its original headquarters in St Andrew Square. Its Classical facade - complete with copper anthemion ornament and an ornate stone crest carved into the stonework above - was crafted to project exactly the solidity and permanence a bank wanted its customers to feel.","","","The British Linen Bank's fortunes declined through the two world wars, and it was eventually absorbed by the Bank of Scotland in the 1970s. The building passed through further ownership changes before its rebirth as The Inn on the Mile, now a nine-room boutique hotel and pub that has kept the original ceiling cornice moulding and exposed brickwork inside, pairing them with contemporary interiors - a High Street landmark that's spent a century as a monument to banking respectability and only recently become somewhere to actually stay the night.","6-11.jpg","https://theinnonthemile.co.uk/history/"
"Landy's Fish and Chips","29-31 North Bridge, Edinburgh EH1 1SF","building","55.950364","-3.187345","About the building","Landy's opened in December 2024 in a grand corner unit on North Bridge, formerly a Byron Burger, giving the Old Town a proper seaside chippy on a genuinely lavish scale: 7,000 square feet across two floors, with room for around 200 diners. It's run by the Crolla family's Vittoria Group, an Edinburgh institution that traces back to 1970, when the family opened its first restaurant in Leith. From that single venue they built up a small stable of Italian-influenced restaurants and cafes across the city, and Landy's marked their first venture into the classic fish supper - a nod to their own seaside roots and the fish-and-chip tradition long associated with Scottish-Italian families, many of whom, like the Crollas, ran chip shops and cafes across Edinburgh through the 20th century.","","","The £2 million fit-out created 70 new jobs, and the menu leans into nostalgia as much as tradition: alongside classic battered haddock, sausages, haggis and black pudding suppers, it offers a vegan fish and chips and a deep-fried Mars Bar for dessert.","5-23.jpg","https://landysfishandchips.co.uk/"
"Bain's Retro Sweets","37 Grassmarket, Edinburgh EH1 2HS","building","55.947242","-3.196153","About the building","Jars stacked to the ceiling behind a bright yellow-and-blue frontage, Bain's Retro Sweets has traded from this Grassmarket shopfront for over twenty years, run as a genuine family business built around old-fashioned confectionery rather than modern chocolate-bar brands. Inside, the shop stocks the sweets many Scottish visitors remember from childhood corner shops: cola cubes, black jacks, mint crispettes and Chelsea whoppers alongside Scottish specialities like tablet, Edinburgh rock and the traditional toffee tins that come with their own little hammer. It sits in a stretch of the Grassmarket that has been a market and trading place since medieval times, giving a shop built entirely on nostalgia a suitably old setting to trade from.","","","Bain's homemade tablet is what regulars come back for specifically, and the shop's shelves mix genuine vintage British sweets with imported American candy, making it as much a stop for curious tourists as for locals chasing a specific childhood favourite.","9-12.jpg","https://bainsretrosweets.co.uk/"
"Hunter's Close","Hunter's Close, Grassmarket, Edinburgh EH1 2AW","recurring_feature","55.947682","-3.194577","About this feature","This narrow arched close at the southeast end of the Grassmarket was the scene of one of Edinburgh's most notorious mob killings. In April 1736, after the public hanging of smuggler Andrew Wilson turned into a riot, City Guard captain John Porteous ordered his men to fire on the crowd, killing six people. Porteous was convicted of murder, but a royal reprieve from Queen Caroline delayed his execution - and Edinburgh's citizens decided not to wait. On the night of 7 September 1736, a mob of thousands stormed the Tolbooth prison, dragged Porteous out, and marched him down the Lawnmarket and West Bow to the Grassmarket. He was hauled up this close, strung from a dyer's pole using a rope taken from a nearby draper's shop, and lynched within sight of the gallows where he had once commanded the firing squad. The house at the close's entrance carried a stone dated 1671, marking it as one of the older tenements in this stretch of the Old Town.","","","The episode became so notorious that Sir Walter Scott used it as the opening set-piece of his 1818 novel The Heart of Midlothian, and the term 'Porteous Mob' entered Scottish history as shorthand for a city administering its own justice when the Crown intervened in a local execution.","9-13.jpg","https://en.wikipedia.org/wiki/Porteous_Riots"
"The Oz Bar","33 Candlemaker Row, Edinburgh EH1 2QG","building","55.947508","-3.192091","About the building","Corrugated-iron cladding and an outback-shed feel announce The Oz Bar the moment you turn onto this corner of Candlemaker Row, just off the Grassmarket - trading here since 1997 and giving Edinburgh's Australian community and expats a proper home-away-from-home. Shelves are cluttered with Australian curios, football jumpers and beach-postcard kitsch under a genuinely ramshackle tin awning. It has outlasted most of the other Australian-themed bars that have come and gone in the city over the years, largely on the strength of screening Aussie Rules and rugby league fixtures live and keeping a menu of proper Australian pub food and beer on tap.","","","Candlemaker Row itself is named for the guild of candlemakers banished here after a fire in a candle workshop killed a guild deacon elsewhere in the Old Town - see the Candlemaker Row entry on this walk for the full story. It makes the Oz Bar's very Australian theme sit on one of the most purely Scottish trade-guild streets left in the city.","10-12.jpg",""
"West Bow Well","94/1 West Bow, Edinburgh EH1 2HH","monument","55.947991","-3.194477","About the monument","This carved stone wellhead at the foot of Victoria Street was erected in 1674 by master mason Robert Mylne, working alongside architect William Bruce, as Edinburgh's very first public wellhead, part of the city's earliest piped water supply instigated by Lord Provost Sir Andrew Ramsay. Water was carried down from reservoirs fed by springs in the Pentland Hills, and the West Bow Well became the first stop for the city's water caddies - workers who queued here to fill their kegs before hauling water door to door through the tenements above the Grassmarket. Its square-plan structure carries a semi-circular drinking basin on one face beneath a 19th-century Edinburgh coat of arms, with a smaller ornamental basin and heraldic panel on its other sides.","","","The well stopped supplying water in the early 19th century once piped plumbing reached individual buildings, but its 1861 restoration - carried out by sculptor John Rhind and paid for by the Richardson Brothers, merchants of the West Bow - is still recorded on a small iron door: 'The West-Bow Well erected by The Town Council 1674. Repaired and Altered by Richardson Brothers Merchants West Bow 1861.'","10-13.jpg","https://en.wikipedia.org/wiki/West_Bow"
"Museum Context","40 Victoria Street, Edinburgh EH1 2JW","building","55.948525","-3.194535","About the building","This three-floor shop on Victoria Street is one of the city's best-known officially licensed Harry Potter retailers, packed with wands, house scarves, robes and collectibles across a warren of small rooms. The building itself has a history that suits its current trade: from 1886 it housed Robert Cresser's brush shop, a Victorian ironmonger-style store selling brooms, brushes and household wares from floor-to-ceiling wooden fittings and dusty stock boxes, for more than 130 years. That original Victorian interior survives largely intact behind the modern merchandise, and its cluttered, old-fashioned character is often cited by visitors and Potter fans as an uncanny match for Ollivanders wand shop in Diagon Alley.","","","The shop's top floor has a free photo spot with props and house robes, including a mirror etched with the 'Chamber of Secrets' inscription - a nod to the wider theory, encouraged by J.K. Rowling having written much of the early books nearby, that this curving street inspired Diagon Alley itself.","10-14.jpg","https://museumcontext.com/"
"The Enchanted Galaxy","1 Victoria Street, Edinburgh EH1 2HH","building","55.948487","-3.194084","About the building","The Enchanted Galaxy sits at the top of Victoria Street and, like its rival Museum Context further down the hill, trades on the street's Diagon Alley reputation - but its name took three attempts, and a lawsuit, to land. Run by the Gold brothers, the shop originally opened as 'The Boy Wizard', a name Warner Bros argued infringed its Harry Potter intellectual property; a rebrand to 'The Great Wizard' drew the same objection, and Warner Bros went as far as taking the Gold brothers to the High Court of England and Wales over it. The owners eventually settled on 'The Enchanted Galaxy', blending magical and sci-fi themes broadly enough to sidestep further disputes while still selling largely Potter-themed merchandise alongside Star Wars, Marvel and other franchise collectibles.","","","Where Museum Context leans into cramped, cluttered Victorian atmosphere, The Enchanted Galaxy goes the opposite way - reviewers have compared its clean, brightly lit layout to 'an Apple Store', making the two competing shops, barely 150 metres apart, a study in opposite ways of selling the same theme.","10-15.jpg","https://www.edinburghnews.scotsman.com/news/edinburgh-shop-faces-legal-action-with-warner-bros-over-harry-potter-stores-1341331"
"Bertie's Proper Fish & Chips","9 Victoria Street, Edinburgh EH1 2HE","building","55.948588","-3.193656","About the building","Bertie's occupies a genuinely surprising building for a chip shop: a former church. The site had stood empty for a decade after a serious fire gutted its previous occupant, the Indian restaurant Khushi's, in 2008, before the Vittoria Group - the Crolla family's Edinburgh restaurant business - spent £3 million converting the old St John's church into a three-floor, 300-seat fish and chip restaurant that opened in 2018. The name honours Alberto 'Bertie' Crolla, the group's founder, and the restaurant now sits just a few streets from its sister restaurant Landy's on North Bridge, both built on the same family's decades-long fish-and-chip tradition in the city.","","","The building's church origins are still legible in its bones - tall arched windows and a soaring, three-storey-high interior - giving diners eating double-cooked chips and battered haddock a dining room shaped like a nave.","10-16.jpg","https://www.bertiesfishandchips.com/"
"Finnegan's Wake","9B Victoria Street, Edinburgh EH1 2HE","building","55.948594","-3.193555","About the building","Finnegan's Wake has been Victoria Street's Irish pub since 1994, when it took over the premises of a live-music venue called the Preservation Hall and kept the tradition of nightly bands going. Its interior is built around a large circular bar with small wood-panelled booths around the edge and a raised corner stage where bands still play live Irish music most nights, alongside sport on the screens and Guinness on tap. Its name borrows directly from James Joyce's famously dense, unfinished-feeling final novel, itself named after an old Irish-American comic ballad about a hod-carrier who wakes up mid-funeral - a fittingly playful, slightly literary joke for a pub sitting almost next door to Bertie's converted church.","","","The pub sits at 9B Victoria Street, immediately beside Bertie's Fish & Chips at number 9 - two very different Irish/British institutions sharing practically the same doorway on the street's lower curve.","10-17.jpg","https://www.finnegans-wake.co.uk/"
"John Kay's Shop","8 Victoria Street, Edinburgh EH1 2HG","building","55.948818","-3.193120","About the building","This small green-fronted shop at the top of Victoria Street sells prints, postcards and Scottish artworks and mementos, and takes its name from John Kay (1742-1826), one of Edinburgh's most important social chroniclers. Kay worked as a barber in the Old Town before his sketching hobby overtook his trade; in 1785 he took down his barber's pole for good to run a print shop of his own in Parliament Close, where he produced and sold etched caricatures of the city's great and ordinary figures alike. Over nearly 900 etchings between 1785 and 1820, he documented everyone from Enlightenment intellectuals to street vendors, most sketched from nothing more than a passing glance, leaving behind one of the richest visual records of Georgian Edinburgh life.","","","The modern shop is a separate business (incorporated in 2017) rather than a surviving continuation of Kay's own print shop, which stood roughly half a mile away in Parliament Close - but its stock of prints, maps and Scottish curiosities makes the name a fitting tribute rather than a coincidence.","10-18.jpg","https://en.wikipedia.org/wiki/John_Kay_(caricaturist)"
"India Buildings","India Buildings, Victoria Street, Edinburgh EH1 2EX","architectural_point","55.948556","-3.193006","About the building","This curved, four-storey Scots Baronial office block was built between 1864 and 1866 to designs by architect David Cousin, its grand interior centred on a domed rotunda ringed by balconies. Its name was likely borrowed from a Liverpool office block of the 1830s, itself named by merchants celebrating the end of the East India Company's monopoly on trade with India - making the building a small piece of Victorian commercial branding transplanted to Edinburgh's Old Town. It originally housed serious institutional tenants, including the British Linen Bank and the Scottish Chamber of Agriculture, fitting for a building built to project financial and civic weight on a street otherwise defined by small shops and closes.","","","On 14 January 1906, Indian independence activist Pandurang Mahadev 'Senapati' Bapat read an essay on British rule in India here to an Independent Labour Party meeting, forthright in criticising the constitutional case for empire - a speech that cost him his government scholarship and pushed him toward the radical movements that led him back to India in 1908 as a freedom fighter.","10-19.jpg","https://curiousedinburgh.org/2018/04/24/india-buildings-victoria-street/"
"George IV Bar","54 George IV Bridge, Edinburgh EH1 1EJ","building","55.948056","-3.191667","About the building","The George IV Bar sits midway along George IV Bridge, the elevated street built in 1827-36 to carry traffic clear over the Cowgate far below, connecting the Old Town's South Side to the New Town - see the George IV Bridge entry on this walk for the story of its construction. Today it's a traditional Scottish public house built around an old horseshoe bar lit by imitation oil lamps, its walls hung with beer and whisky memorabilia and antique mirrors. It carries a genuinely serious whisky selection - over 100 different malts and blends, celebrated at its own George IV Whisky Club tasting nights - alongside regular live music, making it a quieter, more locals-oriented counterpart to the tourist-heavy pubs down in the Grassmarket and on Victoria Street just below.","","","The pub's George IV Whisky Club runs regular tasting nights hosted by one of its in-house experts, drawing on a back bar of more than 100 malts and blends - a serious specialist offering tucked into a bridge-top street better known for its tourist pubs a few hundred metres downhill.","10-20.jpg","https://www.georgeivbar.com/"
"Augustine United Church","41 George IV Bridge, Edinburgh EH1 1EL","religious_building","55.947654","-3.191398","About the church","Augustine United Church's congregation traces back to 1802, when Reverend John Aikman founded a church nearby, in what is now the site of the National Museum of Scotland, out of Edinburgh's radical Reformation tradition. The current building on George IV Bridge was built between 1857 and 1861 by architects J J & W H Hay, blending Romanesque, Renaissance and Classical detailing beneath a distinctive projecting central tower long nicknamed the 'bride's-cake' tower for its tiered, ornamental profile, restored in 2005. Named for Augustine of Hippo, the church has kept its founding congregation's progressive, community-facing character, today hosting numerous Christian and community organisations rather than functioning as a conventional single-congregation parish church.","","","The congregation's roots lie in one of Edinburgh's most deprived districts, where working families and their livestock once lived crowded beneath the wealthy merchants and academics of the Royal Mile above - a history the church still cites as the root of its long-running social and community engagement.","10-21.jpg","https://www.augustine.org.uk/"
"Frankenstein & Bier Keller","26 George IV Bridge, Edinburgh EH1 1EN","building","55.947387","-3.191645","About the building","This Gothic former church - built in 1859 and originally an Elim Pentecostal church, now a Category A listed building - houses one of Edinburgh's more theatrically themed bars. Upstairs, the horror-themed main bar leans into its own name with Frankenstein's-monster decor inside a genuinely Gothic stone shell of pointed arches and spires, including a mechanical 'birth' of the Monster staged every hour on the hour; downstairs, the Bier Keller recreates a Bavarian beer hall complete with long communal wooden benches, a private bar and a live oompah band on regular nights - an entirely different atmosphere one floor below the horror theming above.","","","The building sat abandoned for years after the Elim Pentecostal congregation moved on before its current owners took it on, meaning the pointed arches and spires visible today are the real thing - a genuine former place of worship reused as horror-themed nightlife, not a purpose-built pastiche.","10-22.jpg","https://frankensteinedinburgh.co.uk/"
"Edinburgh Sheriff Court","Chambers Street, Edinburgh EH1 1LB","building","55.947919","-3.190749","About the building","Edinburgh Sheriff Court has a longer institutional history than its current building suggests. Sheriff court business in the city moved through several homes: an 1816 county hall on the corner of Lawnmarket and George IV Bridge, then a purpose-built Renaissance Revival courthouse designed by David Bryce and completed in 1868, before hearings finally moved to a modern courthouse on Chambers Street - designed by John Kirkwood Wilson and built at a cost of £47 million - which opened to the public in September 1994. The land it now stands on had itself previously been part of Heriot-Watt University, a coincidence repeated a few doors down at the Crown Office, which occupies one of Heriot-Watt's own former college buildings. The office of procurator fiscal that prosecutes cases through this court traces back even further, with the earliest documented references in Scottish records dating to the 1550s - making the basic machinery of local Scottish criminal justice centuries older than any of the buildings that have housed it.","","","The Sheriff Court and the adjoining Justice of the Peace Court still share the same ornate iron gateway and postbox-style enquiry point pictured at the entrance, a small formal touch that survives from an era when court buildings were built to visibly project civic authority to everyone passing on the street.","10-23.jpg","https://en.wikipedia.org/wiki/Edinburgh_Sheriff_Court"
"Crown Office","25 Chambers Street, Edinburgh EH1 1LA","building","55.947547","-3.190055","About the building","The headquarters of the Crown Office and Procurator Fiscal Service - the body that investigates and prosecutes crime across all of Scotland - occupies a building that started life as a college. Built from 1872-74 to designs by David Rhind (with David Cousin and John Lessels), it was originally the Watt Institution and School of Arts, which in 1885 merged with the centuries-old George Heriot Trust to become Heriot-Watt College, the direct ancestor of today's Heriot-Watt University. Its imposing 268-foot Renaissance-influenced facade, borrowing from French chateau architecture, was designed to give a technical college the civic gravity of a bank or a courthouse - gravity the building has kept ever since, just in service of a different institution.","","","Heriot-Watt University's own roots run through this one Chambers Street address before the college eventually outgrew it and moved to its present Riccarton campus, meaning Scotland's chief prosecuting authority now works out of what was, in effect, an early ancestor of a modern Scottish university - and, as it happens, just a few doors from the Sheriff Court, whose own Chambers Street building also sits on former Heriot-Watt ground.","10-24.jpg","https://en.wikipedia.org/wiki/Crown_Office_and_Procurator_Fiscal_Service"
"William Chambers Monument","45 Chambers Street, Edinburgh EH8 9BL","statue","55.947369","-3.189786","About the statue","This statue honours Sir William Chambers (1800-1883), the publisher-turned-Lord-Provost who reshaped this part of the Old Town more than almost anyone else. He and his brother Robert built a printing and publishing empire from a small Peebles bookshop, but it was as Lord Provost from 1865 that Chambers left his biggest mark: pushing through the 1867 Edinburgh Improvement Act, which cleared entire slum closes and cut new streets - including the one that now bears his name - through some of the city's most overcrowded ground. Sculpted by John Rhind on a plinth by H.J. Blanc, the statue was erected in 1891, originally standing in the middle of Chambers Street itself.","","","The statue was moved to its current position in 2016, when the pedestrian area was widened to make room for a second, similarly styled statue directly nearby - William Henry Playfair, the architect whose buildings Chambers Street was built to celebrate.","11-17.jpg","https://en.wikipedia.org/wiki/William_Chambers_(publisher)"
"William Henry Playfair Monument","Chambers Street, Edinburgh EH8 9BL","statue","55.947547","-3.188902","About the statue","Standing a few steps from the William Chambers monument it deliberately echoes, this statue honours William Henry Playfair (1790-1857), the architect behind more of Edinburgh's best-known buildings than perhaps any other single figure - the National Gallery, the Royal Scottish Academy, the National Monument on Calton Hill and Surgeons' Hall among them. Sculpted by Alexander Stoddart and unveiled in 2016, it deliberately mirrors the style, scale and pose of the older Chambers statue nearby, portraying Playfair in period dress with papers in hand, as though caught mid-design.","","","The statue was commissioned specifically to give Playfair - whose neoclassical buildings define huge parts of central Edinburgh's skyline - the same kind of permanent public recognition long since given to Chambers, more than 125 years after the earlier statue went up a few metres away.","11-18.jpg","https://en.wikipedia.org/wiki/William_Henry_Playfair"
"Hotel du Vin & Bistro","11 Bristo Place, Edinburgh EH1 1EZ","building","55.946037","-3.190153","About the building","This boutique hotel occupies a cluster of former institutional buildings dating back to 1743, which over the centuries served in turn as a poorhouse, an asylum, and later a science laboratory, before Hotel du Vin restored and connected them into a single luxury hotel. Ten of its rooms sit within the original historic buildings, kept deliberately atmospheric, while a newer wing built onto the site matches them in style. The hotel keeps a whisky snug and a specialist wine-tasting room among its features, alongside its bistro and mezzanine bar, trading on the contrast between the building's institutional past and its now thoroughly comfortable present.","","","Guests booking the hotel's older rooms are, in effect, staying inside a converted 18th-century asylum - one of several former asylums and poorhouses across Edinburgh's Old Town that have been repurposed for hospitality rather than demolished.","11-19.jpg","https://www.hotelduvin.com/locations/edinburgh/"
"The Gilded Saloon","45-47 Lothian Street, Edinburgh EH1 1HB","building","55.946182","-3.189173","About the building","The Gilded Saloon opened in July 2025 as a joint venture between the Gilded Balloon, Paradise Palms and Kelburn Arts, but its name carries real weight in Edinburgh's comedy and arts scene: it's a direct tribute to the original Gilded Saloon, a beloved Cowgate performance bar destroyed in the catastrophic Cowgate fire of December 2002, which also burned down the entire Gilded Balloon venue and ten other Old Town businesses. The new bar, restaurant and 200-capacity performance venue overlooking Bristo Square revives the name more than two decades on, serving craft beer and pub food from local chef Tomas Gormley alongside a full comedy and arts programme.","","","The original Gilded Saloon had itself replaced an earlier venue, the 369 Gallery, when that closed in the late 1990s - meaning the current bar carries the memory of a lineage of Cowgate arts venues stretching back decades, not just its immediate 2002-destroyed predecessor.","12-6.jpg","https://thegildedsaloon.co.uk/"
"Doctors","32 Forrest Road, Edinburgh EH1 2QN","building","55.945547","-3.190895","About the building","This corner building has been serving Forrest Road since 1874, built specifically to house small businesses connected to the old Royal Infirmary, which then stood almost directly opposite. Its two longest-standing tenants both served that hospital trade directly: George Watson, a cabinet and coffin maker, worked from the building from 1884 to 1959, while surgical instrument maker James Gardiner traded there until the early 1960s, eventually closing under pressure from larger manufacturers. After a spell as a barbecue restaurant and then a pub called The Mortar from 1970, the building took on its current name, Doctors, in 1979 - a direct nod to the vanished hospital across the street that had shaped the building's purpose for over a century.","","","The pub's name outlived the hospital it referenced by decades - the old Royal Infirmary across the road closed for good when services moved to Little France in 2003, but Doctors, named in its honour, is still trading today.","13-4.jpg","https://www.hmdb.org/m.asp?m=127101"
"The Kid's Secret Garden","Middle Meadow Walk, Edinburgh EH3 9EF","recurring_feature","55.945205","-3.191255","About this feature","Tucked just off Middle Meadow Walk, this small community garden sprang up spontaneously in 2016 and is still run as a free, volunteer-maintained space for local children and families - built from reclaimed timber and odd, cheerful additions rather than any formal civic design: an open-air piano, a stegosaurus-shaped tent, hand-painted signs and planters assembled by whoever turned up to help. It sits at the point where Middle Meadow Walk - the tree-lined path laid out from 1722 on the drained bed of the old Burgh Loch - opens out toward the Meadows themselves, making it a genuinely grassroots addition to one of Edinburgh's oldest planned green routes rather than part of its original historic design.","","","When the University of Edinburgh's Edinburgh Futures Institute reopened at the old Royal Infirmary site nearby in 2024, the redevelopment reached right along Middle Meadow Walk itself - and this garden had to adapt its layout to the new landscaping while keeping its improvised, hand-built character intact, a small grassroots survivor squeezed in beside a multi-million-pound institutional makeover next door.","13-5.jpg",""
"Edinburgh Futures Institute","1 Lauriston Place, Edinburgh EH3 9EF","building","55.944629","-3.192823","About the building","This grand Scots Baronial building, completed in 1879 to designs by David Bryce, was originally the Old Royal Infirmary of Edinburgh - built on the 'pavilion plan' popularised by nursing pioneer Florence Nightingale, with 600 beds spread across eight separate ward pavilions, one vast ward per floor, deliberately spaced apart for fresh air and reduced cross-infection, and set next to the Meadows for patients recovering. In its day it was considered one of the best-planned hospitals in Britain. It served as Edinburgh's main hospital until services moved to a new site at Little France in 2003, after which the category-A-listed building sat effectively unused for years before the University of Edinburgh undertook a seven-year, multi-million-pound restoration, reopening it in June 2024 as the Edinburgh Futures Institute - a 20,000 square metre home for interdisciplinary research, teaching and business incubation.","","","The building's distinctive clock tower, visible for miles across the city, has stood watch over this stretch of Lauriston Place through more than 140 years and two completely different institutional lives - as one of Britain's most advanced Victorian hospitals, and now as a 21st-century university research hub.","13-6.jpg","https://efi.ed.ac.uk/"
"Simpson Loan","Simpson Loan, Edinburgh EH3","architectural_point","55.943456","-3.194095","About the building","Simpson Loan is one of the main streets running through Quartermile, the large residential and office redevelopment of the former Old Royal Infirmary site, mixing sleek modern glass apartment blocks with the restored Victorian hospital buildings around them. Its name honours Sir James Young Simpson, the Edinburgh professor of midwifery who first demonstrated the anaesthetic properties of chloroform in 1847 and introduced it into obstetric and surgical practice right here at the Royal Infirmary that once stood on this ground - making the street name a direct link between the site's medical history and the development built on top of it.","","","Quartermile's street names throughout the development consistently reference figures connected to the old hospital's medical history, of which Simpson Loan is one of the most prominent examples - a rare case of new-build street naming in Edinburgh deliberately preserving a site's institutional memory rather than starting from scratch.","13-7.jpg","https://en.wikipedia.org/wiki/Quartermile"
"Lister Square","Lister Square, Quartermile, Edinburgh EH3 9GL","architectural_point","55.944716","-3.194522","About the building","Lister Square is the public heart of Quartermile, framed by the glass-and-steel Quartermile One office block and the surrounding cafes and shops of the development. Like Simpson Loan nearby, its name reaches back into the site's medical history: it honours Joseph Lister, the pioneer of antiseptic surgery whose techniques - developed in the era when this site was Edinburgh's Royal Infirmary - dramatically cut post-operative infection rates and made modern surgery survivable worldwide. The square now functions as Quartermile's main public gathering space, hosting outdoor seating, events and a mix of leisure and retail units built into the restored and new buildings around it.","","","Lister's name appears twice within a few hundred metres of this square - once here in Lister Square, and again a few streets away in the separate Lister Housing Co-operative on Lauriston Place, which was itself part-funded through a trust set up in his memory.","13-8.jpg","https://en.wikipedia.org/wiki/Quartermile"
"George Heriot's School Turrets","Lauriston Place, Edinburgh EH3 9EQ","recurring_feature","55.945453","-3.195694","About this feature","These conical corner turrets - properly called bartizans, small corbelled towers flaring out from the wall high up like witches' hats against the sky - are part of George Heriot's School's main quadrangular building, begun in 1628 under master mason William Wallace and completed after his death in 1631. They're a textbook example of a decorative feature that recurs across Edinburgh's grandest historic buildings: originally derived from defensive tower-house design on castles, but adopted purely ornamentally on Renaissance-era civic and institutional buildings like this one to signal status and craftsmanship rather than to serve any defensive purpose. Heriot's own turrets carry ball-finialled lead roofs and, on the chapel turrets specifically, the carved arms of the school's founder, the royal goldsmith George Heriot.","","","The same turret style appears on buildings all across the Old and New Town - from tenement stair-towers to grand institutions like this one - making it one of the most immediately recognisable architectural signatures of historic Edinburgh, quite apart from any single building it happens to sit on.","14-3.jpg","https://en.wikipedia.org/wiki/George_Heriot%27s_School"
"Ornate Iron Railings","Keir Street, Edinburgh EH3 9EG","recurring_feature","55.945790","-3.196611","About this feature","These spear-topped cast-iron railings, fencing off a sunken basement stairwell on Keir Street, are one of the most common decorative features across Edinburgh's Georgian and Victorian streets - their spearhead finials still catching whatever light Keir Street gets on a grey day. Cast iron became cheap and widely available in Scotland through the 18th and 19th centuries thanks to the country's ironworking industry, and virtually every New Town and tenement-lined Old Town street was fitted with railings like these - both to fence off the sunken 'area' in front of basement windows and doors, and simply to mark property boundaries in an attractive, uniform style. Most surviving examples, this one included, are on category-listed buildings and are protected as part of the character of Edinburgh's UNESCO World Heritage Site.","","","Much of Britain's Georgian and Victorian railing stock, unlike this survivor, was cut down and requisitioned in a nationwide scrap-metal drive during the Second World War - though historians have since cast real doubt on how much of it ever reached a munitions factory at all. Some researchers argue much of the iron was the wrong quality for weapons and was simply dumped, making the whole exercise more a boost to public morale than a genuine wartime necessity. Surviving original ironwork like this railing is valued today partly because it escaped that fate.","14-4.jpg",""
"Iron Boot Scraper","18 Keir Street, Edinburgh EH3 9EG","recurring_feature","55.945606","-3.197410","About this feature","Set low into the stone stairs beside the railings at 18 Keir Street, this small cast-iron boot scraper is a fixture once found outside almost every Georgian and Victorian townhouse in Edinburgh. Before the city's streets were consistently paved and drained, mud, horse dung and general filth were unavoidable underfoot, and a boot scraper by the front door let residents and visitors clean their soles before stepping inside onto good carpets and floors. Most were cast in one piece with a flat blade for scraping and a small brush-holder or spike beside it, fixed directly into the stonework of the entrance steps - a small, functional detail now mostly obsolete, easy to walk straight past until you know to look for one, and then somehow impossible to stop noticing outside thousands of Old and New Town doorways.","","","Boot scrapers are one of the few genuinely functional (rather than purely decorative) pieces of historic street furniture still surviving in large numbers across Edinburgh, precisely because removing them meant chiselling them out of solid stone steps rather than simply unscrewing them.","14-5.jpg",""
"Flower-Decorated Tenement Steps","24 Keir Street, Edinburgh EH3 9EG","recurring_feature","55.945506","-3.197386","About this feature","Residents of this Keir Street tenement have filled their stone entrance steps with dozens of potted plants and flowers, turning a purely functional stairway into a small blaze of colour against the grey sandstone - one of the street's genuine highlights on an otherwise quiet corner. This kind of communal doorstep gardening is a genuinely widespread tradition across Edinburgh's tenement blocks, where residents typically don't have private gardens of their own - stone steps, window ledges and small shared areas in front of stairwells become the only outdoor space available, and many residents' associations and individual flat-owners take real pride in dressing them with planters, hanging baskets and seasonal flowers.","","","Tenement stair 'stair pride' displays like this one are common enough across Edinburgh that they've become an informal part of the city's character - the same stone steps that once needed a boot scraper to keep mud off them now often double as makeshift plant stands.","14-6.jpg",""
"Argyle House - 60s architectural eyesore","3 Lady Lawson Street, Edinburgh EH3 9DS","building","55.945840","-3.197582","About the building","Argyle House is Edinburgh's most argued-about building - a hulking 1968 concrete-and-harling office block, designed by Michael Laird & Partners, that sits squarely across West Port in the middle of the Old Town's historic skyline. It went up on the site of John Croall & Son, a long-established garage and Rolls-Royce coachbuilder, after the developer Argyle Securities bought the land in 1961 and then quietly absorbed the neighbouring condemned tenements around it too - ground that had once held Tanner's Close, the notorious lodging house where Burke and Hare murdered their victims in the 1820s, though nothing above ground marks that history today. Its route to approval ran through the city's 1953 Development Plan, which had rezoned the then-decaying West Port and High Riggs area for commercial use - quietly making land that had only ever supported housing suddenly valuable for large-scale office development. The Corporation Planning Committee approved the scheme in September 1966, in a decade when postwar modernisation was consistently prioritised over conservation concerns across British cities, Edinburgh included.","","","Even architecture critics sympathetic to the building struggled to defend it - Colin McWilliam tried comparing its scale to Georgian terraces, but still admitted it was 'preposterously large and a potential rival to the Castle rock,' and tellingly, no public opposition to the scheme survives in the historical record, a striking contrast to how fiercely similar proposals are fought today. Despite - or perhaps because of - that reputation as Edinburgh's least-loved building, Argyle House has found a very of-the-moment second life: part of it is now occupied by CodeBase, Scotland's largest tech start-up incubator, putting 21st-century software firms to work inside a slab of 1960s concrete that architecture critics have never forgiven.","14-7.jpg","https://en.wikipedia.org/wiki/Argyle_House,_Edinburgh"
"6VT Edinburgh City Youth Cafe","11-15 Vennel, Edinburgh EH1 2HU","building","55.946323","-3.197300","About the building","6VT is a charitable youth cafe serving young people across Edinburgh from ages 0 to 26, tucked into the foot of the Vennel just below its famous view up to the Castle - its ground-floor windows usually still lit long after the shops on Forrest Road have closed for the night. Rather than a formal community centre, it operates as a genuine drop-in space: open several evenings a week alongside structured group work, one-to-one support and links to wider services, built specifically so young people have somewhere informal to connect, try new things and get help without it feeling institutional. The name '6VT' comes directly from its address, and the cafe has become a fixture of this stretch of the Old Town, sitting just metres from the historic Flodden Wall remnant the Vennel is famous for.","","","The cafe occupies a genuinely tiny footprint for the range of services it runs, relying on the surrounding stonework of the old Flodden and Telfer Walls as part of its own boundary - a modern youth charity operating literally within a 16th-century defensive wall.","14-8.jpg","https://www.6vt.info/"
"Brown's Place","Brown's Place, Edinburgh EH1 2HU","architectural_point","55.946355","-3.197133","About the building","This quiet residential square opening off the Vennel takes its name from James Brown, who ran an inn next door in the Grassmarket. When the Flodden Wall - which had marked the edge of the city here since 1513, with the separate burgh of Portsburgh beginning on its far side - was gradually demolished after 1815, following the Union and Napoleon's defeat removed any remaining need for city defences, Brown seized the chance to develop the land behind his inn, very likely reusing stone salvaged from the wall itself. By 1834 the square was being advertised as 'newly built.' It survived a serious threat in the 1960s, when numbers 1-3 stood derelict and the whole area was earmarked for demolition to expand the nearby art college - plans that were ultimately abandoned by decade's end, with those buildings rehabilitated in 1976.","","","A residents' association formed in 1986 specifically to restore the square's shared garden, part of which had been concreted over at some point - reclaiming a small green space that Brown himself had built directly on top of the city's old defensive wall.","14-9.jpg","http://www.bpra.org.uk/history.html"
"The Black Bull","12 Grassmarket, Edinburgh EH1 2JU","building","55.947346","-3.197363","About the building","An L-shaped bar and two small mezzanine levels fill this corner of the Grassmarket, where The Black Bull has traded since at least the early 20th century, part of one of the highest concentrations of historic pubs anywhere in Edinburgh - a market square with written records of trading stretching back to around 1370. Old photographs comparing the pub in 1912 and a century later show the building itself has been rebuilt at some point, even as the pub's name and location have stayed constant. Today it runs as a sports bar, decorated with memorabilia from T&J Bernard, one of Edinburgh's several long-vanished local breweries.","","","The pub keeps memorabilia from T&J Bernard, a brewery that no longer exists - a small, deliberate way of keeping Edinburgh's lost brewing history visible inside a pub that has itself already survived at least one full rebuild. T&J Bernard brewed in Edinburgh from the 18th century until 1960, the year the firm was folded into Scottish Brewers - which itself merged with Newcastle Breweries that same year to form Scottish & Newcastle, once one of Britain's biggest brewing groups. The Black Bull's memorabilia is a rare surviving trace of a brewery whose identity was absorbed twice over within a matter of months.","9-7.jpg","https://camra.org.uk/pubs/black-bull-grassmarket-edinburgh-151185"
"Victoria Street's Cobbles","Victoria Street, Edinburgh EH1 2JW","recurring_feature","55.948247","-3.194585","About this feature","The cobbled setts curving down Victoria Street are a genuine survival of a paving technique once universal across Edinburgh's Old Town, laid using roughly cut rectangular granite blocks (properly called 'setts' rather than true rounded cobbles) bedded into sand and gravel. Streets were paved this way from the 18th century onward because granite setts were durable enough to survive horse-drawn cart traffic and could be re-laid individually when damaged, unlike a continuous surface. Most of Edinburgh's other streets have long since been resurfaced in tarmac for modern traffic, making Victoria Street's intact, curving run of setts - still visibly worn smooth by two centuries of footfall and cartwheels - one of the best-preserved and most photographed stretches of historic paving left in the city.","","","The double yellow lines painted directly onto the historic setts are a small, constant tension point for conservation bodies - modern traffic regulation applied directly on top of 19th-century stonework, on a street that's otherwise treated as one of Edinburgh's most protected historic assets.","10-25.jpg",""
"Museum on the Mound","The Mound, Edinburgh EH1 1YZ","museum","55.950158","-3.193666","About the museum","This free museum occupies part of Bank of Scotland's grand early-19th-century headquarters at the top of the Mound - the bank building itself, with its own architects and story, is a stop you'll reach later on this walk. The museum opened in 2006, two years before the global financial crisis it now can't help but be read through, and covers the story of money and banking through historic banknotes (including Scotland's oldest surviving note), an interactive 1820s life-assurance display, exhibits on financial crime and security, and raised maps tracing the Old Town's development since the 1600s.","","","The bank's own 1695 founding has an appropriately Edinburgh origin story: rather than launch from a grand hall, the subscription book that raised its founding capital was left for two months in one of the city's taverns, the Cross Keys, where prospective backers could sign up as shareholders over a dram before the venture had even opened for business. Three centuries on, the museum built to tell that story includes a display case stacked with a genuine £1 million in banknotes, and an 18th-century iron money chest solid and heavy enough to explain exactly why the bank was so glad to eventually trust paper instead of coin.","4-16.jpg","https://museumonthemound.com/"
"Assembly Hall","Mound Place, Edinburgh EH1 2LU","building","55.949794","-3.195285","About the building","This neo-Gothic hall, designed by David Bryce in 1858, sits directly east of Edinburgh Castle atop the Mound and has served since 1929 as the meeting place for the General Assembly of the Church of Scotland - the church's annual governing gathering. It was built for the Free Church of Scotland in the wake of the 1843 Disruption, when a large breakaway movement split from the established Church and urgently needed its own theological college, assembly hall and church nearby. One of its most historically significant moments came in 1910, when 1,355 delegates gathered here for the World Missionary Conference, an event widely credited as the starting point of the modern ecumenical movement. Between 1999 and 2004 it took on an entirely different role, hosting the newly reconvened Scottish Parliament while the purpose-built Holyrood building was under construction.","","","Today, for three weeks every August, this same hall housing Scotland's national church assembly transforms into one of the Edinburgh Festival Fringe's most prestigious venues, hosting circus, comedy, music and dance across three separate performance spaces inside it.","4-17.jpg","https://www.edfringe.com/tickets/venues/assembly-hall"
"Edinburgh City Relief Map","19 The Mound, Edinburgh EH1 1YZ","monument","55.951424","-3.195570","About the monument","Set into the pavement on the Mound, this bronze high-relief model reproduces central Edinburgh in miniature - from Lothian Road in the west to Regent Road in the east, and from Queen Street in the north down to the Cowgate in the south - with the Castle, Calton Hill, Waverley Station and Princes Street Gardens all rendered in raised bronze detail, alongside raised lettering naming the major streets. It was presented to the City of Edinburgh in 1984 by the staff of the Edinburgh branch of Marks & Spencer to mark the company's centenary, but its real purpose is tactile rather than decorative: the whole point of casting the city in high relief was to let visitors with visual impairments explore the shape and grandeur of Edinburgh's skyline entirely by touch.","","","Because it's designed to be touched rather than just looked at, decades of hands tracing the Castle Rock, the Mound and the major streets have left the bronze polished to a bright golden sheen in exactly those spots, while the rest of the map has darkened naturally with age - a map that visibly records where people actually explore it most.","4-18.jpg","https://canmore.org.uk/site/306311/edinburgh-the-mound-city-relief-map"
"The Merchants' Hall","22 Hanover Street, Edinburgh EH2 2EP","building","55.952657","-3.197171","About the building","This Category B listed hall on Hanover Street has headquartered the Company of Merchants of the City of Edinburgh since the 19th century, a body whose roots trace back to the trade guilds of the 13th and 14th centuries and was formalised into its modern form by a Royal Charter from Charles II in 1681. It was built to project exactly the values the Company still associates itself with - integrity, commercial acumen and civic accomplishment - and its interior includes a genuinely striking Minstrels' Gallery. The Company's influence reaches well beyond this one hall: it still founded and funds two of Edinburgh's best-known independent schools, George Watson's College and Erskine Stewart's Melville, continuing a charitable and educational role that stretches back through the Company's entire 340-plus-year history.","","","The Hall runs a permanent exhibition inside chronicling the Company's full history 'from 1681 to the present day' - meaning this working private hall, still used for events and private hire, is also one of Edinburgh's more discreet, lesser-known small museums.","1-28.jpg","https://www.mcoe.org.uk/"
"Former TSB Bank, Hanover Street","28-30 Hanover Street, Edinburgh EH2 2DS","architectural_point","55.952841","-3.197395","About the building","This imposing neo-Greek bank building, a Category A listed structure, was designed by the architects Oldrieve, Bell and Paterson for the Edinburgh Savings Bank, its steel frame going up in early 1939 and the finished building formally opening on 26 August 1940 - later absorbed into the TSB network whose name still sits carved above its entrance. Its tetrastyle Ionic portico - four full-height fluted columns across the Hanover Street facade - is built from Darney sandstone on a plinth of light grey Creetown granite, with the substructure masonry by G. and R. Cousin of Edinburgh and the superstructure by Jackson, Brown of Giffnock. Decorative roundels above the flanking entrances carry TSB's own arms, a two-towered castle with a closed portcullis, while the arms of Edinburgh, Leith and Musselburgh appear elsewhere on the facade, marking out the three burghs the bank originally served.","","","The banking hall was designed on a genuinely double-height scale to project total financial permanence, its steel frame rising just months before the Second World War broke out and the finished building not opening its doors until Edinburgh was a year into the war. The site has since been earmarked for conversion into a pub and restaurant, a change of use that will keep the grand banking hall but end its 85-plus years as a working bank.","1-29.jpg","https://britishlistedbuildings.co.uk/200368100-edinburgh-savings-bank-28-30-hanover-street-edinburgh-edinburgh"
"All Bar One, George Street","29-31 George Street, Edinburgh EH2 2PA","architectural_point","55.953773","-3.197061","About the building","Giant-order Corinthian pilasters climb the first and second floors of this cream sandstone corner block, a scale of ornament built to announce a bank rather than a bar. The south range, facing George Street, went up in 1841-42 for the Edinburgh and Leith Bank; David Bryce - working here with William Burn, and responsible for several other George Street banks, including the Union Bank building that's now the Standing Order pub further along this walk - extended it in 1847-48 when the business became the Edinburgh and Glasgow Bank. It later traded for decades as a Clydesdale Bank branch, Category A listed throughout, before the double-height banking hall was repurposed as an All Bar One, giving the modern bar an unusually grand, high-ceilinged interior far larger than a purpose-built pub of the same footprint would ever have.","","","The building's position - directly on the crossing of George Street and Hanover Street, two of the New Town's principal axes - meant that whichever bank stood here was making a deliberate statement of prestige simply through its address. That prestige lasted through a long run as a Clydesdale Bank branch, and even now the building isn't purely a bar: in 2021 planning permission was granted to convert its long-empty upper floors into six residential flats, sitting above the drinkers unnoticed by most of them.","1-30.jpg","https://canmore.org.uk/site/113751/edinburgh-29-31-george-street-clydesdale-bank"
"Stone Basements and Area Wells","16 Keir Street, Edinburgh EH3 9EU","recurring_feature","55.945744","-3.197349","About this feature","The sunken stone-walled gap running beneath the railings at 16 Keir Street is a classic Edinburgh 'area' - a below-street-level space in front of a tenement's basement windows and door, built into virtually every Georgian and Victorian terrace in the city. Areas exist because these buildings' ground floors sit slightly raised above street level, with a basement or 'garden flat' beneath; rather than leaving that basement level buried and windowless, builders left a narrow open trench along the front wall, faced in dressed stone and fenced off with railings, so the basement rooms could get proper daylight and their own street-level door. The stone retaining wall and curving stair down to the basement door, visible here beneath the ironwork, are essentially unchanged from when the tenement was first built - lean over the railing and you're looking at construction details barely touched in two centuries.","","","Areas like this one are the reason Edinburgh's New Town and tenement streets needed so much cast ironwork in the first place - the railings weren't purely decorative, they were essential safety barriers stopping pedestrians from stepping straight down into a basement-level drop hidden right at the edge of the pavement.","14-10.jpg",""
"Radisson Blu Hotel","The Royal Mile, 80 High St, Edinburgh EH1 1TH, UK","hotel","55.950040","-3.186826","About this spot","The turreted, sandstone-fronted Radisson Blu sits on the site of Dickson's Close, a narrow medieval alley recorded from at least 1723 that once ran down to the Cowgate. The close was named after the merchant Thomas Dickson and had earlier been known as Aikman's Close and Halyburton's Close, after successive residents going back to the early 1500s. It was swept away when Niddry Street was widened, leaving a conspicuous gap site on the Royal Mile's historic frontage for years - until the hotel that replaced it opened in 1990, designed by Scottish architect Ian Begg. Rather than faking an old tenement or building overtly modern, Begg chose a deliberately ""Scottish vernacular"" style for the new building - turrets, small windows, thick stone walls - betting that Edinburgh's Old Town character comes from a way of building, not simply from age; the result is one of very few 20th-century buildings on the Mile trying to speak the same architectural language as its centuries-older neighbours. Today, only the old street sign survives from what stood here before, mounted above a doorway on the building.","","","One of Dickson's Close's most notable residents was the artist David Allan, nicknamed the 'Scottish Hogarth' for his satirical engravings and illustrations - he's buried across town in Old Calton Burial Ground.","5-24.jpg","https://canmore.org.uk/site/115583/edinburgh-80-82-84-and-86-high-street-dicksons-close"
"Carrubber's Close","Carrubbers Cl, Edinburgh, UK","close","55.950794","-3.187148","About this spot","Carrubber's Close takes its name from James Hay of Carruber, a 15th-century landowner who held ground and a coal yard here. In 1736 the poet Allan Ramsay opened a playhouse at the foot of the close as Scotland's first purpose-built theatre, defying strict Presbyterian opposition to stage drama in the city - opposition that won out within the year, forcing the theatre to close. The building later passed through several religious congregations, becoming known as the Whitefield Chapel after evangelist George Whitefield preached there.","","","Long before Ramsay's playhouse, this close held a secret Episcopalian chapel, worshipped in under threat of prosecution after Stewart-era attempts to impose bishops on a Presbyterian city. One attendee, a medical student at Edinburgh University in the 1750s named Samuel Seabury, later returned home and was consecrated the first ever American Episcopal bishop. After the old theatre building was eventually demolished, the site turned to religion again: it became home to the Carrubbers Christian Mission, whose current hall - funded by American evangelist D.L. Moody in 1883 - still stands in the close today.","5-25.jpg","https://curiousedinburgh.org/2025/05/30/carrubbers-close/"
"North Bridge Arcade","7 North Bridge, Arcade, Edinburgh EH1 1QL, UK","building","55.950676","-3.188047","About the building","Glass overhead throws coloured light down through a stained-glass rotunda ceiling, its gold and turquoise mosaic giving this covered Victorian arcade a starlit glow even on a grey Edinburgh afternoon. Built in 1899-1902 to designs by Dunn & Findlay, linking North Bridge with Cockburn Street, it went up after the Scotsman newspaper's owners, John Ritchie & Co, bought the wider site from the city in 1898 as part of a larger redevelopment that also produced the Scotsman Hotel and Steps next door. It's one of only five surviving arcades of its kind left in Scotland, its original shopfronts still fitted with bowed plate glass beneath coffered ceilings.","","","The arcade sits within the wider complex once known as the Scotsman Buildings, and its entrance carries genuine Victorian sculpture: an allegorical figure by William Birnie Rhind above the doorway, a figure of Peace by Frederick Schenk, and figures of Mercury modelled - like Michelangelo's Night and Day - by Joseph Hayes.","5-26.jpg","https://portal.historicenvironment.scot/apex/f?p=1505%3A300%3A%3A%3A%3A%3AVIEWTYPE%2CVIEWREF%3Adesignation%2CLB30143"
"Bishop's Close","129 High St, Bishop's Cl, Edinburgh EH1 1SG, UK","close","55.950388","-3.186760","About this spot","Bishop's Close is named for Bishop's Land, the grand townhouse of Archbishop John Spottiswood, who died here in 1639, and later home to Bishop Thomas Sydserf. By the 19th century the tenement had filled with ordinary Old Town families, and from the 1880s onward it became home to Jewish families fleeing persecution in Eastern Europe. Among the earliest recorded was the Emmanuel family, furriers who had arrived from England in 1841 - Ezekiel and Rachel Emmanuel and their three sons, one of the households that built Edinburgh's small but growing Jewish community through the century.","","","The close sits sandwiched directly between two pubs, The Mitre Bar and the Royal Mile Tavern - The Mitre's very name is a nod to the bishop's headgear, tying the two neighbouring sites together.","6-12.jpg","https://jewishstudies.div.ed.ac.uk/projects/edinburgh-jewish-walks/bishops-close-off-the-high-street-royal-mile-in-between-the-mitre-and-royal-mile-tavern/"
"The Mitre Bar","131-133 High St, Edinburgh EH1 1SG, UK","pub","55.950370","-3.186863","About this spot","The Mitre Bar takes its name - and its sign - from the site's earlier history: in 1615 a fine tenement here belonged to Archbishop John Spottiswood, Bishop of St Andrews, whose episcopal headgear the tavern still nods to over the door. The original building burned down in 1814 and was rebuilt as the pub that stands today, now part of the Nicholson's collection of historic Edinburgh pubs.","","","The bishop whose mitre gives the pub its name wasn't universally loved in life: after backing Charles I's unpopular prayer-book reforms, Archbishop Spottiswood fled Edinburgh in fear for his life during the riots of 1637, and was later deposed from his post in absence on charges that included sacrilege and adultery - accusations widely regarded at the time as a Covenanter smear rather than proven fact. Local legend has since given him an even stranger afterlife: it holds that the bishop's own throne lies buried beneath the bar, and that his ghost still walks the premises.","6-13.jpg","https://en.wikipedia.org/wiki/John_Spottiswood"
"Bailie Fyfe's Close","Bailie Fyfe's Cl, Edinburgh, UK","close","55.950368","-3.186176","About this spot","Bailie Fyfe's Close is named after Gilbert Fyfe, a merchant and city magistrate (a 'bailie') who lived here between 1677 and 1686. The close stood directly in the path of the Great Fire of Edinburgh, which broke out on the night of 15 November 1824 just around the corner in Old Assembly Close and swept through this stretch of the High Street, destroying much of what stood here at the time.","","","The 1824 fire burned for five days, destroyed dozens of buildings across the full width of the Old Town between the High Street and Cowgate, and left over 400 people homeless - one of the worst disasters in the city's history.","6-14.jpg",""
"The Nutcracker Christmas Shop","52 High St, Edinburgh EH1 1TB, UK","shop","55.950312","-3.185882","About this spot","Baubles, tartan decorations and traditional wooden nutcrackers spill from every shelf of this narrow High Street shopfront, one of the Royal Mile's few shops dedicated entirely to Christmas and open year-round rather than just in December. It's a family-run operation, a satellite of a flagship store and workshop based in Crieff, Perthshire, drawing browsing tourists past its window displays whatever the season.","","","Permanent Christmas shops like this one are a Royal Mile tradition in their own right - Edinburgh's festive trade has become a year-round draw for visitors, not just a winter one.","6-15.jpg",""
"Stevenlaw's Close","Stevenlaw's Cl, Edinburgh, UK","close","55.949956","-3.188537","About this spot","Stevenlaw's Close takes its name from Stephen Law, a flesher - a butcher - made a burgess of Edinburgh in 1501, his property here recorded a decade later as lying west of a plot on Peebles Wynd. The name wore down over the centuries, from 'Stenelawis clois' in 1593 to 'Steven Laws Closs' on a 1647 map, before settling into today's spelling. The narrow close cuts steeply down from the High Street to the Cowgate between high tenement walls, a classic Old Town 'close' built to pack maximum housing into minimum street frontage.","","","One notorious former resident was James 'Daft Jamie' Wilson, a well-known Old Town figure who became one of the victims of the West Port murderers Burke and Hare, who killed to supply cadavers for anatomical dissection.","6-16.jpg","https://www.trove.scot/place/115464"
"New Assembly Close","New Assembly Cl, Edinburgh, UK","close","55.949935","-3.188721","About this spot","New Assembly Close took its name when Edinburgh's fashionable dancing assembly, a magnet for the city's high society, moved here from Old Assembly Close in 1736, remaining until 1784. The building later housed the Edinburgh Assembly Rooms, the King's Arms Tavern, and even the Edinburgh Wax Museum, before the Commercial Bank built its head office on the site in 1814.","","","The 18th-century Assembly was run by female managers and often doubled as a charitable fundraiser for the city's hospitals - a rare example of women holding formal organisational control over Edinburgh's high society. Two centuries later the close took a stranger turn: Edinburgh Wax Museum operated here from 1976 until March 1989, its ground and first-floor galleries devoted to heroes of Scottish history while, upstairs, a second-floor 'Castle Dracula' theatre catered to visitors after something scarier. At its peak it drew around 230,000 visitors a year, making it one of the city's biggest tourist draws before the building was converted into legal offices.","6-17.jpg","https://en.wikipedia.org/wiki/Edinburgh_Wax_Museum"
"Netherbow Wellhead","Royal Mile, Edinburgh EH1 1SR, UK","monument","55.950476","-3.185246","About the monument","Two grotesque bronze masks glare out from this carved stone wellhead, one facing east and one west - faithful replicas of originals that have long since worn away. Sir William Bruce designed it and master mason Robert Mylne built it in 1675, part of Old Town Edinburgh's first piped drinking water supply, carried three miles from the Comiston Springs into storage tanks on Castlehill and out to public wellheads like this one.","","","The wellhead fell out of daily use once Victorian housing modernisation brought indoor plumbing to Old Town tenements, but it was restored to working order - with running water again - by the Edinburgh Old Town Renewal Trust in 1997.","6-18.jpg","https://canmore.org.uk/site/52238/edinburgh-high-street-netherbow-wellhead"
"Old Assembly Close","Old Assembly Cl, Edinburgh, UK","close","55.949579","-3.189194","About this spot","Old Assembly Close was originally called Little's Close, after the brothers Clement and William Little, before Edinburgh's dancing assembly - which began in 1723 - gave it its present name. The great hall here hosted the city's high society balls until the assembly moved to New Assembly Close in 1736, and the original hall was later destroyed in the Great Fire of 1824, which started in an engraver's workshop in this very close.","","","The 1824 fire began when a pot of overheated linseed oil in James Kirkwood's engraving workshop set a stack of paper alight - within hours the flames had spread along the High Street rooftops, fanned by a southwesterly wind. The blaze that started here went on to burn for five days, destroy the Assembly Hall and roughly twenty tenements across the Old Town, and kill thirteen people - one of the worst disasters in the city's history, and part of the reason Edinburgh set up a dedicated, professional fire brigade under James Braidwood later that same decade.","7-20.jpg","https://en.wikipedia.org/wiki/Great_Fire_of_Edinburgh"
"Borthwick's Close","Borthwick's Cl, Edinburgh, UK","close","55.949385","-3.189345","About this spot","One of the many narrow closes running off the High Street near St Giles' and Parliament Square, this one is said to take its name from Lord Borthwick, thought to have built a house here around 1450 to be close to the old Scottish Parliament as a sitting advocate - the Borthwick family later marrying into royal and noble circles on both sides of the border. Like its neighbours, the close was built to squeeze maximum tenement housing into a tight sliver of Old Town street frontage, its precise history since largely lost to time.","","","Closes like this one were sealed at night by a locked gate at the street end - hence the name 'close' - a security measure for the crowded, largely self-contained communities living up the shared stairs above.","7-21.jpg",""
"Statue of James Braidwood","1-6 Parliament Sqr, Edinburgh EH1 1RF, UK","statue","55.949508","-3.189984","About the statue","This bronze statue in Parliament Square honours James Braidwood (1800-1861), who in 1824 became the first Master of Engines of Edinburgh's fire brigade - the world's first municipal fire service. Braidwood introduced protective helmets and uniforms and pioneered the then-radical idea of training firefighters to enter burning buildings rather than simply spraying water from outside.","","","Braidwood later became head of the London Fire Engine Establishment and died fighting a warehouse fire on Tooley Street in 1861, aged 61, when a collapsing wall killed him - the statue was unveiled in 2008, funded by a former Lothian & Borders Firemaster. News of his death triggered a public outpouring rarely seen outside royalty: his funeral procession stretched a mile and a half through London, while the Thames-side warehouse fire that killed him burned on for two more weeks after he died fighting it.","7-22.jpg","https://en.wikipedia.org/wiki/James_Braidwood"
"The Supreme Courts","11 Parliament Sqr, Edinburgh EH1 1RQ, UK","building","55.949025","-3.190778","About the building","Behind Parliament Square's unassuming frontage, this is where Scotland's supreme courts still sit today: the Court of Session, the country's highest civil court, and the High Court of Justiciary, its highest criminal court, spread across more than 700 rooms behind the historic facade. The building itself is Parliament House, completed in 1639 as the seat of the pre-Union Scottish Parliament - see Parliament House for the story of its construction. Its most striking feature is inside: the Great Window at the south end of Parliament Hall, added in 1868 from around 8,000 pieces of painted and stained glass, depicting King James V presenting the charter that founded the Court of Session in 1532, above portraits and busts of the judges who have sat here since.","","","Unlike most supreme courts, the public can simply walk in: courtrooms here are generally open to anyone who wants to sit in the public gallery and watch a case, with the Court of Session's Inner House sittings now livestreamed too - a level of openness few countries extend to their highest courts.","7-23.jpg","https://en.wikipedia.org/wiki/Court_of_Session"
"Charles II Statue","Parliament Sqr, Edinburgh EH1 1RE, UK","statue","55.949245","-3.190516","About the statue","This lead equestrian statue of Charles II, erected in 1685 - the year of his death - is believed to be the oldest statue in Edinburgh and possibly the oldest lead equestrian statue in Britain. It depicts the king in Roman military dress, carrying a baton as a symbol of imperial authority, on a pedestal carved from Craigleith stone by Robert Mylne, the King's Master Mason.","","","Charles II's own path to the throne ran through Edinburgh: after his father's execution in 1649, the Scottish Parliament proclaimed him king, but Cromwell crushed his forces at the Battle of Worcester in 1651, forcing him into exile until the monarchy's restoration in 1660.","7-24.jpg","https://canmore.org.uk/site/52292/edinburgh-parliament-square-statue-of-charles-ii"
"Roxburgh's Close","Roxburgh's Cl, Edinburgh, UK","close","55.949767","-3.191042","About this spot","Roxburgh's Close carries a grander name than its history really supports: it's often assumed to honour an Earl of Roxburghe, but the close actually takes its name from John Roxburgh, a working cook recorded as its owner in 1635 - probably the same John Roxburgh made a burgess of the city in 1605. Before that it went by at least two other names in the space of a few decades, Cant's Close and then Cruick's Close, for a resident called William Crockie - a reminder that these closes were renamed almost as often as they changed hands. Much later, the tenements separating it from its neighbour were demolished to create the more open Roxburgh Court seen today.","","","The 'Earl of Roxburghe' story is a guess that stuck - the real namesake was just a cook who happened to own property here. It's a pattern repeated up and down the Royal Mile: most closes are named for a long-forgotten resident tradesman or merchant, not the aristocrat visitors often assume.","7-25.jpg","https://www.trove.scot/place/115350"
"Bank of Scotland","Bank of Scotland Private Banking, The Mound, Edinburgh EH1 1YZ, UK","building","55.950203","-3.192987","About the building","Bank of Scotland's headquarters has crowned the top of the Mound since 1806, when architects Robert Reid and Richard Crichton - both former pupils of Robert Adam - completed a domed Georgian villa on land the bank bought from the city in 1800. David Bryce substantially enlarged the building in 1862, adding the grand central dome and domed wings that give the skyline its present silhouette.","","","Founded by Act of the Scottish Parliament in 1695 - just a year after the Bank of England - Bank of Scotland is one of the oldest banks in the world still trading under its original name, and its Mound headquarters remains the registered Scottish office of Lloyds Banking Group today. It marked its 300th birthday in 1995 by putting Sir Walter Scott's face on every note in a special tercentenary series, having already absorbed two rivals along the way, the Union Bank of Scotland in 1955 and the British Linen Bank in 1971.","7-26.jpg","https://en.wikipedia.org/wiki/Bank_of_Scotland"
"Wardrop's Court","Wardrop Court, Lawnmarket, Edinburgh EH1 2NY, UK","close","55.949405","-3.193157","About this spot","Wardrop's Court was formed behind the Lawnmarket in the 1890s, on the site of the older Middle Baxter's Close, after a wave of tenement demolition swept through the area. Builder John Wardrop put up a new tenement here and gave the resulting court and its archway his own name. Above the entrance arch, a pair of carved dragon brackets keep watch - one set carved around 1890 by J. S. Gibson, the other added in 1911 by a sixteen-year-old apprentice, Arthur Geddes, working under the craftsman Alec Miller. The open courtyard itself was laid out on the instructions of town planner Sir Patrick Geddes, part of his wider push to bring light and air back into Edinburgh's crowded Old Town.","","","The court sits immediately beside Lady Stair's Close and Makars' Court, part of the same cluster of Old Town redevelopment carried out as the Lawnmarket was remodelled in the late 19th century. One detail from that rebuild stands out above the entrance arch: the 1911 dragon brackets were carved by a teenager, Arthur Geddes, just sixteen years old when he made them, working under Alec Miller, a sculptor closely associated with the Arts and Crafts movement - a piece of apprentice work that has been weathering quietly on the Lawnmarket ever since.","7-27.jpg","http://portal.historicenvironment.scot/designation/LB29229"
"Author's Phrases in the Flagstones","Lady Stair's Cl & Makars' Ct, Edinburgh EH1 2LP, UK","monument","55.949713","-3.193633","About the monument","The literary quotations carved into Makars' Court's paving stones (see Makars' Court, right next door, for the story of how the project began) keep growing: among the more than one hundred names now underfoot is Dame Muriel Spark, whose line 'the transfiguration of the commonplace' - from The Prime of Miss Jean Brodie - was added after her death in 2006, alongside a set of eleven stones unveiled in 1998 spanning the full range of Scotland's literary languages, from the medieval poet Robert Henryson through to Sorley MacLean, one of the great 20th-century Gaelic poets. Each new inscription is still chosen by committee and unveiled at its own small annual ceremony.","","","New names are still being added most years - recent arrivals include the Gaelic songwriter Mairi Mhor nan Oran and the 18th-century poet Donnchadh Ban Mac an t-Saoir - so this isn't a fixed monument but a literary map still being drawn, stone by stone, in Gaelic, Scots, English and Latin.","7-28.jpg","https://www.edinburgh.gov.uk/news/article/13567/m%C3%A0iri-mh%C3%B2r-nan-%C3%B2ran-is-the-latest-addition-to-scotlands-literary-greats-at-makars-court"
"Scottish War Poets Memorial","Lady Stair's Cl & Makars' Ct, Edinburgh EH1 2LP, UK","monument","55.949621","-3.193563","About the monument","This hand-carved Celtic cross in light grey granite, its shaft decorated with deep Celtic knotwork and a stone sword in relief, was unveiled in Makars' Court in November 2018 to commemorate Scotland's First World War poets. It was installed jointly by Edinburgh Napier University, the University of Aberdeen, the Scottish Poetry Library, and the National Library of Scotland, among other partners.","","","The memorial's inscription is a line of verse: 'Sweet be their sleep now wherever they're lying, far though they be from the hills of their home' - a tribute to Scottish soldier-poets who died far from home in the trenches.","7-29.jpg","https://www.iwm.org.uk/memorials/item/memorial/80151"
"Milne's Court","Milne's Ct, Edinburgh EH1 2NE, UK","close","55.949174","-3.194306","About this spot","Milne's Court, built in 1692 by Robert Milne, master mason to the king, was the first open courtyard of its kind in Edinburgh - a deliberate break from the cramped, enclosed closes surrounding it. The original west range was demolished in 1883, but the University of Edinburgh restored the north and south blocks and rebuilt the east range between 1966 and 1970, turning the court into student accommodation.","","","Milne's Court set the template that later, grander courtyards like James' Court and Riddle's Court would follow - proof that even in the crowded 17th-century Old Town, there was appetite for a bit more light and air.","7-30.jpg","https://www.trove.scot/place/52286"
"James' Court","493 Lawnmarket, Edinburgh EH1 2PB, UK","close","55.949367","-3.193775","About this spot","James' Court was built from 1727 by James Brownhill, from whom it takes its name, and quickly became one of Edinburgh's most fashionable addresses - philosopher David Hume lived here before moving to the New Town, and diarist James Boswell later took over Hume's old flat. The buildings behind Gladstone's Land, some dating to the 16th century, still convey the crowded feel of the 18th-century Old Town.","","","James Boswell entertained Samuel Johnson here during Johnson's 1773 visit to Edinburgh, the very trip that produced Johnson's 'A Journey to the Western Islands of Scotland'. The court that survives today isn't quite the one Hume and Boswell knew: much of it, including the building that had held Hume's old flat, burned down in a fire in 1857 and was rebuilt, so the crowded closes visitors walk through now are largely a Victorian reconstruction of the 18th-century original.","8-20.jpg","https://canmore.org.uk/site/52282/edinburgh-493-495-lawnmarket-3-5-7-james-court"
"The Jolly Judge","7A Lawnmarket, Edinburgh EH1 2PB, UK","pub","55.949391","-3.193993","About this spot","Tucked below street level just off the Lawnmarket, the Jolly Judge is a traditional basement pub known for its low beamed ceilings and roaring log fire - a world away from the busier tourist bars further down the Royal Mile. Its location close to the Sheriff Court and High Court once made it a favourite haunt of the city's legal community.","","","The Jolly Judge has become something of a CAMRA institution: as well as being named Edinburgh Pub of the Year in 2023 and 2024, it has picked up the branch's Cider Pub of the Year award eight years running, missing out only in 2021 when Covid cancelled the competition - recognition for a pub that deliberately keeps the music off to stay a genuinely quiet place to drink.","8-21.jpg","https://camra.org.uk/pubs/jolly-judge-edinburgh-150662"
"Susannah Alice Stephen Memorial","493 Lawnmarket, Edinburgh EH1 2PB, UK","monument","55.949598","-3.194125","About the monument","This memorial seat, topped with a bronze sculpture of a parakeet and garden trug by sculptor Frances Pelly, sits in James' Court in honour of Susannah Alice Stephen (1960-1997), a landscape designer who co-founded the Scottish Society of Garden Designers before her death in a diving accident off the Galapagos Islands. She chose this spot deliberately, knowing that pioneering town planner Patrick Geddes - a hero of hers for bringing green space into Edinburgh's Old Town - had once lived in James' Court himself.","","","The memorial is inscribed with the line 'Keep your face towards the sun and the shadows will fall behind you', a fitting motto for a landscape designer who spent her career finding light and green space within the dense, shadowed closes of the Old Town.","8-22.jpg","https://womenofscotland.org.uk/women/susannah-alice-stephen"
"The Ensign Ewart","521-523 Lawnmarket, Edinburgh EH1 2PE, UK","pub","55.949205","-3.194409","About this spot","This Lawnmarket pub, trading in some form since at least 1680, was renamed in 1938 in honour of Ensign Charles Ewart of the Royal Scots Greys, who captured the eagle standard of the French 45th Regiment of the Line at the Battle of Waterloo in 1815. The name was chosen the same year Ewart's remains were reburied with full honours at Edinburgh Castle.","","","A large painting of the Battle of Waterloo hangs inside, alongside Scottish military memorabilia - the pub sits only a few hundred metres from Ewart's actual grave on the Castle esplanade.","8-23.jpg","https://camra.org.uk/pubs/ensign-ewart-edinburgh-149992"
"Boswell's Court","350 Castlehill, Edinburgh EH1 2NF, UK","close","55.948840","-3.195543","About this spot","Boswell's Court on Castlehill dates from the 17th century and takes its name not from the famous diarist James Boswell but from his uncle, Dr John Boswell, a physician who lived here. James did visit his uncle at this address in October 1762, and a plaque on the building - now home to the Witchery restaurant - also claims that James Boswell and Samuel Johnson dined here around 1770.","","","The stair entrance still carries a carved lintel bearing a merchant's mark and the initials 'T' and 'L', thought to belong to an earlier owner, Thomas Lowthian.","8-24.jpg","https://canmore.org.uk/site/52344/edinburgh-352-castlehill-boswells-court"
"Ramsay Lane","Ramsay Ln, Edinburgh, UK","street","55.948980","-3.195850","About this spot","Ramsay Lane climbs steeply from the Royal Mile up toward the Castle esplanade, named for the poet Allan Ramsay, whose distinctive octagonal house - nicknamed 'the goose-pie house' for its unusual shape - once stood at its head. The lane connects Castlehill to Ramsay Garden, the striking Arts and Crafts tenement development built around Ramsay's old home in the 1890s.","","","Ramsay Garden was one of the first projects of town planner Patrick Geddes, who saw restoring housing on the Castle slopes as a way to bring the professional classes back to live in the Old Town.","8-25.jpg","https://en.wikipedia.org/wiki/Ramsay_Garden"
"Castle Rock Hostel","15 Johnston Terrace, Edinburgh EH1 2PW, UK","building","55.948253","-3.195960","About the building","Behind a solid Victorian facade, this Johnston Terrace building started life as a school and teacher training college before becoming Castle Rock Hostel in 1997. Its interiors lean fully into a medieval theme, with pointed arches, faux tapestries, heraldic shields, and suits of armour lining the stairs, all within sight of the Castle esplanade just above.","","","The hostel now hosts around 40,000 overnight guests a year and underwent a major renovation that added a dramatic new staircase to open up extra accommodation in the attic, while keeping the historic exterior intact.","9-14.jpg","https://www.benjamintindallarchitects.co.uk/projects/castle-rock-hostel/"
"St Columba's by the Castle","14 Johnston Terrace, Edinburgh EH1 2PW, UK","church","55.948311","-3.195466","About this spot","Battlemented and built from recycled royal stone, St Columba's by the Castle rose in 1846-47 in Early English Gothic style to designs by architect John Henderson, using stone salvaged from the demolished palace of Mary of Guise on the Royal Mile. It went up specifically to serve the poor of a rapidly emptying Old Town, as Edinburgh's wealthier residents decamped for the New Town and left the tenements below the Castle overcrowded; its layout reflects the reforming ideas of the Oxford Movement within the Scottish Episcopal Church, and a day school beneath the church once educated up to 200 local children.","","","The church's east window, blocked up for decades, was eventually filled in 1959 with a striking mural of 'Christ Enthroned' by artist John Busby.","9-15.jpg","https://www.stcolumbasbythecastle.org.uk/about/a-brief-history/"
"Fiddler's Arms","9-11 Grassmarket, Edinburgh EH1 2HY, UK","pub","55.946897","-3.197838","About this spot","At the western tip of the Grassmarket, in the shadow of Edinburgh Castle, the Fiddler's Arms sits on ground that hosted Edinburgh's weekly horse and cattle market for close to 500 years, cattle driven in down the Cowgate until trading finally stopped here in 1911. The wholesale trade running through the neighbouring West Bow once dealt in iron, pitch, tar, hemp and other heavy goods bound for warehouses down in Leith - a working, market-town identity the pub still leans into today.","","","True to its name, the pub still leans into a folk-music identity, with regular traditional Scottish sessions - a nod to a Grassmarket long associated with market traders, drovers, and travelling entertainers.","9-16.jpg","https://www.thefiddlersarms.com/history/"
"West Port Garden","2-3 West Port, Edinburgh EH1 2JA, UK","park","55.946728","-3.197927","About this spot","West Port Garden was created in 1909 by pioneering town planner Patrick Geddes as one of several small green spaces he carved into the crowded Old Town, specifically to give slum children a place to experience nature. His daughter Norah, a landscape gardener, laid out this terraced, roughly 930-square-yard plot on the steep slope between West Port and the College of Art, and it officially opened in June 1910.","","","In its early decades the garden doubled as a genuine community hub rather than just a green space - hosting a boxing club run by soldiers from the Castle, knitting classes for girls, scouting for boys, and even student training in kindergarten methods. Over a century later it's still community-run, now overseen by the Grassmarket Residents Association, and continues to host local people doing therapeutic gardening and growing their own food.","9-17.jpg","https://www.cockburnassociation.org.uk/openedinburgh/west-port-garden/"
"Portsburgh Square","Portsburgh Sq, Edinburgh, UK","building","55.946691","-3.198872","About the building","Portsburgh Square is a pocket of turn-of-the-century social housing tucked behind the Grassmarket, its balconied, pastel-painted tenement blocks rising directly beneath the sheer face of Castle Rock. Built around 1900 to designs by the City Engineer's Department, the quadrangular block followed the model-dwelling principles pioneered decades earlier by Prince Albert, with concrete balconies on cast-iron columns and shoulder-arched stair entrances at each corner. The square takes its name from the old Burgh of Portsburgh, an independent burgh that grew up outside Edinburgh's city walls near the West Port before being absorbed into the city in the 19th century.","","","Standing in the square gives one of the most dramatic close-up views of Edinburgh Castle anywhere in the city, with the volcanic crag rising almost directly overhead.","9-18.jpg","https://britishlistedbuildings.co.uk/200395288-9-11-portsburgh-square-west-port-edinburgh-edinburgh"
"Salvation Army Womens Hostel","2 West Port, Edinburgh EH1 2JA, UK","building","55.946746","-3.197708","About the building","This Art Nouveau-detailed building on West Port was built in 1910-11 to designs by Glasgow architect John Hamilton as a Salvation Army hostel for homeless and vulnerable women, its foundation stone laid by a senior Salvation Army officer on 6 February 1911. Its red sandstone and ogee-roofed corner tower give it a distinctly Glasgow character - an unusual western import sitting in the middle of Edinburgh's Old Town - and carved lettering reading 'THE SALVATION ARMY WOMENS HOSTEL' still runs across the facade above the entrance.","","","The building has since been converted into backpacker accommodation, now trading as Kick Ass Hostels, though its original carved signage remains as a visible reminder of over a century of sheltering the city's most vulnerable residents.","9-19.jpg","https://portal.historicenvironment.scot/apex/f?p=1505%3A300%3A%3A%3A%3A%3AVIEWTYPE%2CVIEWREF%3Adesignation%2CLB30196"
"Granny's Green Steps","Granny's Green Steps, Edinburgh, UK","street","55.947298","-3.197883","About this spot","Granny's Green Steps climb from the Grassmarket up to Johnston Terrace, cutting through what was once a communal drying green - 'Granny's Green' - used by the wives of soldiers from the Castle's married quarters to hang out their washing in the 19th century. Despite the old-fashioned name, the steps themselves are a modern addition, rebuilt in 2001.","","","The 'Granny' in the name almost certainly isn't a specific historical figure - the steps take their name from the shared drying green they once cut through, not from any one named resident. It's an easy detail to get backwards: some guides still repeat an older theory that the steps were named after one particular woman, when the better-supported explanation is a communal green, not a person.","9-20.jpg","https://edinburghguide.com/venues/visitor-attractions/grannys-green-steps"
"Quaker Meeting House","7 Victoria Terrace, above, Victoria St, Edinburgh EH1 2JL, UK","building","55.948772","-3.193688","About the building","This Italian Gothic building on Victoria Terrace was built in 1865-66 by architects Paterson and Shiells as a chapel for the United Original Secession Church. Once that congregation of 'Auld Seceders' returned to the Kirk, the building was sold to the Boys' Brigade in 1956, becoming 'Kirk House', headquarters of the Edinburgh Battalion, in a 1960 conversion by the noted architectural practice of Basil Spence. The Religious Society of Friends converted it into Edinburgh's Quaker Meeting House in 1987, giving the city's Quaker community - which had first formed a small central Edinburgh meeting back in 1924 - a permanent, fully accessible home.","","","Before settling here, Edinburgh's Central Meeting spent almost fifty years, from 1938 to 1987, gathering in a building on Stafford Street in the New Town.","10-26.jpg","https://en.wikipedia.org/wiki/Quaker_Meeting_House,_Edinburgh"
"The Albanach","197 High St, Edinburgh EH1 1PE, UK","pub","55.950134","-3.188436","About this spot","Bare stone walls and a hush of muted colour set The Albanach apart the moment you duck in from the crowds on the Royal Mile. Its Gaelic name - meaning 'Scottish' or 'Highlander' - is no idle branding: the High Street bar stocks over 330 different malt whiskies. Behind the pub's front room, a quieter restaurant serves modern Scottish food, giving the building a split identity - buzzing whisky bar facing the street, calmer dining room tucked away from it.","","","With over 330 malts behind the bar, the Albanach's whisky list is among the largest on a street already saturated with whisky bars aimed at tourists - a serious, connoisseur-grade collection sitting behind a modern Scottish food menu that gets comparatively little of the attention on this stretch of the Mile.","6-19.jpg","https://www.visitscotland.com/info/food-drink/the-albanach-p1721601"
"The Advocate","7 Hunter Square, Edinburgh EH1 1QW, UK","pub","55.949523","-3.187953","About this spot","The Advocate sits on Hunter Square right beside St Giles' Cathedral, its name a nod to the legal profession clustered nearby around Parliament House. Converted into a pub in the 1990s, it reopened after a refit in May 2025 and still draws a daytime crowd of lawyers on their lunch break alongside the usual Old Town foot traffic.","","","The pub can seat over 200 people and runs live music through the week - acoustic sets on Sunday nights, livelier entertainment on Fridays - a scale that's easy to miss from its fairly modest Hunter Square frontage.","6-20.jpg","https://edinburgh.camra.org.uk/viewnode.php?id=188206"
"Malt Shovel Inn","11-15 Cockburn St, Edinburgh EH1 1BP, UK","pub","55.950630","-3.190715","About this spot","The Malt Shovel occupies a building dating to around 1800 on Cockburn Street, itself cut through the Old Town in the 1850s. Inside, the pub keeps its period character - corniced ceilings, dark woodwork, and stained glass - across three connected rooms.","","","The Malt Shovel was named among the last of Edinburgh's 'proper old-school' Old Town pubs in a 2024 roundup of the city's classic boozers, its dark wood snugs and stained glass largely untouched by decades of modernisation - it still keeps a rotating line-up of Scottish cask ales alongside more than fifty malt whiskies on the shelf.","6-21.jpg","https://www.edinburghnews.scotsman.com/lifestyle/food-and-drink/edinburgh-pubs-13-of-the-last-standing-proper-old-school-pubs-in-the-old-town-including-malt-shovel-inn-4144477"
"The Piper's Rest","3 Hunter Square, Edinburgh EH1 1QW, UK","pub","55.949745","-3.188124","About this spot","Warm light spills from one of Hunter Square's most eye-catching frontages at The Piper's Rest, tucked just behind the Tron Kirk. The pub serves Scottish food - haggis, Cullen skink, steak pie - alongside a solid range of malt whiskies, local gins, and craft beers, in a space relaunched after a major refurbishment in January 2020. Live music runs seven nights a week, mixing traditional Scottish tunes with more contemporary covers.","","","The pub's golden bagpiper figures displayed in its window cases give it one of the more eye-catching frontages on Hunter Square, visible from the top of the square day or night.","6-22.jpg","https://www.thepipersrest.co.uk/"
"The Scotsman's Lounge","73 Cockburn St, Edinburgh EH1 1BU, UK","pub","55.950371","-3.188167","About this spot","The Scotsman's Lounge has been pouring pints on this stretch of Cockburn Street since 1860, making it one of the oldest continuously trading pubs in the Old Town. Old photographs of pipers line the walls, live musicians take the small stage most evenings, and the bar stocks a large range of malt whiskies, all just a couple of minutes' walk from the Royal Mile.","","","The ceiling itself has become an informal visitors' book: it's papered with hand-signed banknotes left by customers from all over the world, a tradition built up pint by pint over more than a century and a half.","5-27.jpg","https://camra.org.uk/pubs/scotsmans-lounge-edinburgh-149928"
"Sir Chris Hoy Gold Post Box (Hanover Street)","1 Hanover Street, Edinburgh EH2 2DL","monument","55.952322","-3.196374","About the monument","This pillar box at the foot of Hanover Street, on the corner with Princes Street, is the second of Edinburgh's two gold post boxes honouring Sir Chris Hoy. Royal Mail painted it gold in August 2012 to mark his gold medal in the men's team sprint, won alongside Philip Hindes and Jason Kenny - a different medal from the keirin gold that earned the city's other gold box in Hunter Square. A hometown collecting two gold boxes was unusual under the nationwide scheme, since most gold medallists only ever earned their city one; Hoy's second gold in the same Games meant Edinburgh became one of the few places with a pair.","","","The team sprint final was itself a piece of Olympic drama: Hindes crashed on the opening lap of the first-round heat, triggering a restart under a rule permitting a rerun after any first-lap fall - a decision some observers suspected was tactical, though officials ruled it accidental. On the restart, Hoy, Hindes and Kenny broke their own qualifying world record, stopping the clock at 42.600 seconds. This box sits a short walk from the New Town streets where Hoy grew up before his track career began at Meadowbank Velodrome, just a few miles east.","1-31.jpg","https://en.wikipedia.org/wiki/Cycling_at_the_2012_Summer_Olympics_%E2%80%93_Men%27s_team_sprint"
"Harvey Nichols Edinburgh","30-34 St Andrew Square, Edinburgh EH2 2LL","building","55.954802","-3.192127","About the building","Harvey Nichols opened on the east side of St Andrew Square in 2002, built to designs by Edinburgh-based CDA Architects - the same practice behind the neighbouring Multrees Walk development and Edinburgh Bus Station. At five storeys and around 100,000 square feet, it was, at the time of opening, the largest Harvey Nichols store outside London, part of a wave of investment that transformed this corner of the New Town from a quiet Georgian square into the city's most upscale shopping quarter. Multrees Walk, the pedestrian street of luxury boutiques linking the square to the older St James Centre, followed the year after in 2003.","","","The top floor houses the Forth Floor restaurant and bar, whose external terrace looks north over the Firth of Forth - the estuary the store is named after, sharing its view with the much older Melville Monument, its Doric column standing at the square's centre. St Andrew Square itself dates to the 1760s, the very first phase of James Craig's New Town plan, and was originally Edinburgh's most fashionable residential address; its early residents included the philosopher David Hume, whose townhouse there predates Harvey Nichols' glass-and-stone facade by well over two centuries.","1-32.jpg","https://en.wikipedia.org/wiki/Multrees_Walk"
"Milnes Bar","35 Hanover Street, Edinburgh EH2 2PJ","building","55.952970","-3.196744","About the building","Milnes Bar opened at 35 Hanover Street in 1910 as a spirit merchants' shop before growing into a full public house by the 1950s. It was during those same decades that it earned its enduring nickname, the ""Poets' Pub"" - the gathering place at the centre of the Scottish Literary Renaissance, drawing figures including Hugh MacDiarmid, Sorley MacLean and Norman MacCaig. MacDiarmid, whose 1926 poem A Drunk Man Looks at the Thistle helped launch that revival in Scots-language verse, called Milnes his favourite howff, and the bar was redecorated in his memory in 1985 with photographs and a painted sign marking the connection.","","","The bar's basement snug was nicknamed the ""Little Kremlin"" by its regulars, only half-jokingly, for the intensity of the political arguments and poetic manifestos traded there. MacDiarmid's own Milnes-fuelled reputation later found its way into fiction: Alasdair Gray's 1984 novel 1982, Janine draws directly on his legendary sessions at the bar. A century on from its 1910 opening, Milnes still trades as a pub barely a hundred metres from the gold-painted post box on Hanover Street that marks Sir Chris Hoy's team sprint gold - one of only two such boxes in the city, the other standing across town in Hunter Square.","1-33.jpg","https://en.wikipedia.org/wiki/Hugh_MacDiarmid"
"Browns Restaurant","131-133 George Street, Edinburgh EH2 4JS","building","55.952201","-3.205710","About the building","Browns occupies 131-133 George Street, a pair of category B-listed townhouses built between 1780 and 1790 as part of the New Town's original George Street terrace, with alterations carried out by the architect John Bryce in 1883. The building has a genuinely distinguished architectural pedigree: William Burn kept his office at No.131 from 1822, and after 1844 the celebrated Scottish architect David Bryce - designer of Fettes College and the Royal Infirmary - worked from the same address. No.133 later passed through very different uses, including a spell as the Leicester Permanent Building Society's offices and, more recently, a hairdressers, before its current life as part of Browns' brasserie.","","","No.133's most notable resident predates all of that commercial history: the portrait painter Sir Henry Raeburn, whose likenesses of Sir Walter Scott and the skating Reverend Robert Walker rank among Scotland's best-known images, lived there for a time, as did the novelist and illustrator Catherine Sinclair. Raeburn's own studio still stands nearby on York Place - easy to imagine him passing this same George Street frontage, now filled with Browns' pavement tables, on his way between the two.","2-13.jpg","https://portal.historicenvironment.scot/apex/f?p=1505:300:::::DESIGNATION,LB28858"
"St Andrew Square","St Andrew Square, Edinburgh","history","55.95460","-3.19230","About this address","This wasn't meant to be Edinburgh's financial quarter - it was supposed to be its grandest address. James Craig's 1767 plan put a church here, mirroring Charlotte Square at the New Town's far end, but banker Sir Lawrence Dundas outbid the city and built Dundas House for himself in 1774. Where one banker led, others followed, and by the century's end this had become Scotland's banking and insurance headquarters - a role the buildings ringing you still play today. For over 200 years the gardens at the centre stayed locked, private to residents and nearby offices only, finally opening to the public for the first time in April 2008.","","","This calm garden square was a battleground for three nights running. In June 1792, City Guardsmen firing pistols into the air while toasting the King's birthday curdled into full civil unrest - stoked by food shortages, grievances over the corn laws, and a public seething at Henry Dundas's stranglehold on Scottish politics - and by the third night the mob had reached St Andrew Square itself. They surrounded the Lord Provost's house on the square's south-east corner, smashed every window, and tried to burn the place down with ripped-up sentry boxes while his wife and daughters sheltered inside; only marines marched up from Leith broke the siege. The Lord Provost, Sir James Stirling, came through it well enough to be made a baronet a few weeks later for how he'd handled it.","1-34.jpg","https://en.wikipedia.org/wiki/St_Andrew_Square,_Edinburgh"
"George Street","George Street, Edinburgh","history","55.954096","-3.194198","About this address","Everything about this street was built to impress. George Street sits on the New Town's central ridge, a full storey above Princes Street and Queen Street on either side, so that from up here you can see clear across the Forth to Fife in one direction and the Pentland Hills in the other. James Craig's 1767 grid made it the spine of the whole development, running dead straight between St Andrew Square behind you and Charlotte Square three-quarters of a mile ahead - named for King George III, with the two squares at either end named for his wife and, informally, himself.","","","Every name along this street is a loyalty oath. James Craig laid out the New Town barely twenty years after Culloden, when Edinburgh - a city that had opened its gates to Bonnie Prince Charlie's army in 1745 - still needed to prove itself thoroughly, publicly Hanoverian. So the spine of the whole development took the reigning king's own name, flanked by his wife on Queen Street behind you and his son on Frederick Street ahead, with St Andrew and St George anchoring the two end squares as a nod to the very Union the Jacobites had tried to break. The address worked almost too well: within a couple of generations, the grand private townhouses lining George Street had been bought out wholesale by banks and insurance offices, and ""the most fashionable street in Edinburgh"" became its financial high street instead.","1-35.jpg","https://en.wikipedia.org/wiki/George_Street,_Edinburgh"
"Charlotte Square","Charlotte Square, Edinburgh","history","55.9520","-3.2058","About this address","James Craig's original 1767 plan named this square after King George III and gave it the same footprint as St Andrew Square at the New Town's other end - a matching bookend, symmetrical right down to the name. It was renamed Charlotte Square in 1786, for the King's queen, to stop confusion with a different George Square over in the Old Town. Robert Adam won the commission for its unifying design in 1791, his last major work before his death the following year - one long palace-like frontage on the north side, disguising what's actually a row of separate townhouses behind it, an idea barely tried in Scotland before this.","","","No. 22 Charlotte Square, 1810: Dame Helen Cumming Gordon pulled her mixed-race granddaughter Jane out of a nearby girls' boarding school over rumors that its two headmistresses, Marianne Woods and Jane Pirie, were having an affair — then told the rest of New Town society to do the same. The school emptied within days. Woods and Pirie sued for defamation and technically won, but Cumming Gordon fought the verdict all the way to the House of Lords; by the time her appeal was dismissed nine years later, each woman had barely £500 left after legal costs. Lillian Hellman later turned the case into her play The Children's Hour.","2-14.jpg","https://en.wikipedia.org/wiki/Charlotte_Square"
"Princes Street","Princes Street, Edinburgh","history","55.9503","-3.2062","About this address","Here's the oddity: Edinburgh's most famous street has buildings running down only one side of it. James Craig's 1767 plan left the north side of Princes Street open on purpose, so residents - and later, everyone - would keep an unbroken view south across the valley to the Old Town and the Castle on its crag. That valley used to be underwater, the old Nor Loch, drained as the New Town went up, and its bed became Princes Street Gardens - still open ground today for exactly the reason Craig intended.","","","1767, before the street even existed: James Craig's official New Town plan named it ""St Giles Street,"" after Edinburgh's own patron saint. King George III vetoed it on sight — to him, St Giles meant the notorious London slum of that name, not a Scottish saint. Sir John Pringle wrote to the Lord Provost with the fix: name it instead for the King's eldest son, Prince George, Duke of Rothesay, later King George IV. The apostrophe in ""Prince's Street"" quietly dropped out of use by the 1830s, but the royal snub behind the name stuck.","3-23.jpg","https://en.wikipedia.org/wiki/Princes_Street"
"Royal Mile","Royal Mile, Edinburgh","history","55.9503","-3.1890","About this address","You won't find 'Royal Mile' on a single street sign - it's a Victorian nickname, coined in the late 19th century, for a chain of streets that has no official name of its own. Walking downhill from the Castle to Holyroodhouse, the same road changes its name four times: Castlehill, then Lawnmarket, then High Street - the stretch you're on now - then Canongate. The name comes from the royal processional route once ridden between the two, and the distance really does work out to almost exactly one mile.","","","Daniel Defoe, touring Scotland in the 1720s, called it ""perhaps the largest, longest, and finest street for buildings and number of inhabitants, not only in Britain, but in the World"" - which is a strange compliment once you know why the street he was praising also housed some of Europe's worst overcrowding. Walled in and too wary of English invasion to build outward, Old Town builders went up instead: tenements along the Royal Mile eventually reached 11 storeys or more, sometimes called the world's first skyscrapers, built to cram tens of thousands of people into the same cramped medieval footprint.","6-26.jpg","https://en.wikipedia.org/wiki/Royal_Mile"
"Grassmarket","Grassmarket, Edinburgh","history","55.9469","-3.1955","About this address","This long, flat hollow beneath the Castle rock has been a marketplace since 1477, when a weekly market for hay, cattle and grain was first licensed here - a trade that carried on, remarkably, until 1911. But it's better known today for what happened at its east end: from 1660 until the last hanging in 1784, this was Edinburgh's public execution ground, watched by crowds that could number in the thousands.","","","By the early 20th century the square had earned a very different nickname: 'Little Italy'. Waves of Italian immigrants settled around the Grassmarket from the 1880s onward, working as street musicians and organ-grinders before many turned to selling ice cream from carts, calling out 'Gelati, ecco un poco' - 'ice cream, here's a little' - to passing crowds, which earned them the affectionate nickname 'Hokey Pokey men'.","9-21.jpg","https://en.wikipedia.org/wiki/Grassmarket"
"Chambers Street","Chambers Street, Edinburgh","history","55.9478","-3.1912","About this address","This whole street didn't exist before 1871 - it was cut straight through a warren of slum housing under the Edinburgh Improvement Act of 1867, the same clearance that swept away three entire 18th-century squares nearby. It's named after the man who pushed the Act through: publisher and Lord Provost William Chambers, of the Chambers's dictionary and encyclopaedia firm, who used his position to remake this whole corner of the Old Town around a single grand purpose - housing Scotland's national museum.","","","Inside the museum this street was built to house is one of Edinburgh's strangest unsolved mysteries: in June 1836, boys hunting rabbits on Arthur's Seat found a hidden niche holding seventeen tiny wooden coffins, each carved in pine and containing a miniature figure dressed in hand-stitched clothes. Nobody has ever worked out who made them or why - though one persistent theory ties them to Burke and Hare, whose own killing spree had scandalised the city just a few years earlier. Only eight of the original seventeen coffins survive today, and they're still on public display in the National Museum of Scotland, a short walk from where you're standing.","10-27.jpg","https://en.wikipedia.org/wiki/Chambers_Street,_Edinburgh"
"Cowgate","Cowgate, Edinburgh","history","55.9481","-3.1928","About this address","Everything about the Cowgate sits below the Royal Mile in more than one sense - literally lower down the valley, and for most of its history, socially lower too. Its name is exactly what it sounds like: this was once 'Via Vaccarum', the route drovers used to bring cattle down from the fields south and east of the city to the market at the Grassmarket, back when driving livestock through the main streets above was against the law.","","","By the 19th century the drovers were long gone, but the Cowgate's reputation had only got worse: as Edinburgh's wealthy decamped to the elegant New Town, their old High Street tenements were carved up into single-room flats and left to the city's poorest, and the valley filled with Irish immigrants fleeing the Great Famine of the 1840s alongside Highlanders driven from their land by the Clearances. So many settled here, clustered around St Patrick's Church at the street's eastern end, that the whole area became known as 'Little Ireland' - a name that stuck for the rest of the century, even as sectarian tension and anti-Irish prejudice ran high in the same overcrowded closes the drovers had once walked their cattle through.","11-28.jpg","https://en.wikipedia.org/wiki/Cowgate"
