leg,leg_number,name,type,address,on_route,distance_from_route_m,interest_rating,description,interesting_fact_1,interesting_fact_2,interesting_fact_3,external_link,source_notes,latitude,longitude,geocode_confidence,image_path,verdict,text_length,photo_choice,map_icon_correct,note_text,new_gps_lat,new_gps_lon,new_gps_accuracy_m,reviewed_at
Port Louis initial list,1,Labourdonnais Waterfront Hotel,building,"Caudan Waterfront, Port Louis, Mauritius",,,,"Stand on the terrace here as the evening light hits the marina, and you're looking out from land Mahé de La Bourdonnais first shaped nearly three centuries ago. Port Louis's only 5-star hotel carries his name - the French governor who built this city from a fishing settlement in 1735, laid its first roads and forts, and gave the harbour below you its shape. The financial district rises on one side, the Swing Bridge waits just along the water on the other.","The man this hotel honours didn't get such a comfortable ending. La Bourdonnais returned to France a hero, was accused of corruption over the fall of Madras, and spent three years locked in the Bastille - a governor who built an empire's outpost, undone by his own government back home.",,,https://ninetysixhotels.com/labourdonnais-waterfront-hotel-port-louis-mauritius.html,"GPS: Google Places single unambiguous match. Name/history from WebSearch (hotel listings, Government House history). Rewritten 2026-09-19 to the blended second-person/sensory voice, with up to 3 interesting facts to choose from/blend and a read-more link added where a solid source exists. User picked fact 1 (Bastille) during POI Reader review 2026-09-19; facts 2/3 cleared.",-20.1604151,57.4978129,confirmed - google places (single match),port-louis-labourdonnais-waterfront-hotel.jpg,,,,,,,,,
Port Louis initial list,1,Nicolas Baudin bust,monument,"Barkly Wharf, Caudan Waterfront, Port Louis, Mauritius",,,,"Pause by the bronze bust on the waterfront here, opposite the Blue Penny Museum, and you're looking at the face of a man who never made it home. Nicolas Baudin was a French sea captain, cartographer and naturalist, sent by Napoleon Bonaparte in 1800 to chart the coastline of Australia. His two ships, Geographe and Naturaliste, spent years mapping huge stretches of that coast and hauling back thousands of newly documented plants and animals - a genuinely enormous scientific haul for the age.","Baudin never finished the voyage home. He fell ill with tuberculosis and died right here in Port Louis on 16 September 1803, in the home of a local resident, while his ships were docked for repairs.",,,https://en.wikipedia.org/wiki/Nicolas_Baudin,"GPS: Google Places single unambiguous match, listing itself titled ""Nicolas Baudin bust"". History from Wikipedia (Nicolas Baudin) via WebFetch, plus WebSearch confirming the bust's location opposite the Blue Penny Museum. Rewritten 2026-09-19 to the blended second-person/sensory voice, with up to 3 interesting facts to choose from/blend and a read-more link added where a solid source exists. User picked fact 1 during POI Reader review 2026-09-19; facts 2/3 cleared. Photo replaced 2026-09-19 with user-pasted on-site photo (bust + plaque), same filename. Photo re-cropped 2026-09-19 to match the DetailPopup image box aspect ratio (~2.64:1) - the original was getting the subject's top cut off by the browser's automatic object-fit:cover center-crop, same bug found and fixed on the Bissoondoyal statue photo; pre-cropping the source fixes it without any CSS change. Upgraded 2026-09-19 from the plain pre-crop to a blur-pad composite (1000x379, ~2.64:1) matching the fix applied to the Bissoondoyal statue photo per user preference - full subject now visible with no cropping, pillarboxed on a blurred/darkened copy of its own background.",-20.160863,57.4977207,"confirmed - google places (single match, exact name)",port-louis-nicolas-baudin-bust.jpg,,,,,,,,,
Port Louis initial list,1,"""Non finn perdi tou"" Monument",monument,"Blue Penny Museum entrance plaza, Caudan Waterfront, Port Louis, Mauritius",,,,"Look down as you cross the plaza outside the Blue Penny Museum and you'll find water moving through stone here - one of three abstract fountain-sculptures by artist Carlos Teker set right into the pavement. This one is an open, angular frame, more gesture than figure, and its title carries the weight: ""Non finn perdi tou"", Mauritian Creole for ""We haven't lost everything."" It reads less like a monument to a single event than a quiet, standing reminder that whatever the island has weathered, its spirit is still intact.","It's one of three matching water sculptures by the same artist strung along this plaza - look for ""The People of Mauritius"" and ""The Millennium Lovers"" nearby, each carrying its own theme.",,,,"FLAG FOR USER: GPS is approximate, anchored near the Blue Penny Museum entrance plaza per your description - Google Places has no listing for this specific sculpture, so the pin needs correcting via in-app Set-GPS once you're on site. No independently sourced photo found (no Places listing, no Wikimedia Commons coverage) - image left blank, needs an on-site photo. Description/facts as supplied by you; artist attribution (Carlos Teker) and framing not independently corroborated via WebSearch. Rewritten 2026-09-19 to the blended second-person/sensory voice, with up to 3 interesting facts to choose from/blend and a read-more link added where a solid source exists. Photo is user-pasted on-site photo (2026-09-19), replacing the earlier no-photo flag.",-20.160880,57.497460,"approx - anchored near Blue Penny Museum entrance, not independently confirmed",port-louis-non-finn-perdi-tou-monument.jpg,,,,,,,,,
Port Louis initial list,1,The People of Mauritius Monument,monument,"Blue Penny Museum entrance plaza, Caudan Waterfront, Port Louis, Mauritius",,,,"Follow the plaza outside the Blue Penny Museum a little further and a second Carlos Teker fountain rises in front of you: sweeping metal arches, birds caught mid-flight across them. Look closer and the shapes read as a single idea - the island's people, African, Indian, Chinese and European roots all folded into one gesture of movement upward and outward together. Its official name, engraved nearby, spells that out directly: Les Trois Siècles de Peuplement de l'Île Maurice - Three Centuries of Settlement of Mauritius. Its creator, Giancarlo 'Carlos' Teker, is better known for a different piece nearby - Les Amants du Millenaire, the intertwined lovers' fountain further along this same plaza - though his career runs well beyond public sculpture: decades of painting, costume design and mask-making for theatre and opera, shaped by the artistic ferment of 1970s and 80s Italy, and showcased in solo exhibitions like L'Heure fauve (The Fawn-Colored Hour).",,"The monument's formal French title, Les Trois Siècles de Peuplement de l'Île Maurice, matches its theme closely - the island's layered immigration history - mirrored in the sculpture's birds-in-flight imagery representing the diverse communities who came to call Mauritius home.",,,"FLAG FOR USER: GPS is approximate, anchored near the Blue Penny Museum entrance plaza per your description - Google Places has no listing for this specific sculpture, so the pin needs correcting via in-app Set-GPS once you're on site. No independently sourced photo found (no Places listing, no Wikimedia Commons coverage) - image left blank, needs an on-site photo. Description/facts as supplied by you; artist attribution (Carlos Teker) and framing not independently corroborated via WebSearch. Possible name match found via Google Places, see interesting_fact - worth confirming on site. Rewritten 2026-09-19 to the blended second-person/sensory voice, with up to 3 interesting facts to choose from/blend and a read-more link added where a solid source exists. Photo is user-pasted on-site photo (2026-09-19), replacing the earlier no-photo flag. User picked fact 2 during POI Reader review 2026-09-19 and confirmed the Google Places French title as the monument's real name - renamed from the working title ""The People of Mauritius Monument"" to ""Les Trois Siècles de Peuplement de l'Île Maurice"", with the English translation folded into the description. Correction: title kept as ""The People of Mauritius Monument"" (not renamed) - the French name/English translation stays in the about-the-monument description text only, per user clarification. Fact reworded 2026-09-19 to drop the internal Google Places sourcing reference, per user request. Sculptor bio added 2026-09-19 from user-supplied research (full name Giancarlo ""Carlos"" Teker, multi-disciplinary background, L'Heure fauve exhibition, 1970s/80s Italian artistic influence) - could not independently corroborate via WebSearch despite retrying under both ""Carlos Teker"" and ""Giancarlo Teker""; taken as a reliable primary source per user, not independently verified.",-20.1610333,57.4975977,"approx - matches a nearby Google Places listing by theme, name correspondence unconfirmed",port-louis-people-of-mauritius-monument.jpg,,,,,,,,,
Port Louis initial list,1,The Millennium Lovers Sculpture,monument,"Blue Penny Museum entrance plaza, Caudan Waterfront, Port Louis, Mauritius",,,,"The third of the trio sits a little further along - locally nicknamed La Fontaine des Amoureux, the Lovers' Fountain. Where the other two lean abstract, this one softens into something more intimate: two fluid, intertwined figures merging into a single form, water threading through the join. It was created to mark the turn of the millennium, a small, romantic footnote set into an otherwise civic plaza.","It's one of three matching Carlos Teker water sculptures along this plaza, alongside ""Non finn perdi tou"" and ""The People of Mauritius"" - this is the only one of the three with a well-known local nickname rather than just its formal title.",,,,"FLAG FOR USER: GPS is approximate, anchored near the Blue Penny Museum entrance plaza per your description - Google Places has no listing for this specific sculpture, so the pin needs correcting via in-app Set-GPS once you're on site. No independently sourced photo found (no Places listing, no Wikimedia Commons coverage) - image left blank, needs an on-site photo. Description/facts as supplied by you; artist attribution (Carlos Teker) and framing not independently corroborated via WebSearch. Rewritten 2026-09-19 to the blended second-person/sensory voice, with up to 3 interesting facts to choose from/blend and a read-more link added where a solid source exists. Photo is user-pasted on-site photo (2026-09-19), replacing the earlier no-photo flag.",-20.160880,57.497570,"approx - anchored near Blue Penny Museum entrance, not independently confirmed",port-louis-millennium-lovers-sculpture.jpg,,,,,,,,,
Port Louis initial list,1,Port Louis Waterfront,quirky,"Quay Street, Port Louis, Mauritius",,,,"Walk the promenade here on Quay Street and you're on ground that's changed its face more than once. This stretch was tired retail for decades before state developer Landscope Mauritius tore it up and rebuilt it - an 18-month job starting in February 2018, designed by JFA Architects - turning it into the landscaped run of shops, restaurants and open water views you're standing in now. It's a separate development from the older, better-known Caudan Waterfront further along the harbour, not the same place under a different name.",,"Long before any of this redevelopment, Dutch sailors were already using this harbour - from 1606 they called it the ""Harbour of Tortoises,"" more than a century before the French built the city around it.",,https://www.portlouiswaterfront.com/,"GPS: Google Places single unambiguous match (""Port Louis Waterfront by Landscope Mauritius"", type shopping_mall). History from WebSearch (Landscope Mauritius / portlouiswaterfront.com). Distinct location from Le Caudan Waterfront/Place du Caudan (~250m further west) - confirm this distinction reads clearly once both are live. Rewritten 2026-09-19 to the blended second-person/sensory voice, with up to 3 interesting facts to choose from/blend and a read-more link added where a solid source exists. User picked fact 2 during POI Reader review 2026-09-19; facts 1/3 cleared.",-20.1609157,57.5007013,confirmed - google places (single match),port-louis-waterfront-quay.jpg,,,,,,,,,
Port Louis initial list,1,Professor Basdeo Bissoondoyal Statue,statue,"Port Louis Waterfront, Quay Street, Port Louis, Mauritius",,,,"Stand by the bronze figure on the harbourside promenade and you're looking at a man who taught an island to vote. Basdeo Bissoondoyal studied philosophy, history and Sanskrit in India, where he watched Gandhi's independence movement up close - then came home in 1939 and started walking village to village, teaching people to sign their own names. It sounds small. It grew Mauritius's electorate from 11,445 to 72,000 voters ahead of the 1948 elections, and it terrified the colonial government.","He was jailed four times for his activism, and the Governor even weighed deporting him to Diego Garcia to shut him up - backing down only because by then Bissoondoyal was too influential to remove quietly. He kept fighting from inside: when Hindu prisoners weren't given the food or religious observance they were entitled to, he went on hunger strike in jail. Word got out, labourers struck in solidarity outside, and the demands were met.",,,https://en.wikipedia.org/wiki/Basdeo_Bissoondoyal,"GPS: Google Places single unambiguous match (""Professor Basdeo Bissoondoyal statue""). History from Wikipedia (Basdeo Bissoondoyal) via WebFetch. User confirmed on-site visit; user's initial identification as ""Paul Raymond Berenger"" was a mix-up - Berenger unveiled this statue but it depicts Bissoondoyal, per user correction. Rewritten 2026-09-19 to the blended second-person/sensory voice, with up to 3 interesting facts to choose from/blend and a read-more link added where a solid source exists. User combined facts 1+2 into a single fact and supplied a new on-site photo during POI Reader review 2026-09-19; fact 3 cleared. Photo re-cropped 2026-09-19 (844x320, ~2.64:1) to match the DetailPopup image box aspect ratio - the original 844x547 was getting the statue's head cut off by the browser's automatic object-fit:cover center-crop; pre-cropping the source fixes it without any CSS change. Superseded the plain pre-crop with a blur-pad composite (1000x379, ~2.64:1) per user request - full statue head-to-base now visible, pillarboxed on a blurred/darkened cover-fit copy of its own background rather than cropping the legs off; same technique as the SAJ Statue/William Newton landmark hero-image fix (see project_port_louis_route memory), just written to the plain image_path column since POI-candidates.csv/sites.csv have no separate hero_image_path.",-20.1608611,57.5007929,"confirmed - google places (single match, exact name) + user on-site visit",port-louis-basdeo-bissoondoyal-statue.jpg,,,,,,,,,
Port Louis initial list,1,The Waterfront Cannons,monument,"Port Louis Waterfront, Quay Street, Port Louis, Mauritius",,,,"Two old cast-iron cannons sit here on stone plinths, aimed out over a marina that now holds pleasure boats instead of anything more dangerous. They're an easy thing to walk past without a second look, but they're a real, physical leftover of a working harbour's military past - this stretch once held a gunpowder magazine and dry docks, centuries before restaurants and yacht moorings arrived.","These cannons were recovered from the harbour mud during dredging and excavation works in the late 20th century. They date back to the 18th or 19th century colonial era, originally part of the French coastal defences - built under Napoleon - that protected Port Louis's harbour.",,,,"User supplied exact on-site GPS. Photo is your own pasted photo (both cannons visible, one close-up/one in background). Location is the Port Louis Waterfront/Quay Street cluster (same area as the Bissoondoyal statue and the Monument to the Victims of Poverty), not the Caudan marina as originally guessed. Provenance/date of the cannons not independently researched - description is general/hedged, worth tightening if you know their real history (there's a plaque on the near cannon's plinth in your photo that wasn't legible to source from). Rewritten 2026-09-19 to the blended second-person/sensory voice, with up to 3 interesting facts to choose from/blend and a read-more link added where a solid source exists. Fact replaced 2026-09-19 with a cleaned-up version of provenance text supplied by the user, superseding the earlier placeholder about the illegible plaque.",-20.16048826849477,57.50072633729458,confirmed - user on-site GPS,port-louis-waterfront-cannons.jpg,,,,,,,,,
Port Louis initial list,1,Monument to the Victims of Poverty,monument,"Port Louis Waterfront, Quay Street, Port Louis, Mauritius",,,,"A stone obelisk with a bronze teardrop at its peak stands quietly here on the waterfront - and it isn't unique to Port Louis. This is one of more than thirty identical Commemorative Stones placed in cities around the world, from Trocadero Human Rights Plaza in Paris to the grounds of the United Nations in New York, each honouring the victims of extreme poverty. The original was unveiled in Paris on 17 October 1987 by Father Joseph Wresinski, in front of 100,000 people, from every background and continent, who'd gathered to be counted.","Every stone in the series carries the same inscription: 'Wherever men and women are condemned to live in extreme poverty, human rights are violated. To come together to ensure that these rights be respected is our solemn duty.' In 1992, four years after Wresinski's death, the United Nations made his day official - 17 October is now the International Day for the Eradication of Poverty, marked at stones just like this one worldwide.",,,https://en.wikipedia.org/wiki/International_Day_for_the_Eradication_of_Poverty,"GPS from a geotagged Wikimedia Commons photo of this exact monument (20 09'38.04""S 57 30'03.34""E, converted to decimal) - independently confirmed real GPS, not a guess. Inscription/history from WebSearch (joseph-wresinski.org, overcomingpoverty.org, UN gift page) - standard text used on every stone worldwide, not Mauritius-specific research. Photo is your own pasted photo. Rewritten 2026-09-19 to the blended second-person/sensory voice, with up to 3 interesting facts to choose from/blend and a read-more link added where a solid source exists. User combined facts 1+2 into a single fact during POI Reader review 2026-09-19.",-20.160567,57.500928,confirmed - matched to a geotagged Wikimedia Commons photo of the same monument,port-louis-poverty-victims-monument.jpg,,,,,,,,,
Port Louis initial list,1,The Granary,building,"Granary Road, Port Louis Waterfront, Port Louis, Mauritius",,,,"A vast red-brick warehouse dominates the harbourfront here - and it's still the largest brick building anywhere in the Indian Ocean. It went up between 1927 and 1931 purely as insurance against famine: enough storage for 300,000 sacks of grain, sugar and rice, enough to feed the whole island for four months or more if the worst happened. Barges unloaded straight onto six electrically operated hoists that carried the grain to the top floor for storage, safe from pests, before it went out by train.","During the Second World War, the building's entire sea-facing wall was camouflaged with leaves and branches, disguising a structure the size of a city block from enemy ships and aircraft passing offshore.",,,,"GPS: Google Places single unambiguous match (""Granary"", types include storage/parking - matches its current use). History from WebSearch (threeblindmen photography archive, Flickr/historicmauritius, Wanderlog). Rewritten 2026-09-19 to the blended second-person/sensory voice, with up to 3 interesting facts to choose from/blend and a read-more link added where a solid source exists. User picked fact 1 during POI Reader review 2026-09-19; fact 2 cleared.",-20.1588838,57.5013593,confirmed - google places (single match),port-louis-granary.jpg,,,,,,,,,
Port Louis initial list,1,China Town North Gate,quirky,"Royal Rd, Port Louis, Mauritius",,,,"Royal Road narrows here beneath an ornamental archway - the northern of two Friendship Gates bookending one of the oldest Chinatowns in Africa. Like its twin gate at the southern end, this one was a gift from Foshan in Guangdong province, Port Louis's twin city in China, and it marks where the dense, historic strip of hardware shops, grocers and eateries in between begins. The neighbourhood's roots go back to the 1780s, when thousands of migrants, mostly Hakka Chinese from the Pearl River Delta around Guangzhou, arrived voluntarily on Danish, French and British ships. Unlike the indentured labourers who later came from India to work the sugar estates, these were traders and tradespeople - blacksmiths, carpenters, tailors - who settled along Royal Road and formed what was then known as the Camp des Chinois, growing over the generations into the Quartier Chinois you're walking through now.",,,,,"FLAG FOR USER: no photo sourced - no Google Places listing exists for this specific gate (only the south gate has its own listing) and no Wikimedia Commons coverage found either. GPS is your own supplied on-site coordinate, treated as confirmed. History from WebSearch (mauritiusnow.com, gpsmycity.com) confirming two gates mark the north/south ends of the district. Rewritten 2026-09-19 to the blended second-person/sensory voice, with up to 3 interesting facts to choose from/blend and a read-more link added where a solid source exists. Photo is user-pasted on-site photo (2026-09-19), replacing the earlier no-photo flag. Description expanded 2026-09-19 with Chinese immigration history (WebSearch/WebFetch: Wikipedia Chinatown Port Louis, mychinaroots.com, CNN) - voluntary 1780s trade migration from Guangdong, distinct from Indian indentured labour; interesting fact dropped per user request.",-20.15806393653844,57.507201776673476,confirmed - user on-site GPS,port-louis-china-town-north-gate.jpg,,,,,,,,,
Port Louis initial list,1,Hardware Row,recurring_feature,"Royal Rd, Port Louis, Mauritius",,,,"Walk this 200-metre stretch of Royal Road, spanning both sides of the China Town North Gate, and you'll pass almost nothing but quincailleries - hardware stores, in the local French. Between them they stock just about everything: tools, building materials, plumbing and electrical fittings, furnishings. Mauritius is famous for its quincailleries, which show up everywhere from island-wide superstores to one-room shops on country back lanes. By one recent directory count there are well over 400 of them scattered across the island, and Port Louis district alone accounts for more than 100 - second only to the more populous Plaines Wilhems district. This short stretch of Royal Road is one of the densest concentrated clusters of them anywhere: a handful of shopfronts collectively doing what a single big-box hardware store would elsewhere, each one specialising just slightly differently from its neighbour.",,,,,"User-supplied content (not independently researched, per user's own note this wouldn't turn up in a search) - description written up from what the user dictated. GPS is the user's own supplied coordinate, treated as confirmed. Photo is an easy-first-hit Google Places photo of one specific shop on the strip (Quincaillerie A-1) as a representative placeholder, not the strip as a whole - swap for a wider on-site photo of the row if you have one. Note: user's message referred to this POI as both ""Hardware Row"" and, in passing, ""Hardware Lane"" - went with ""Hardware Row"" per the explicit naming instruction; flag if ""Lane"" was actually intended. Rewritten 2026-09-19 to the blended second-person/sensory voice, with up to 3 interesting facts to choose from/blend and a read-more link added where a solid source exists. Description expanded 2026-09-19 with quincaillerie count stats (WebSearch: directory/listing sites, ~400-530 island-wide depending on source/date, ~113 in Port Louis district) - figures are directory-scrape counts, not an official census, phrased accordingly.",-20.1582299927805,57.50704773184473,confirmed - user on-site GPS,port-louis-hardware-row.jpg,,,,,,,,,
Port Louis initial list,1,Emmanuel Anquetil Building,building,"Emmanuel Anquetil Building, Port Louis, Mauritius",,,,"This slab of raw concrete carries his name, though Emmanuel Anquetil himself is the far more interesting story here. He ran away to sea as a 16-year-old ship's apprentice, spent over a decade working the Australian coast, then settled in Britain, where he married a Labour Party activist and threw himself into socialist politics - coming home to Mauritius steeped in a British democratic-socialist vision the island had never really seen applied to its own labourers and dockworkers. In 1936 he co-founded the Mauritius Labour Party alongside Dr Maurice Curé, and spent the rest of his life organising the island's poorest workers for rights nobody in power wanted to grant them. He mentored a younger trade unionist, Guy Rozemont, who picked up the fight after Anquetil's death in 1946 - and it was that continued pressure, from Rozemont, Curé and others, that finally won Mauritius its first official Labour Day public holiday in 1950, four years after Anquetil didn't live to see it.","Anquetil co-founded Mauritius's Labour Party in 1936, and founded the Mauritius Trade Union Congress in 1946 - the same year he died, a legacy that outlasted him by decades.",,,https://en.wikipedia.org/wiki/Emmanuel_Anquetil,"GPS: Google Places single unambiguous match (""Emmanuel Anquetil Building"", type premise/street_address). Biography from Wikipedia (Emmanuel Anquetil) via WebSearch. Architecture debate: WebSearch surfaced a ""top five ugliest buildings in Mauritius"" characterization and a Mauritius Association of Architects Facebook post titled ""Saving the Emmanuel Anquetil Building"" (preservation campaign) - the Facebook post itself couldn't be fetched for full detail, so the preservation angle is described generally rather than quoted. No photo found - no Places photo, no Wikimedia Commons coverage. Rewritten 2026-09-19 to the blended second-person/sensory voice, with up to 3 interesting facts to choose from/blend and a read-more link added where a solid source exists. Photo replaced with user-supplied image and description rewritten 2026-09-19 to focus on Anquetil the man (WebSearch: Wikipedia Emmanuel Anquetil/Guy Rozemont/Labour Party Mauritius) rather than the building - fact 2 (building/Civil Status Division detail) dropped per user request, fact 1 kept.",-20.1641761,57.5052942,"confirmed - google places (single match, exact name)",port-louis-emmanuel-anquetil-building.jpg,,,,,,,,,
Port Louis initial list,1,Emmanuel Anquetil Monument,monument,"Atrium Square, Emmanuel Anquetil Building, Port Louis, Mauritius",,,,"At the centre of the atrium square inside the Emmanuel Anquetil Building stands this monument, and it's worth pausing here on what the fight actually cost him. In 1937, unrest spread across the island's sugar estates - the Uba riots - and Anquetil threw himself into organising the dockers who worked Port Louis harbour. The colonial government's response was to deport him to Rodrigues in 1938 to shut the strikes down. Exile didn't stop him: he spent the time touring the island and pushing for constitutional reform, arguing for a political system that actually represented Mauritius's labourers rather than its planters. The pace caught up with him - he died of pneumonia on 1 December 1946, worn down by years of relentless travel and organising, having lived just long enough to see the trade union congress he founded that same year take shape.","Every 1 May - Labour Day - trade union representatives and government officials still gather here to lay wreaths in his honour, keeping the tradition alive at the heart of the building carrying his name.",,,https://en.wikipedia.org/wiki/Emmanuel_Anquetil,"FLAG FOR USER: GPS is approximate - no Google Places listing exists for the monument itself, so it's anchored to the Emmanuel Anquetil Building's own coordinate; needs correcting via in-app Set-GPS to the atrium's actual centre once on site. Description/facts as supplied by you (from your own Google research) - not independently re-verified via WebSearch, and kept distinct from the companion ""Emmanuel Anquetil Building"" POI's fuller biography to avoid repeating it. No photo found. Rewritten 2026-09-19 to the blended second-person/sensory voice, with up to 3 interesting facts to choose from/blend and a read-more link added where a solid source exists. Photo replaced with user-supplied image and description expanded 2026-09-19 with new material distinct from the Emmanuel Anquetil Building POI (1937 Uba riots, 1938 deportation to Rodrigues, constitutional-reform touring, death from pneumonia 1 Dec 1946) - via WebFetch of Wikipedia Emmanuel Anquetil. Photo re-cropped 2026-09-19 to match the DetailPopup image box aspect ratio (~2.64:1) - the original was getting the subject's top cut off by the browser's automatic object-fit:cover center-crop, same bug found and fixed on the Bissoondoyal statue photo; pre-cropping the source fixes it without any CSS change. Upgraded 2026-09-19 from the plain pre-crop to a blur-pad composite (1000x379, ~2.64:1) matching the fix applied to the Bissoondoyal statue photo per user preference - full subject now visible with no cropping, pillarboxed on a blurred/darkened copy of its own background.",-20.1640889,57.5050920,"approx - anchored to the Emmanuel Anquetil Building, not independently confirmed for the atrium specifically",port-louis-emmanuel-anquetil-monument.jpg,,,,,,,,,
Port Louis initial list,1,Mairie de Port Louis,building,"4 Bis Jules Koenig St, Port Louis, Mauritius",,,,"Port Louis's city hall stands here, seat of a municipal government with roots going back to 1790, when the Colonial Assembly created it during the French Revolution - the city's first mayor was a Mr Enouf. That early council didn't last; it was dissolved in 1820 and not reconstituted until 1850 under British rule, when Louis Lechelle became the town's first modern mayor, working out of a rented house before the council bought the old Hotel d'Europe in 1866 to serve as its town hall.","The building you're looking at isn't that old colonial hotel - it replaced it. Construction started in 1965 and the new city hall was inaugurated in 1966, the same year Port Louis was formally upgraded from a 'Town' to a 'City.' The council itself is older than this building by 175 years and counting - first established in 1830 - and today it governs the city through eight electoral wards, 32 councillors, and a Lord Mayor elected by them.",,,https://en.wikipedia.org/wiki/Municipal_City_Council_of_Port_Louis,"GPS: Google Places match (""Municipality of Port Louis"", government_office). History from WebSearch (vintagemauritius.org, Wikipedia's Municipal City Council of Port Louis). No photo found - Places listing has none, no Wikimedia Commons coverage. Rewritten 2026-09-19 to the blended second-person/sensory voice, with up to 3 interesting facts to choose from/blend and a read-more link added where a solid source exists. Photo replaced with user-supplied image and facts 1+2 combined during POI Reader review 2026-09-19.",-20.164286,57.5047233,confirmed - google places (single match),port-louis-mairie-de-port-louis.jpg,,,,,,,,,
Port Louis initial list,1,Anjalay Coopen Statue,statue,"Children's Court, Pope Hennessy Street, Port Louis, Mauritius",,,,"A bronze statue near the Children's Court remembers a name that's become inseparable from Mauritius's fight for workers' rights. Anjalay Coopen was a 32-year-old Tamil sugarcane labourer, pregnant, at the Belle Vue Harel Sugar Estate when colonial police opened fire on striking workers on 27 September 1943 - she was one of three killed that day; a fourth striker died of his wounds nine days later. It became the defining turning point in the island's labour movement.","The strike was over pay and conditions and had been building for two weeks before the shooting - workers had first walked out on 13 September 1943, in the middle of the Second World War. The statue itself wasn't unveiled until 29 August 2007, more than six decades after her death, deliberately placed near what's now the Children's Court, where wreath-laying commemorations in her honour still happen every year.","Police fired sixteen shots and a tear-gas grenade into the crowd that day - on top of the four deaths, five more labourers were wounded by bullets and a dozen others hurt. The shooting also disrupted a religious ceremony taking place at a nearby baitka (Hindu prayer hall), compounding the shock across the community.",,https://en.wikipedia.org/wiki/1943_Belle_Vue_Harel_Massacre,"Description/facts as supplied by you (from your own Google research), lightly cross-checked against WebSearch (Wikipedia's 1943 Belle Vue Harel Massacre, mauritiusheritage.com) which corroborates the core story - not independently re-researched from scratch. GPS: no Places listing exists for the statue itself, so it's anchored to the confirmed ""Children's Court"" Places listing nearby; flag for correction via in-app Set-GPS to the statue's exact spot once on site. No photo found - no Places photo, no Wikimedia Commons coverage. Rewritten 2026-09-19 to the blended second-person/sensory voice, with up to 3 interesting facts to choose from/blend and a read-more link added where a solid source exists. Photo replaced with user-supplied image and facts 1+2 combined during POI Reader review 2026-09-19. Photo re-cropped 2026-09-19 to match the DetailPopup image box aspect ratio (~2.64:1) - the original was getting the subject's top cut off by the browser's automatic object-fit:cover center-crop, same bug found and fixed on the Bissoondoyal statue photo; pre-cropping the source fixes it without any CSS change. Upgraded 2026-09-19 from the plain pre-crop to a blur-pad composite (1000x379, ~2.64:1) matching the fix applied to the Bissoondoyal statue photo per user preference - full subject now visible with no cropping, pillarboxed on a blurred/darkened copy of its own background. Additional facts researched 2026-09-19 (real WebSearch pass, not restyle-only).",-20.1648191,57.5055473,"approx - anchored to the nearby Children's Court Places listing, not independently confirmed for the statue itself",port-louis-anjalay-coopen-statue.jpg,,,,,,,,,
Port Louis initial list,1,Old Supreme Court Building,building,"Rue Dr. Auguste Rouget, Port Louis, Mauritius",,,,"This colonial courthouse complex was the seat of the Supreme Court of Mauritius for well over a century - a legal system with genuinely mixed parentage, English common law layered over a French Napoleonic Code base, tracing back to a Cour d'Appel established here in 1808 and reconstituted as the Supreme Court in 1850 under British rule. In 2020 the court finally moved out, into a new purpose-built home on Edith Cavell Street, leaving this older building's colonial architecture and grounds standing as part of Port Louis's historic core. It's a genuinely fine example of Mauritian neoclassical architecture - Corinthian columns and a symmetrical facade behind wrought-iron gates and tree-shaded grounds - the kind of stately civic building that's grown rarer on the island, with fewer than half of Mauritius's original heritage buildings still standing today. For now, though, it sits largely vacant and closed up, its future still undecided since the court moved out.","In 1993, a newspaper editor and a journalist published an article here criticising the Chief Justice by name - and were prosecuted for contempt of court. The case, Ahnee v DPP, went all the way to the Privy Council in London, which upheld the Mauritian court's power in 1999.",,,https://en.wikipedia.org/wiki/Supreme_Court_of_Mauritius,"GPS: Google Places single unambiguous match (""Old Supreme Court Building""). History from WebSearch (VoiceMap tour, Wikipedia) and WebFetch (Wikipedia's Supreme Court of Mauritius). Photo sourced from Wikimedia Commons (Category:Supreme Court (Mauritius)), CC BY 2.0, credited to Flickr user carrotmadman6 - note it shows the complex's ornamental entrance gate (coat of arms, ""Dieu et mon droit""), not the main building facade, so it's a representative rather than definitive shot. Rewritten 2026-09-19 to the blended second-person/sensory voice, with up to 3 interesting facts to choose from/blend and a read-more link added where a solid source exists. Photo replaced with user-supplied image and description expanded 2026-09-19 with architecture research (WebSearch: neoclassical style, Corinthian columns/symmetrical facades typical of Mauritian neoclassical civic buildings; general heritage-survival-rate context from atlas-guide.com) plus user-supplied on-the-ground observation that the building sits largely vacant and closed today; fact 2 dropped, fact 1 kept.",-20.1652674,57.5050679,confirmed - google places (single match),port-louis-old-supreme-court.jpg,,,,,,,,,
Port Louis initial list,1,Saint Louis Cathedral,religious_building,"Bourbon St, Port Louis, Mauritius",,,,"The oldest cathedral in Mauritius stands here, on a site chosen in the 1750s not long after Mahe de La Bourdonnais left the island - and its early history reads like a run of genuinely bad luck. The first church, built 1752-56, was wrecked by a cyclone in 1760. Its replacement collapsed again in 1773. Even a rebuild by the island's first British governor in 1814 developed the same structural cracks within a few years. The church finally reached cathedral status in 1847 - but the building you're looking at today isn't that one either.","That older cathedral was demolished starting in December 1928, and a completely new Saint Louis Cathedral - the current building, blending Gothic and neo-classical styles in the shape of a Latin cross - was inaugurated in 1933, nearly two centuries after the site was first chosen. Six bishops are buried inside, including Cardinal Jean Margeot, interred here as recently as 2009 - a cathedral that's kept collapsing and rebuilding for 270 years is also, quietly, a mausoleum.",,,"https://en.wikipedia.org/wiki/St._Louis_Cathedral,_Port-Louis","GPS: Google Places single unambiguous match (""Saint Louis Cathedral"", types include historical_landmark/church). History from WebSearch (infoilemaurice.com, gpsmycity.com, vintagemauritius.org). Photo: Google Places, single clean match, statue niche and clock tower clearly visible and matching the described facade. Rewritten 2026-09-19 to the blended second-person/sensory voice, with up to 3 interesting facts to choose from/blend and a read-more link added where a solid source exists. User combined facts 1+2 into a single fact during POI Reader review 2026-09-19.",-20.1644695,57.5065278,confirmed - google places (single match),port-louis-st-louis-cathedral.jpg,,,,,,,,,
Port Louis initial list,1,Obelisk Water Fountain,monument,"St. Louis Cathedral's Garden, Pope Hennessy St, Port Louis, Mauritius",,,,"An 18th-century obelisk stands in the cathedral's front courtyard, near the Statue de Saint Louis - and it wasn't built as decoration. Classical carved lion heads ring the shaft, each one once a working spout, feeding water down into a basin below. The whole thing was fed by the Pouce Stream, piping fresh water into this part of town long before any of today's plumbing existed.","The lion-head spouts have been dry for a long time now, but the obelisk still stands as one of the oldest surviving pieces of civic infrastructure in the whole cathedral square - a functioning fountain for far longer than it's been a purely decorative one.",,,,"User-supplied content (from user's own Google research), lightly corroborated via WebSearch (Alamy stock photo captions, holidify.com) confirming the obelisk, lion-head spouts and its former Pouce Stream water source. GPS is anchored to the confirmed Statue de Saint Louis location (same courtyard) since no separate Places listing exists for the obelisk itself - flag for correction via in-app Set-GPS once on site. No photo found - checked Places (no separate listing) and Wikimedia Commons (no coverage). Rewritten 2026-09-19 to the blended second-person/sensory voice, with up to 3 interesting facts to choose from/blend and a read-more link added where a solid source exists. Renamed 2026-09-19 per user request from ""Obelisk Water Fountain"" to ""Statue de St Louis and Obelisk Water Fountain"" - note there is already a separately promoted ""Statue de Saint Louis"" POI in sites.csv (id 1103) for the statue itself; this candidate row still only covers the obelisk fountain content, title change only, no content merge done yet. Reverted 2026-09-19 back to ""Obelisk Water Fountain"" per user request - stays a separate, standalone POI from the already-promoted ""Statue de Saint Louis"" in sites.csv.",-20.1650800,57.5059500,"approx - anchored to the Statue de Saint Louis courtyard, not independently confirmed for the obelisk itself",,,,,,,,,,
Port Louis initial list,1,L'Eveche de Port Louis,religious_building,"13 Rue Mgr. Gonin, Port Louis, Mauritius",,,,"The Bishop's House of the Roman Catholic Diocese of Port-Louis stands here - seat of a diocese covering not just Mauritius but Rodrigues, the Chagos Archipelago and Diego Garcia. Its roots go back to 1837, when it was carved out as its own Apostolic Vicariate from the much larger Vicariate of the Cape of Good Hope, a territory that at various points also stretched to Madagascar, St Helena and the Seychelles before each was split off on its own. The building itself is a fine example of Mauritius's colonial plantation-house style - a double-tiered varangue, the island's traditional covered veranda, wrapped around pale columns and ornate white wrought-iron balustrades, the same design language seen at grand colonial homes like Eureka Mansion, built to catch the breeze and shade the rooms from the tropical sun.","The diocese's reach today is genuinely vast for such a small office: it still technically covers the remote, disputed Chagos Archipelago and Diego Garcia, hundreds of kilometres out in the Indian Ocean.",,,https://en.wikipedia.org/wiki/Roman_Catholic_Diocese_of_Port_Louis,"GPS: Google Places single unambiguous match (""Evêché de Port-Louis"", church/place_of_worship). History from WebSearch (Wikipedia's Roman Catholic Diocese of Port-Louis, Catholic-Hierarchy). No photo found - Places listing has none, no Wikimedia Commons coverage. Rewritten 2026-09-19 to the blended second-person/sensory voice, with up to 3 interesting facts to choose from/blend and a read-more link added where a solid source exists. User picked fact 2 during POI Reader review 2026-09-19; fact 1 dropped, fact 2 moved to slot 1. Photo replaced with user-supplied image and description expanded 2026-09-19 with Mauritian colonial plantation-house/varangue architecture research (WebSearch: vintagemauritius.org, propertyfinder.mu, villanovo.com - double-veranda colonial style, comparable to Eureka Mansion).",-20.1641563,57.5069321,confirmed - google places (single match),port-louis-eveche-de-port-louis.jpg,,,,,,,,,
Port Louis initial list,1,La Cure de la Cathedrale St Louis,religious_building,"Dauphine St, Port Louis, Mauritius",,,,"Just off Dauphine Street, a short walk from the cathedral itself, sits its presbytery - in French Catholic tradition, a 'cure' is the parish priest's own residence and office, attached to the church it serves. It's a modest, working building rather than a grand one, and it still functions today exactly as it always has: as the home of the cathedral parish's clergy. Architecturally it's a different animal entirely from L'Eveche just up the road - where the Bishop's House puts on a show with its double-tiered stone colonnade, La Cure is built in a plainer, more domestic Creole vernacular style: a steep, dormer-windowed roof (the dormers are called lucarnes locally, letting light and air into the rooms under the eaves), timber-framed walls, working blue shutters, and a single ground-floor veranda rather than a grand colonnaded one. It's the kind of unshowy, practical building that actually housed most of colonial Mauritius, and just as much a part of the island's architectural heritage as its grander neighbours.",,,,,"GPS: Google Places single unambiguous match (""La Cure de la Cathédrale St Louis"", community_center/event_venue). Limited independent history found via WebSearch beyond confirming its existence and function as the cathedral presbytery - description kept modest rather than padded. No photo found. Rewritten 2026-09-19 to the blended second-person/sensory voice, with up to 3 interesting facts to choose from/blend and a read-more link added where a solid source exists. Photo replaced with user-supplied image and description expanded 2026-09-19 with Creole vernacular architecture research (WebSearch: Wikipedia Lucarne/Dormer, villanovo.com, 2futures.com - steep dormer roofs/lucarnes, timber shutters, single veranda), explicitly contrasted against the grander double-colonnade style described for the neighbouring L'Eveche de Port Louis POI.",-20.1640824,57.5060191,confirmed - google places (single match),port-louis-la-cure-cathedrale-st-louis.jpg,,,,,,,,,
Port Louis existing POIs (voice rewrite pass),2,Jummah Masjid,religious_building,"Royal Road, Queen St, Port Louis, Mauritius",,,,"Step onto Royal Road in the heart of the old commercial quarter and Port Louis's principal mosque rises in front of you, known simply as Jummah Masjid. The city's mercantile community bought this plot on Queen Street in 1852 and consecrated the mosque a year later, when it went by a different name entirely - the ""Mosque of the Arabs."" What you're looking at today is largely a late-Victorian rebuild: a major expansion begun in 1878 under Jackaria Jan Mahomed dragged on for years, slowed by disease and building-supply shortages, and wasn't finished until 1895.","The mosque blends Indian, Creole and Islamic architectural styles so seamlessly that it's often named one of the most beautiful religious buildings in Mauritius.",,,https://en.wikipedia.org/wiki/Jummah_Mosque_(Mauritius),"Re-imported from sites.csv 2026-09-19 for the new-voice/multi-fact rewrite pass - was already promoted and live; original about_site_text/interesting_fact preserved as the starting point before rewrite. Rewritten 2026-09-19 to the blended second-person/sensory voice (see feedback_poi_narrative_voice_standard memory); existing fact split where the original text already carried more than one distinct nugget. Additional facts researched 2026-09-19 (real WebSearch pass, not restyle-only). User picked fact 1 during POI Reader review 2026-09-19; facts 2/3 cleared.",-20.1597222,57.505,promoted - already live in sites.csv,port-louis-jummah-masjid.jpg,,,,,,,,,
Port Louis existing POIs (voice rewrite pass),2,Government House,building,"Intendance St, Port Louis, Mauritius",,,,"At the top of Place d'Armes stands the seat of Mauritius's government, colonial and now national both. The first Government House here was built of wood in 1725 under the French - and lasted only two years before a cyclone tore it down in 1727. What replaced it was built to last: French governors Nicolas de Maupin and Mahé de La Bourdonnais enlarged it into the footprint you see today by 1738, when it was still known by its original name, the Hôtel du Gouvernement.","Place d'Armes, the grand palm-lined boulevard leading up to it, is often called the most iconic street in Mauritius, lined the whole way with statues of the figures who shaped the island's history.",,,,"Re-imported from sites.csv 2026-09-19 for the new-voice/multi-fact rewrite pass - was already promoted and live; original about_site_text/interesting_fact preserved as the starting point before rewrite. Rewritten 2026-09-19 to the blended second-person/sensory voice (see feedback_poi_narrative_voice_standard memory); existing fact split where the original text already carried more than one distinct nugget. Additional facts researched 2026-09-19 (real WebSearch pass, not restyle-only). User picked fact 1 during POI Reader review 2026-09-19; fact 2 cleared.",-20.1630396,57.5035699,promoted - already live in sites.csv,port-louis-government-house.jpg,,,,,,,,,
Port Louis existing POIs (voice rewrite pass),2,Place d'Armes,history,"Place d'Armes, Port Louis, Mauritius",,,,"Walk the royal-palm-lined boulevard running from Government House down to the waterfront and you're on the most iconic public space in Port Louis. Before it was ceremonial, it was military - Governor De Nyon first fortified this ground with a battery, later reinforced by Mahé de La Bourdonnais, before it was laid out as the formal approach to Government House itself in 1738. Statues of the figures who shaped the island line the avenue the whole way down: colonial governors like Sir William Stevenson and Sir John Pope Hennessy, Queen Victoria, and the lawyer Sir William Newton, who helped democratise Mauritius's electoral system.","At the quayside end stands a bronze statue of Mahé de La Bourdonnais himself, cast by French sculptor A. Dumont and inaugurated on 30 August 1859 - it's since become one of the most recognised emblems of Port Louis.",,,,"Re-imported from sites.csv 2026-09-19 for the new-voice/multi-fact rewrite pass - was already promoted and live; original about_site_text/interesting_fact preserved as the starting point before rewrite. Rewritten 2026-09-19 to the blended second-person/sensory voice (see feedback_poi_narrative_voice_standard memory); existing fact split where the original text already carried more than one distinct nugget. Additional facts researched 2026-09-19 (real WebSearch pass, not restyle-only). User picked fact 1 during POI Reader review 2026-09-19; fact 2 cleared.",-20.1617613,57.5021551,promoted - already live in sites.csv,port-louis-place-d-armes.jpg,,,,,,,,,
Port Louis existing POIs (voice rewrite pass),2,Central Market Port Louis,history,"9 Corderie St, Port Louis, Mauritius",,,,"Step into the historic heart of Port Louis's daily life - a market that's been trading here, in one form or another, since 1828, moving to this site in 1833 and formally opening under British rule in 1839. Its wrought-iron gates, worked with floral motifs and dating from that same year, are one of the city's best-loved pieces of Victorian-era heritage; the building itself was heavily renovated between 2001 and 2004 after several fires, careful to keep its original character intact.","For nearly two centuries this market has been where all of Mauritius's communities meet and trade side by side - Creole, Franco-Mauritian, Indian, Chinese and African - and locals still often call it the Bazaar or Victoria Market rather than by its official name. A serious fire tore through the market in 1996, badly damaging the building - the renovation that followed, running 2001 to 2004, was as much about repairing that fire damage as modernising a market that was already over 150 years old.",,,,"Re-imported from sites.csv 2026-09-19 for the new-voice/multi-fact rewrite pass - was already promoted and live; original about_site_text/interesting_fact preserved as the starting point before rewrite. Rewritten 2026-09-19 to the blended second-person/sensory voice (see feedback_poi_narrative_voice_standard memory); existing fact split where the original text already carried more than one distinct nugget. Additional facts researched 2026-09-19 (real WebSearch pass, not restyle-only). User combined facts 1+2 into a single fact during POI Reader review 2026-09-19.",-20.1606919,57.5029509,promoted - already live in sites.csv,port-louis-central-market-port-louis.jpg,,,,,,,,,
Port Louis existing POIs (voice rewrite pass),2,Champ de Mars,history,"9 Dauphine St, Port Louis, Mauritius",,,,"This is the home of Champ de Mars Racecourse, inaugurated on 25 June 1812 by the Mauritius Turf Club - the oldest horseracing club in the Southern Hemisphere, and the second-oldest anywhere on Earth. Long before it hosted a single race, French governor Mahé de La Bourdonnais used this same ground to drill his troops.","The sport hasn't been free of its own scandals either: in 2024, jockey Alvinio Roy was handed a five-year disqualification after appearing to deliberately dismount from his leading horse mid-race here - a stark reminder that a 200-year-old institution still has very modern problems.",,,https://en.wikipedia.org/wiki/Champ_de_Mars_Racecourse,"Re-imported from sites.csv 2026-09-19 for the new-voice/multi-fact rewrite pass - was already promoted and live; original about_site_text/interesting_fact preserved as the starting point before rewrite. Rewritten 2026-09-19 to the blended second-person/sensory voice (see feedback_poi_narrative_voice_standard memory); existing fact split where the original text already carried more than one distinct nugget. Additional facts researched 2026-09-19 (real WebSearch pass, not restyle-only). User picked fact 3 during POI Reader review 2026-09-19; facts 1/2 cleared.",-20.1692212,57.5101827,promoted - already live in sites.csv,port-louis-champ-de-mars.jpg,,,,,,,,,
Port Louis existing POIs (voice rewrite pass),2,Citadelle (Fort Adelaide),building,"Sebastopol St, Port Louis, Mauritius",,,,"Climb the hill above Port Louis and this citadel - also known as Fort Adelaide - looms over the whole city, built by the British between 1830 and 1840 and named for Queen Adelaide, consort of King William IV. It went up to guard against invasion and to keep a lid on the racial tensions of the period, its basalt-stone walls raised over six years of construction using hundreds of Indian contractors.","For all its imposing walls, the fort was never actually used in combat - it survives today as the best-preserved of the major British fortresses ever built on the island. It wasn't built by any single, simple workforce either - it drew on Mauritian apprentices, Indian convicts and indentured labourers, masons brought over from Bombay, British soldiers and Royal Engineers all at once, and construction even stalled for almost three years partway through when the labour supply dried up.",,,,"Re-imported from sites.csv 2026-09-19 for the new-voice/multi-fact rewrite pass - was already promoted and live; original about_site_text/interesting_fact preserved as the starting point before rewrite. Rewritten 2026-09-19 to the blended second-person/sensory voice (see feedback_poi_narrative_voice_standard memory); existing fact split where the original text already carried more than one distinct nugget. Additional facts researched 2026-09-19 (real WebSearch pass, not restyle-only). User combined facts 1+2 into a single fact during POI Reader review 2026-09-19.",-20.1637146,57.5102772,promoted - already live in sites.csv,port-louis-citadelle-fort-adelaide.jpg,,,,,,,,,
Port Louis existing POIs (voice rewrite pass),2,Cannon Stand,history,"69 Emmanuel Anquetil St, Port Louis, Mauritius",,,,"Along the ramparts of Fort Adelaide, a row of cast-iron cannons still sits mounted on wooden carriages, aimed out over Port Louis harbour exactly as they were when the fort was finished. Built from black basalt in a Moorish style between 1830 and 1840, the fort itself was raised to guard against a feared French invasion and to help suppress local opposition to the abolition of slavery.","Despite bristling with cannons and room for a 200-strong garrison, the fort never saw combat - its guns went unfired, and today its ramparts are better known as one of the best viewpoints over Port Louis and the mountains around it.",,,,Re-imported from sites.csv 2026-09-19 for the new-voice/multi-fact rewrite pass - was already promoted and live; original about_site_text/interesting_fact preserved as the starting point before rewrite. Rewritten 2026-09-19 to the blended second-person/sensory voice (see feedback_poi_narrative_voice_standard memory); existing fact split where the original text already carried more than one distinct nugget.,-20.1633953,57.5097652,promoted - already live in sites.csv,port-louis-cannon-stand.jpg,,,,,,,,,
Port Louis existing POIs (voice rewrite pass),2,Blue Penny Museum,museum,"Caudan Waterfront, Port Louis, Mauritius",,,,"Step inside this museum on the Caudan Waterfront, dedicated to the history and art of Mauritius since it opened in November 2001, and you're standing feet away from two of the rarest stamps on Earth. Its centrepiece is a pair of 1847 ""Post Office"" stamps - the one-penny orange-red and two-pence blue - designed off the back of Britain's Penny Black and stamped with Queen Victoria's profile.","A consortium of Mauritian companies, led by the Mauritius Commercial Bank, paid $2,000,000 in 1993 just to bring the stamps home after almost 150 years abroad. To protect them from light damage, the real stamps are only illuminated for ten minutes on the quarter-past of every opening hour - the rest of the time, what you're looking at is a facsimile.",,,https://en.wikipedia.org/wiki/Blue_Penny_Museum,Re-imported from sites.csv 2026-09-19 for the new-voice/multi-fact rewrite pass - was already promoted and live; original about_site_text/interesting_fact preserved as the starting point before rewrite. Rewritten 2026-09-19 to the blended second-person/sensory voice (see feedback_poi_narrative_voice_standard memory); existing fact split where the original text already carried more than one distinct nugget. User combined facts 1+2 into a single fact during POI Reader review 2026-09-19.,-20.1609278,57.497513,promoted - already live in sites.csv,port-louis-blue-penny-museum.jpg,,,,,,,,,
Port Louis existing POIs (voice rewrite pass),2,Aapravasi Ghat World Heritage Site,history,"1 Quay St, Port Louis, Mauritius",,,,"You're standing at the place where the modern indentured-labour diaspora began - though the practice itself predates this exact building. The first 36 indentured labourers reached Mauritius on 2 November 1834 aboard the ship Atlas, which had left India that September; they landed near the old Customs House, just metres from where you're standing now, fifteen years before this purpose-built depot even existed. Built in 1849, the Aapravasi Ghat - literally the 'Immigration Depot' - became the main entry point for almost 500,000 indentured labourers brought to Mauritius between 1849 and 1923, mostly from India but also China, Africa, Madagascar and Southeast Asia, to work the island's sugar plantations after the abolition of slavery. New arrivals bathed after weeks at sea, were medically inspected and vaccinated against smallpox, had their contracts read aloud in their own language, and usually spent about two days here completing the paperwork before being sent out to sugar estates across the island. It's been a UNESCO World Heritage Site since 2006.","Roughly 70% of Mauritians today are descended from these indentured labourers - making this small 1,640 m² depot one of the most significant sites anywhere for understanding the roots of modern Mauritian society, and one of the earliest examples of a labour-migration system that would go on to reshape economies worldwide.",,,https://whc.unesco.org/en/list/1227/,"Re-imported from sites.csv 2026-09-19 for the new-voice/multi-fact rewrite pass - was already promoted and live; original about_site_text/interesting_fact preserved as the starting point before rewrite. Rewritten 2026-09-19 to the blended second-person/sensory voice (see feedback_poi_narrative_voice_standard memory); existing fact split where the original text already carried more than one distinct nugget. Additional facts researched 2026-09-19 (real WebSearch pass, not restyle-only). Description expanded 2026-09-19 with the Atlas ship arrival (2 Nov 1834, predating the depot building by 15 years) and depot processing routine (bathing, medical inspection, vaccination, contract reading, ~2-day stay) - WebSearch: lemauricien.com, Wikipedia Fatel Razack/Aapravasi Ghat, africanworldheritagesites.org. User picked fact 1, fact 2 cleared.",-20.158554,57.5029509,promoted - already live in sites.csv,port-louis-aapravasi-ghat-world-heritage-site.jpg,,,,,,,,,
Port Louis existing POIs (voice rewrite pass),2,Sir Sewoosagur Ramgoolam Statue,statue,"Port Louis, Mauritius",,,,"This statue at Caudan Waterfront honours Sir Seewoosagur Ramgoolam, the first Prime Minister of independent Mauritius - and his own story is as remarkable as the office he held. Born in 1900 at Belle Rive to an indentured labourer from India, he rose from a self-enrolled mission-school pupil to co-found the Mauritius Labour Party in 1936, campaigning for voting and workers' rights. He served as Mayor of Port Louis, then Chief Minister, then Premier, before leading Mauritius to independence on 12 March 1968 as its first Prime Minister.","As the first head of the independent government, Ramgoolam established free education, free healthcare and a national social security system - a legacy still marked every year on his birthday, 12 September, celebrated across the island as SSR's birth anniversary. His legacy isn't spotless, though: the 'Caisse Noire Affair,' a slush-fund scandal that rocked Air Mauritius for two decades, traced back to a request Ramgoolam made in 1981 for funds to prop up the Labour Party's own struggling newspaper - the secret Swiss bank account it created wasn't exposed until 2001, sixteen years after his death.",,,,"Re-imported from sites.csv 2026-09-19 for the new-voice/multi-fact rewrite pass - was already promoted and live; original about_site_text/interesting_fact preserved as the starting point before rewrite. Rewritten 2026-09-19 to the blended second-person/sensory voice (see feedback_poi_narrative_voice_standard memory); existing fact split where the original text already carried more than one distinct nugget. Additional facts researched 2026-09-19 (real WebSearch pass, not restyle-only). Photo re-composited 2026-09-19 (blur-pad, 1000x379) to fix top-of-frame crop - same bug/fix as project_port_louis_route memory. User combined facts 1+2 into one during POI Reader review.",-20.1607402,57.500884,promoted - already live in sites.csv,port-louis-ramgoolam-statue.jpg,,,,,,,,,
Port Louis existing POIs (voice rewrite pass),2,Port Louis Fire Station,building,"Maillard St, Port Louis, Mauritius",,,,"This is the Port Louis Fire and Rescue Service's main station, still a working municipal building - and the oldest fire station still in operation in Mauritius, housed in a handsome structure dating to 1906. It replaced an earlier station relocated from the port area in 1850, part of the city's long, hard-won response to the devastating fires of 1816 and 1892, back when most of Port Louis was still built from wood and straw.","In 1899, Merryweather built the world's first successful self-propelled steam fire engine, the ""Fire King"" - and the very first one off the production line was shipped straight to Port Louis, putting this small colonial fire station at the leading edge of firefighting technology for its era.",,,,"Re-imported from sites.csv 2026-09-19 for the new-voice/multi-fact rewrite pass - was already promoted and live; original about_site_text/interesting_fact preserved as the starting point before rewrite. Rewritten 2026-09-19 to the blended second-person/sensory voice (see feedback_poi_narrative_voice_standard memory); existing fact split where the original text already carried more than one distinct nugget. Additional facts researched 2026-09-19 (real WebSearch pass, not restyle-only). User picked fact 2 during POI Reader review 2026-09-19; fact 1 dropped.",-20.164693,57.504012,promoted - already live in sites.csv,port-louis-fire-station.jpg,,,,,,,,,
Port Louis existing POIs (voice rewrite pass),2,Café du Vieux Conseil,building,"Rue du Vieux Conseil, Port Louis, Mauritius",,,,"This is a restaurant, tucked among the historic government-quarter buildings near Government House on a street named simply 'Old Council Street.' Its real draw is the courtyard - veranda and timber kiosks shaded by large old trees, the kind of place where business people, diplomats and tourists in the know settle in for an unhurried meal off a menu that blends Mauritian, Indian and Italian dishes, often with live music drifting across the tables. It's been a quiet favourite of Port Louis's professional and diplomatic set for years, doubling as a venue for concerts, exhibitions and evening events when it's not simply full of people enjoying lunch.","The chef's specialty is a pancake served with either asparagus or thinly sliced smoked marlin - a small, telling sign of how thoroughly French, Indian and Mauritian culinary traditions blend together on a single menu here.",,,,"Re-imported from sites.csv 2026-09-19 for the new-voice/multi-fact rewrite pass - was already promoted and live; original about_site_text/interesting_fact preserved as the starting point before rewrite. Rewritten 2026-09-19 to the blended second-person/sensory voice (see feedback_poi_narrative_voice_standard memory); existing fact split where the original text already carried more than one distinct nugget. Description rewritten 2026-09-19 per user request - lead clearly with ""restaurant,"" weave in the courtyard/live-music atmosphere and its reputation as a long-time business/diplomatic/insider-tourist spot.",-20.1641494,57.5039678,promoted - already live in sites.csv,port-louis-cafe-du-vieux-conseil.jpg,,,,,,,,,
Port Louis existing POIs (voice rewrite pass),2,Port Louis Theatre,building,"Remy Ollier St & Jules Koenig St, Port Louis, Mauritius",,,,"This is the oldest theatre in the Indian Ocean region, and it's been putting on a show since 1822. Governor Robert Farquhar laid its first stone in 1820, architect Pierre Poujade built it in the style of a classic London playhouse, and the doors opened on 11 June 1822. Inside, three tiers of seating for around 600 people sit beneath an ornately painted dome of cherubs and chandeliers - for over a century, this was the island's only home for opera, drama and balls, until the Plaza Theatre opened in Rose Hill in 1933.","The theatre has closed its doors more than once over the centuries - shut for two years in the 1890s by a cyclone and a run of epidemics, then for seven years during the Second World War - but nothing compares to its most recent closure: it shut in 2008 for renovation and didn't reopen until 2025, seventeen years later.",,,,"Re-imported from sites.csv 2026-09-19 for the new-voice/multi-fact rewrite pass - was already promoted and live; original about_site_text/interesting_fact preserved as the starting point before rewrite. Rewritten 2026-09-19 to the blended second-person/sensory voice (see feedback_poi_narrative_voice_standard memory); existing fact split where the original text already carried more than one distinct nugget. Additional facts researched 2026-09-19 (real WebSearch pass, not restyle-only). User picked fact 2 during POI Reader review 2026-09-19; fact 1 dropped.",-20.1635722,57.5043847,promoted - already live in sites.csv,port-louis-port-louis-theatre.jpg,,,,,,,,,
Port Louis existing POIs (voice rewrite pass),2,Aurelie Perrine Passenger Terminal,building,"Port Louis, Mauritius",,,,"This is Port Louis's passenger ferry terminal, run by the Mauritius Ports Authority and operated by Mauritius Shipping Corporation under the Coraline service. From here, the ms Mauritius Trochetia sails several times a month to Rodrigues and Réunion, carrying both passengers and cargo - making this terminal the main sea link between mainland Mauritius and its outer islands. Rodrigues itself is a small autonomous island within the Republic of Mauritius, just 108 km² and home to around 44,000 people, most of Creole and African descent, governed from its own capital, Port Mathurin, by a locally elected Regional Assembly that's run the island's own affairs since it gained autonomy in 2002 - a genuinely distinct island community, not simply a satellite of the mainland. The terminal itself offers a canteen, money changer and duty-free shop for travellers waiting to board.","The crossing to Rodrigues, roughly 560km east across open ocean, takes about 36 hours outbound and around 24 hours coming back (longer in rough seas) - for most of the year, the Mauritius Trochetia is Rodrigues's lifeline for both people and freight, alongside its short air link.",,,,"Re-imported from sites.csv 2026-09-19 for the new-voice/multi-fact rewrite pass - was already promoted and live; original about_site_text/interesting_fact preserved as the starting point before rewrite. Rewritten 2026-09-19 to the blended second-person/sensory voice (see feedback_poi_narrative_voice_standard memory); existing fact split where the original text already carried more than one distinct nugget. Additional facts researched 2026-09-19 (real WebSearch pass, not restyle-only). User picked fact 1 during POI Reader review 2026-09-19; fact 2 cleared. Description expanded 2026-09-19 with context on Rodrigues itself (autonomous status since 2002, 108 km², ~44,000 population, Port Mathurin capital, Regional Assembly) - WebSearch: Wikipedia Rodrigues.",-20.155356,57.4982434,promoted - already live in sites.csv,port-louis-aurelie-perrine.jpg,,,,,,,,,
Port Louis existing POIs (voice rewrite pass),2,Eastern Roche Bois Cemetery,history,"Cemetery Rd, Port Louis, Mauritius",,,,"At the eastern edge of Port Louis, in the Roche Bois neighbourhood close to the docks, a dark basalt archway topped with a cross marks the entrance to this historic public cemetery. Rows of graves stretch back beneath the palms, generations of the city's residents laid to rest here - and the site is also formally recognised by the Commonwealth War Graves Commission for the burials it holds.","This isn't the only Commonwealth war cemetery in the city - Port Louis's Western Cemetery holds eight First World War graves and the New Western Cemetery two more, spread across three separate burial grounds rather than one central site.",,,,"Re-imported from sites.csv 2026-09-19 for the new-voice/multi-fact rewrite pass - was already promoted and live; original about_site_text/interesting_fact preserved as the starting point before rewrite. Rewritten 2026-09-19 to the blended second-person/sensory voice (see feedback_poi_narrative_voice_standard memory); existing fact split where the original text already carried more than one distinct nugget. Additional facts researched 2026-09-19 (real WebSearch pass, not restyle-only). User picked fact 2 during POI Reader review 2026-09-19; fact 1 dropped.",-20.1476739,57.5016246,promoted - already live in sites.csv,port-louis-eastern-roche-bois-cemetery.jpg,,,,,,,,,
Port Louis existing POIs (voice rewrite pass),2,Fort George,history,"Port Louis, Mauritius",,,,"This is the site of Fort George, the largest stone fortification ever built in Mauritius, guarding the northern entrance to Port Louis harbour. A fortification has stood here since Mahé de La Bourdonnais's time in 1730, but the British rebuilt it in earnest through the 19th century - naming it for King George III and IV - both to deter a French attack and to keep the island's slave-owning planters in check after the 1831 Mauritius Rebellion. By 1882 it carried a mix of upgraded Rifled Muzzle Loading guns, making it the most heavily armed post at the harbour mouth.","The crisis that built this fort was a genuine standoff: when word came in 1832 that slavery might be abolished without compensating owners, planters called it ""the signal of a civil war,"" formed an armed Volunteer corps of their own, and the government ordered every inhabitant to surrender their weapons to head off a possible uprising.",,,,"Re-imported from sites.csv 2026-09-19 for the new-voice/multi-fact rewrite pass - was already promoted and live; original about_site_text/interesting_fact preserved as the starting point before rewrite. Rewritten 2026-09-19 to the blended second-person/sensory voice (see feedback_poi_narrative_voice_standard memory). Additional facts researched 2026-09-19 (real WebSearch pass, not restyle-only). User picked fact 2 during POI Reader review 2026-09-19; fact 1 dropped.",-20.1472519,57.4913463,promoted - already live in sites.csv,port-louis-fort-george.jpg,,,,,,,,,
Port Louis existing POIs (voice rewrite pass),2,Christian Decotter Cruise Terminal,building,"Port Louis, Mauritius",,,,"This cruise-ship passenger terminal on the Port Louis waterfront at Les Salines carries the name of Christian Decotter, a Mauritian aviation and tourism figure who spent decades in commercial aviation and travel management with companies including Rogers and MTTB, and headed the Concorde travel agency from 1979. Renovated and reopened in 2008, the terminal was the first in the region able to berth the world's largest cruise ships - a 7,500-square-metre facility able to process up to 4,000 passengers at peak times across two access bridges, cementing Port Louis Harbour's role as the premier cruise hub of the Indian Ocean.","Decotter became the public face of Mauritian tourism policy in the 1990s: spokesperson for the PMSD party, then appointed Chairman of the Tourism Advisory Board in March 1995 under Minister Xavier-Luc Duval. Off duty he was a keen sportsman - a competitive volleyball and basketball player and multiple island tennis-tournament winner - before his death in July 2003.",,,,Re-imported from sites.csv 2026-09-19 for the new-voice/multi-fact rewrite pass - was already promoted and live; original about_site_text/interesting_fact preserved as the starting point before rewrite. Rewritten 2026-09-19 to the blended second-person/sensory voice (see feedback_poi_narrative_voice_standard memory). User combined facts 1+2 into a single fact during POI Reader review 2026-09-19.,-20.1564475,57.4921317,promoted - already live in sites.csv,port-louis-christian-decotter-cruise-terminal.jpg,,,,,,,,,
Port Louis existing POIs (voice rewrite pass),2,Pere Laval Church & Museum,religious_building,"27 Ste Croix Rd, Port Louis, Mauritius",,,,"This is a major Catholic pilgrimage shrine in the Sainte-Croix district, built around the tomb of Father Jacques-Désiré Laval - a French missionary priest and trained doctor who spent nearly 23 years ministering to Mauritius's recently freed slaves, credited with converting 67,000 people to Christianity. Known as the ""Apostle of Mauritius,"" he died on 9 September 1864, and more than thirty thousand mourners followed his casket to the tomb opposite the church where it still lies today. He was beatified by Pope John Paul II in 1979, and the site is often described as the Lourdes of the Indian Ocean, with numerous miracles attributed to pilgrims who've visited since.","Every 8 September, people set out from across Mauritius on foot for an overnight march to reach the shrine by his feast day on the 9th - tens of thousands of pilgrims of every faith, some travelling from as far as France, South Africa and Britain, gather to mark the anniversary of his death.",,,,"Re-imported from sites.csv 2026-09-19 for the new-voice/multi-fact rewrite pass - was already promoted and live; original about_site_text/interesting_fact preserved as the starting point before rewrite. Rewritten 2026-09-19 to the blended second-person/sensory voice (see feedback_poi_narrative_voice_standard memory). Additional facts researched 2026-09-19 (real WebSearch pass, not restyle-only). User picked fact 1 during POI Reader review 2026-09-19; facts 2/3 cleared.",-20.1481173,57.5291991,promoted - already live in sites.csv,port-louis-pere-laval-church.jpg,,,,,,,,,
Port Louis existing POIs (voice rewrite pass),2,Plateau,viewpoint,"Military Rd, Port Louis, Mauritius",,,,"Climb up to this elevated vantage point - Le Plateau - off Military Road, and the packed rooftops of the capital spread out below you, down to the harbour and the Indian Ocean beyond. The name reflects the area's own history: after repeated disasters down in Port Louis itself - the great fire of 1816, recurring malaria outbreaks, cyclones - much of the population moved up here, to this cooler, healthier central plateau, and many residents still live on these slopes today.","On a clear day the view stretches from the high-rise towers of the city centre, past the harbour's cranes and cargo ships, all the way out to open ocean - a single sightline over more than two centuries of Port Louis's growth from a fire-prone colonial port to a modern capital.",,,,Re-imported from sites.csv 2026-09-19 for the new-voice/multi-fact rewrite pass - was already promoted and live; original about_site_text/interesting_fact preserved as the starting point before rewrite. Rewritten 2026-09-19 to the blended second-person/sensory voice (see feedback_poi_narrative_voice_standard memory).,-20.1556021,57.5223588,promoted - already live in sites.csv,port-louis-plateau.jpg,,,,,,,,,
Port Louis existing POIs (voice rewrite pass),2,Viewpoint of Port-Louis,viewpoint,"Signal Mountain Road, Mauritius",,,,"Reach the summit of Signal Mountain - Montagne des Signaux, a 323-metre peak overlooking Port Louis - by the tarred road that makes it the easiest of the island's peaks to climb, on foot or by vehicle. The mountain takes its name from a French-era signal post once used to relay news of approaching ships to the harbour below, long since replaced by a modern antenna farm.","The signal station here dates to the French colonial period, when lookouts used flag signals from the summit to alert Port Louis merchants to incoming ships hours before they reached the harbour.",,,,Re-imported from sites.csv 2026-09-19 for the new-voice/multi-fact rewrite pass - was already promoted and live; original about_site_text/interesting_fact preserved as the starting point before rewrite. Rewritten 2026-09-19 to the blended second-person/sensory voice (see feedback_poi_narrative_voice_standard memory).,-20.1783,57.5010142,promoted - already live in sites.csv,port-louis-viewpoint.jpg,,,,,,,,,
Port Louis existing POIs (voice rewrite pass),2,Rajiv Gandhi Science Center,museum,"Old Moka Rd, Port Louis, Mauritius",,,,"This interactive science museum in Port Louis was built through Indian government assistance, aimed at kindling scientific curiosity among young Mauritians through hands-on exhibits, models and outreach programmes - supplementing formal school science education with lectures, seminars and public science fairs.","The centre traces back to a 1994 Trust Fund Act; its foundation stone was laid in 1995 in the presence of Sonia Gandhi, and it finally opened to the public on 30 November 2004, a full decade after the enabling legislation was passed.",,,,Re-imported from sites.csv 2026-09-19 for the new-voice/multi-fact rewrite pass - was already promoted and live; original about_site_text/interesting_fact preserved as the starting point before rewrite. Rewritten 2026-09-19 to the blended second-person/sensory voice (see feedback_poi_narrative_voice_standard memory).,-20.173252,57.4845504,promoted - already live in sites.csv,port-louis-rajiv-gandhi-science-centre.jpg,,,,,,,,,
Port Louis existing POIs (voice rewrite pass),2,La Tour Koenig,history,"Tour Koenig, Port Louis, Mauritius",,,,"This stone tower went up in the early 19th century, built by Henry Koenig - one of the founders of the Mauritius Commercial Bank - as a gift for his father, Jean Antoine Koenig, an immigrant from the small Bavarian town of Miltenberg am Main. It was never a functioning mill, despite the shape - homesickness for the towers lining his father's hometown riverfront, not any practical purpose, is what actually shaped its design. Standing about 17 metres tall in a Limousin stonework style unique on the island, it's now a national monument managed by the National Heritage Fund, within the grounds of the Nelson Mandela Cultural Centre.",The tower was left permanently unfinished after a worker fell to his death while placing its fifth carved stone coping - construction was never resumed.,,,,"Re-imported from sites.csv 2026-09-19 for the new-voice/multi-fact rewrite pass - was already promoted and live; original about_site_text/interesting_fact preserved as the starting point before rewrite. Rewritten 2026-09-19 to the blended second-person/sensory voice (see feedback_poi_narrative_voice_standard memory). Additional facts researched 2026-09-19 (real WebSearch pass, not restyle-only); best material woven into the description itself per user request, not just left as a bullet fact.",-20.1799149,57.4697973,promoted - already live in sites.csv,port-louis-la-tour-koenig.jpg,,,,,,,,,
Port Louis existing POIs (voice rewrite pass),2,Martello Tower,history,"Port Louis, Mauritius",,,,"This squat coastal defence tower was built by the British between 1832 and 1835, one of five raised around Mauritius after the 1810 conquest from France, amid fears of a French counter-attack. Its design copied the Torra di Mortella in Corsica, which had impressed British forces for its thick basalt walls, flat gun roof and self-contained garrison quarters. Restored in 1992 with funding from the Mauritian government and several foreign missions, it reopened as a museum in 2000 and is now a protected national heritage site.","Despite being purpose-built for war, none of Mauritius's Martello towers ever fired a shot in anger - they were rendered obsolete by advances in artillery before any French attack materialised.",,,,"Re-imported from sites.csv 2026-09-19 for the new-voice/multi-fact rewrite pass - was already promoted and live; original about_site_text/interesting_fact preserved as the starting point before rewrite. Rewritten 2026-09-19 to the blended second-person/sensory voice (see feedback_poi_narrative_voice_standard memory). Additional facts researched 2026-09-19 (real WebSearch pass, not restyle-only). Photo re-composited 2026-09-19 (blur-pad, 1000x379) to fix top crop - same bug/fix as project_port_louis_route memory. User picked fact 1, fact 2 cleared.",-20.1678097,57.4719236,promoted - already live in sites.csv,port-louis-martello-tower.jpg,,,,,,,,,
Port Louis existing POIs (voice rewrite pass),2,Memoire Des Naufrages Du Stargate,history,"Port Louis, Mauritius",,,,"This memorial remembers the ten people who died when the pleasure boat Stargate sank in rough seas near Baie-du-Tombeau, returning from a day trip to Île Plate off the north coast. Fourteen young holidaymakers and crew were aboard; only four survived. The tragedy led to manslaughter charges against the boat's owner, Donald Veerabadren, over the vessel's seaworthiness.","Among the ten who died was the boat's own skipper, Mamode Dowlut, alongside nine young passengers including Irsand Pokun, Israq Khodabux and Yashill Oozeer - names still listed on the memorial.",,,,Re-imported from sites.csv 2026-09-19 for the new-voice/multi-fact rewrite pass - was already promoted and live; original about_site_text/interesting_fact preserved as the starting point before rewrite. Rewritten 2026-09-19 to the blended second-person/sensory voice (see feedback_poi_narrative_voice_standard memory).,-20.1539415,57.4875709,promoted - already live in sites.csv,port-louis-memoire-des-naufrages-du-stargate.jpg,,,,,,,,,
Port Louis existing POIs (voice rewrite pass),2,Les Salines Garden,quirky,"Port Louis, Mauritius",,,,"This public garden in the Les Salines district takes its name from a saltworks founded on the site in 1726 by salt-worker Jean Dominique Michel de Caudan, during the era of Governor Mahé de La Bourdonnais - salt was a vital commodity then, used to preserve meat for ships' stores. Also known as Robert Edward Hart Garden, in honour of the ""prince of Mauritian poet-writers,"" who spent nearly two decades as librarian of the Mauritius Institute - succeeding his own father in the post - before retiring to a house he called La Nef, now a museum in his memory. It later became a pleasure ground and place of relaxation for Port Louis residents, and the district still holds Kwan Tee Pagoda, the oldest Chinese temple on the island, founded in 1842.","The salt pans that gave the district its name were founded in 1726 - more than a decade before Port Louis itself even became the island's capital, under Labourdonnais in the 1730s.",,,,"Re-imported from sites.csv 2026-09-19 for the new-voice/multi-fact rewrite pass - was already promoted and live; original about_site_text/interesting_fact preserved as the starting point before rewrite. Rewritten 2026-09-19 to the blended second-person/sensory voice (see feedback_poi_narrative_voice_standard memory). Additional facts researched 2026-09-19 (real WebSearch pass); best material woven into the description itself, not just left as a bullet fact. User picked fact 1 during POI Reader review 2026-09-19; fact 2 cleared.",-20.1605512,57.4894478,promoted - already live in sites.csv,port-louis-les-salines-garden.jpg,,,,,,,,,
Port Louis existing POIs (voice rewrite pass),2,Tortoise Park,quirky,"Port Louis, Mauritius",,,,"Step up to the low wall of this modest concrete-and-dirt enclosure, tucked right next to Les Salines park, and a handful of giant tortoises shuffle into view - a small city attraction rather than a sprawling nature reserve, and all the more charming for it. The tortoises here are Aldabra giants, imported from the Seychelles rather than native Mauritian stock; the island's own species, the Cylindraspis tortoises, were hunted to extinction by the 1830s, killed off by sailors who kept them alive on ships as portable, self-preserving meat for long voyages. These modern residents are living stand-ins for that lost history.","Bring a handful of fresh grass or leafy greens to the low wall and you'll see these supposedly sluggish animals do something unexpected - they'll genuinely hustle over for a snack, since the bare enclosure gives them nothing to forage for themselves.","Reach over gently and scratch one under the neck, and it will often lift its whole shell off the ground, stretch its neck right out, and freeze in what can only be described as an expression of total bliss.","Port Louis is the hottest, most humid spot in Mauritius, tucked behind a mountain range that blocks the trade winds - and in peak afternoon heat, the tortoises cope exactly like anyone would: piling into the shade and on top of each other rather than moving an inch.",,"Re-imported from sites.csv 2026-09-19 for the new-voice/multi-fact rewrite pass - was already promoted and live; original about_site_text/interesting_fact preserved as the starting point before rewrite. Rewritten 2026-09-19 to the blended second-person/sensory voice (see feedback_poi_narrative_voice_standard memory). Description and all 3 facts rewritten 2026-09-19 from user-supplied research (Google) - Aldabra tortoises vs extinct native Cylindraspis, feeding behaviour, neck-scratch response, Port Louis heat/humidity context. Not independently re-verified via WebSearch, taken as reliable per user.",-20.1592789,57.4878258,promoted - already live in sites.csv,port-louis-tortoise-park.jpg,,,,,,,,,
Port Louis existing POIs (voice rewrite pass),2,Lenin Statue Bust,statue,"Port Louis, Mauritius",,,,"A bronze bust of Vladimir Lenin stands in a small square in Port Louis - an unlikely sight on a tropical island tour. It commemorates the Soviet Union's early recognition of Mauritian independence: diplomatic relations between Mauritius and the USSR were established on 17 March 1968, just five days after the island itself became independent, and Cold War-era ties between the two countries ran deep for decades afterward, from technical aid to naval agreements. Lenin isn't the only Soviet-era face watching over Port Louis, either - a bust of the poet Alexander Pushkin, an exact copy of the one in St Petersburg's Square of Arts, stands in a separate public garden elsewhere in the city, a later gift from Russia continuing the same tradition.","The bust was installed in 1983 in what's known locally as Yuri Gagarin Square, named after the Soviet cosmonaut - a small cluster of Soviet-linked commemoration tucked into one corner of Port Louis.","Mauritius and the USSR established diplomatic relations on 17 March 1968 - just five days after Mauritius itself became independent, making the Soviet Union one of the very first countries to formally recognise the new nation.",,,"Re-imported from sites.csv 2026-09-19 for the new-voice/multi-fact rewrite pass - was already promoted and live; original about_site_text/interesting_fact preserved as the starting point before rewrite. Rewritten 2026-09-19 to the blended second-person/sensory voice (see feedback_poi_narrative_voice_standard memory). FLAG FOR USER: a 2026-09-19 WebSearch (Wikipedia list of Lenin sculptures) states this bust was installed in 1972, conflicting with the existing description/fact claim of 1983 (Yuri Gagarin Square) - not confident enough in either source to pick one, worth confirming on site via the plaque or a more authoritative source before promotion. Description expanded 2026-09-19 with diplomatic-relations timing (17 March 1968, 5 days after independence) and the related Pushkin bust elsewhere in Port Louis - WebSearch: Wikipedia List of sculptures of Vladimir Lenin, mid.ru (Russian embassy). Note: the 1972-vs-1983 installation date conflict flagged earlier remains unresolved - still not confident enough in either source to assert one.",-20.1594014,57.4890984,promoted - already live in sites.csv,port-louis-lenin-statue-bust.jpg,,,,,,,,,
Port Louis existing POIs (voice rewrite pass),2,Cimetiere de l'Ouest,history,"1 Cemetery Road, Port Louis, Mauritius",,,,"This is the Western Cemetery of Port Louis, established in 1771 after its predecessor near the Pouce stream was closed over fears of infection - it was originally known as the Cimetière du Fort Blanc, after a nearby fort. Its ornate Creole, French and British tombstones and mausoleums chart the island's colonial history, though the cemetery, expanded over time to 60,000 square metres, was still overwhelmed by the catastrophic 1865-67 malaria epidemic that killed roughly a third of Port Louis's population.","The 1867 epidemic was so catastrophic - killing an estimated 6,000 people in a single month in Port Louis alone - that this cemetery simply ran out of room. A brand new 162-hectare cemetery had to be built that same year just to cope with the dead, and at the time it opened as the largest cemetery anywhere in the Southern Hemisphere.",,,,"Re-imported from sites.csv 2026-09-19 for the new-voice/multi-fact rewrite pass - was already promoted and live; original about_site_text/interesting_fact preserved as the starting point before rewrite. Rewritten 2026-09-19 to the blended second-person/sensory voice (see feedback_poi_narrative_voice_standard memory). Additional facts researched 2026-09-19 (real WebSearch pass, not restyle-only). User picked fact 2 during POI Reader review 2026-09-19; fact 1 dropped.",-20.1599011,57.4864133,promoted - already live in sites.csv,port-louis-cimetiere-de-l-ouest.jpg,,,,,,,,,
Port Louis existing POIs (voice rewrite pass),2,1892 Hurricane Memorial,history,"Port Louis, Mauritius",,,,"This memorial remembers the catastrophic cyclone of 29 April 1892, which struck Mauritius with winds over 195 km/h and remains one of the deadliest tropical cyclones ever recorded in the Southern Hemisphere. Roughly a third of Port Louis was flattened, some 1,500 houses wrecked, 20,000 residents left homeless, and at least 596 people died in the city alone - out of about 1,200 deaths across the island.",The storm was powerful enough to snap the stone tomb-monument of Governor Malartic in Champ de Mars clean in two - a small but telling sign of just how violently the 1892 cyclone tore through the capital.,,,,"Re-imported from sites.csv 2026-09-19 for the new-voice/multi-fact rewrite pass - was already promoted and live; original about_site_text/interesting_fact preserved as the starting point before rewrite. Rewritten 2026-09-19 to the blended second-person/sensory voice (see feedback_poi_narrative_voice_standard memory). Additional facts researched 2026-09-19 (real WebSearch pass, not restyle-only). User picked fact 1 during POI Reader review 2026-09-19; fact 2 cleared.",-20.1587515,57.4871723,promoted - already live in sites.csv,port-louis-1892-hurricane-memorial.jpg,,,,,,,,,
Port Louis existing POIs (voice rewrite pass),2,Marina,building,"Port Louis, Mauritius",,,,"This working small-boat marina on the Port Louis waterfront - locally known as ""Bassin des Chaloupes,"" the basin of the whaleboats - was built as part of the Caudan Waterfront development that opened in 1996. It offers around 20 berths with power, water, showers and laundry facilities, depths shifting between roughly 2 and 4 metres at low tide, fishing boats and pleasure craft moored side by side beneath the backdrop of the Moka mountain range.","Port Louis is Mauritius's only official port of entry for yachts arriving from across the Indian Ocean - every visiting vessel must first clear Health, Immigration and Customs at the Customs Landing Steps in the main harbour before it's allowed to move here to the marina itself, and the commercial port only opens to arriving traffic between 6am and 6pm.",,,,Re-imported from sites.csv 2026-09-19 for the new-voice/multi-fact rewrite pass - was already promoted and live; original about_site_text/interesting_fact preserved as the starting point before rewrite. Rewritten 2026-09-19 to the blended second-person/sensory voice (see feedback_poi_narrative_voice_standard memory).,-20.1601104,57.4969383,promoted - already live in sites.csv,port-louis-marina.jpg,,,,,,,,,
Port Louis existing POIs (voice rewrite pass),2,Le Suffren Hotel & Marina,building,"Port Louis, Mauritius",,,,"This 4-star hotel on the Caudan Waterfront comes with its own marina, and carries the name of Pierre André de Suffren, the 18th-century French admiral who used Île de France - as Mauritius was then called - as his forward base while fighting the British for control of the Indian Ocean through the 1780s. Its nautical-themed rooms and harbour-facing terraces trade on that seafaring history right at the water's edge.","His own sailors nicknamed him ""Admiral Satan"" - Suffren was famously obese, wore rumpled food-stained clothes, and swore like the sailors he commanded rather than the aristocrat he was born as, yet it was exactly that unconventional style that helped him fight Britain's navy to a standstill across five brutal battles.",,,,"Re-imported from sites.csv 2026-09-19 for the new-voice/multi-fact rewrite pass - was already promoted and live; original about_site_text/interesting_fact preserved as the starting point before rewrite. Rewritten 2026-09-19 to the blended second-person/sensory voice (see feedback_poi_narrative_voice_standard memory). Additional facts researched 2026-09-19 (real WebSearch pass, not restyle-only). User picked fact 2 during POI Reader review 2026-09-19; fact 1 dropped.",-20.160376,57.495435,promoted - already live in sites.csv,port-louis-le-suffren-hotel-marina.jpg,,,,,,,,,
Port Louis existing POIs (voice rewrite pass),2,Meat Market,quirky,"Central Market, Port Louis, Mauritius",,,,"Step into the butchery section of Port Louis's Central Market, on this site since the market moved to La Corderie Street in 1833, inside a building whose gates and cast-iron colonial architecture were inaugurated by Governor Sir William Gomm in 1844. Physically separated from the market's adjoining fish and fresh-produce halls, it supplies much of the capital's daily cooking, its trade largely following halal practice in step with the sizeable Muslim community concentrated in this part of Port Louis. Trading starts well before dawn, with the busiest activity long over by the time most of the city's shops open for the day.","The oldest surviving building of Central Market dates to 1833 - meaning shoppers here are buying meat in a structure that predates the abolition of slavery in Mauritius (effective 1 February 1835, when 66,343 people were freed) by about two years.",,,,Re-imported from sites.csv 2026-09-19 for the new-voice/multi-fact rewrite pass - was already promoted and live; original about_site_text/interesting_fact preserved as the starting point before rewrite. Rewritten 2026-09-19 to the blended second-person/sensory voice (see feedback_poi_narrative_voice_standard memory).,-20.15959409788361,57.50236698857931,promoted - already live in sites.csv,port-louis-meat-market.jpg,,,,,,,,,
Port Louis existing POIs (voice rewrite pass),2,Fish Market,quirky,"Port Louis, Mauritius",,,,"Step into the fish and seafood section of Central Market Port Louis, opening from around 6am each day as fishermen bring in their catch from the Indian Ocean - octopus (fresh and dried), shark, wahoo, marlin, lobster and more. Unlike the fixed-price stalls elsewhere in the market, this section still runs on an auction system, fishmongers calling out and haggling over the price of each morning's catch in full view of shoppers - louder and livelier than anywhere else in the market complex.","The market's fish auctions happen daily at dawn, which means the liveliest trading here is often over before most tourists - and even most Port Louis office workers - have started their day.",,,,Re-imported from sites.csv 2026-09-19 for the new-voice/multi-fact rewrite pass - was already promoted and live; original about_site_text/interesting_fact preserved as the starting point before rewrite. Rewritten 2026-09-19 to the blended second-person/sensory voice (see feedback_poi_narrative_voice_standard memory).,-20.15935494797741,57.50255714681074,promoted - already live in sites.csv,port-louis-fish-market.jpg,,,,,,,,,
Port Louis existing POIs (voice rewrite pass),2,Rabita Hall,building,"28 Pope Hennessy St, Port Louis, Mauritius",,,,"This event and function hall sits in central Port Louis, on Pope Hennessy Street close to St James Cathedral, the Supreme Court and the passport office, run by the Muslim Educational Society - a community organisation founded in 1926 by Mawlana Abdullah Rashid Nawab. Alongside weddings, community gatherings and religious lectures, the hall anchors a wider network of educational and social programmes the Society runs across the capital.","Nawab wasn't originally meant to stay - he arrived in 1915 on a five-year contract as Imam of the Jummah Mosque, and chose to remain in Mauritius afterward specifically to build the educational institution that became the Muslim Educational Society, rather than return home.",,,,"Re-imported from sites.csv 2026-09-19 for the new-voice/multi-fact rewrite pass - was already promoted and live; original about_site_text/interesting_fact preserved as the starting point before rewrite. Rewritten 2026-09-19 to the blended second-person/sensory voice (see feedback_poi_narrative_voice_standard memory). Additional facts researched 2026-09-19 (real WebSearch pass, not restyle-only). User picked fact 2 during POI Reader review 2026-09-19; fact 1 dropped.",-20.1667938,57.5062056,promoted - already live in sites.csv,port-louis-rabita-hall.jpg,,,,,,,,,
Port Louis existing POIs (voice rewrite pass),2,Tombeau Malartic,history,"Port Louis, Mauritius",,,,"This obelisk-tomb stands in the grounds of Champ de Mars racecourse, raised in 1800 by the colonial administration for Anne Joseph Hippolyte de Maurès, Comte de Malartic, who governed the French territories east of the Cape of Good Hope from 1792 until his death in Port Louis on 28 July 1800. He was popular enough in office that the city's main street was later renamed Rue Malartic in his honour.","Malartic had already had a long career across the French empire before Mauritius - he served in Canada, arriving at Quebec in 1755, and later governed Guadeloupe, before finishing his career here. Despite his austere, reserved manner, he was so well-loved by the colony that people saw him less as a governor than as a father figure - and a town in Quebec, Malartic, still carries his name today.",,,,"Re-imported from sites.csv 2026-09-19 for the new-voice/multi-fact rewrite pass - was already promoted and live; original about_site_text/interesting_fact preserved as the starting point before rewrite. Rewritten 2026-09-19 to the blended second-person/sensory voice (see feedback_poi_narrative_voice_standard memory). Additional facts researched 2026-09-19 (real WebSearch pass, not restyle-only). Photo re-composited 2026-09-19 (blur-pad, 1000x379) to fix top crop. User picked fact 2, fact 1 dropped.",-20.1705861,57.5115532,promoted - already live in sites.csv,port-louis-tombeau-malartic.jpg,,,,,,,,,
Port Louis existing POIs (voice rewrite pass),2,Port Louis Gymkhana,building,"Frère Felix De Valois St, Port Louis, Mauritius",,,,"This social and sporting club sits in the British colonial ""gymkhana club"" tradition, part of a model the Empire exported across its colonies from Africa to the Caribbean and Asia. Its golf course, one of the oldest in the Southern Hemisphere, has hosted golf since 1844, when it began life as a service club for officers of the British Royal Navy stationed on the island.","The club's golf course has been played continuously since 1844, making it roughly contemporary with Port Louis's Central Market and one of the oldest sporting grounds anywhere in the Indian Ocean region.",,,,"Re-imported from sites.csv 2026-09-19 for the new-voice/multi-fact rewrite pass - was already promoted and live; original about_site_text/interesting_fact preserved as the starting point before rewrite. Rewritten 2026-09-19 to the blended second-person/sensory voice (see feedback_poi_narrative_voice_standard memory). Additional facts researched 2026-09-19 (real WebSearch pass, not restyle-only). User picked fact 1 during POI Reader review 2026-09-19; fact 2 cleared.",-20.1715418,57.5100317,promoted - already live in sites.csv,port-louis-gymkhana.jpg,,,,,,,,,
Port Louis existing POIs (voice rewrite pass),2,Tien Tan Chinese Pagoda,building,"Foot of Signal Mountain, near Chinatown, Port Louis, Mauritius",,,,"At the foot of Signal Mountain, on the edge of Port Louis's Chinatown, this Chinese Buddhist and Taoist temple went up in the 1960s as a scaled-down replica of Beijing's famous Temple of Heaven (Tian Tan), from which it takes its name - also written locally as Thien-Thane Pagode. A bright red staircase leads up to the temple against the green backdrop of the mountain.","Unlike most pagodas, which are filled with statues of deities, the inside of Tien Tan Pagoda is deliberately bare but for a single altar - visitors come to light incense and leave offerings beneath softly glowing lanterns rather than to view religious imagery, in keeping with its Taoist roots.",,,,"Re-imported from sites.csv 2026-09-19 for the new-voice/multi-fact rewrite pass - was already promoted and live; original about_site_text/interesting_fact preserved as the starting point before rewrite. Rewritten 2026-09-19 to the blended second-person/sensory voice (see feedback_poi_narrative_voice_standard memory). Photo re-composited 2026-09-19 (blur-pad, 1000x379) to fix bottom-of-frame crop (source photo had lots of sky at top, pagoda base was being cut off) - same bug/fix as project_port_louis_route memory.",-20.176171,57.507138999999995,promoted - already live in sites.csv,port-louis-tien-tan-pagoda.jpg,,,,,,,,,
Port Louis existing POIs (voice rewrite pass),2,La Butte Glissement de terrain,history,"Port Louis, Mauritius",,,,"This site marks La Butte, one of Port Louis's recognised landslide-risk zones, where steep basalt slopes and clay-rich soils have repeatedly given way after heavy rain or nearby construction work. The area has been monitored and studied by the municipality and engineering researchers for years, part of wider efforts to manage landslide hazards across the city.","In August 2017, excavation work for the Metro Express rail project triggered a landslide at La Butte that cracked a road, brought down a utility pylon and damaged nearby walls - a vivid, recent example of why the site is flagged as high-risk.",,,,Re-imported from sites.csv 2026-09-19 for the new-voice/multi-fact rewrite pass - was already promoted and live; original about_site_text/interesting_fact preserved as the starting point before rewrite. Rewritten 2026-09-19 to the blended second-person/sensory voice (see feedback_poi_narrative_voice_standard memory).,-20.1676602,57.4924214,promoted - already live in sites.csv,port-louis-la-butte-glissement-de-terrain.jpg,,,,,,,,,
Port Louis existing POIs (voice rewrite pass),2,Manga Street Murals,quirky,"Venpin Street, off Royal Road, Chinatown, Port Louis, Mauritius",,,,"Duck into the narrow passage off Royal Road that everyone in Chinatown just calls Manga Street, and the walls close in with colour - a girl with sea-green hair, a blue-haired swordsman mid-strike, a golden-haired heroine wreathed in mist, each panel painted floor to roof on old shopfront brick. Every figure here was put up for free in June 2020 by young volunteer artists working with the New Chinatown Foundation, on a stretch of Venpin Street that had sat abandoned for years - proof, as one of the organisers put it at the time, that young people still show up to volunteer for their own neighbourhood.","Many of the murals were painted to mark the 50th anniversary of diplomatic ties between Mauritius and China, turning a once-derelict back alley into one of the most photographed corners of Port Louis.",,,,"Re-imported from sites.csv 2026-09-19 for the new-voice/multi-fact rewrite pass - was already promoted and live; original about_site_text/interesting_fact preserved as the starting point before rewrite. Rewritten 2026-09-19 to the blended second-person/sensory voice (see feedback_poi_narrative_voice_standard memory). Updated 2026-09-20 per user request: relocated to Venpin Street (Manga Street) specifically, off Royal Road in Chinatown - confirmed via WebSearch (Le Mauricien, mauritiusnow.com) as a small alley revitalised by the New Chinatown Foundation starting June 2020, with murals of Dragon Ball/Naruto/One Punch Man-style anime characters. Added real fact 2 from a 2022 Le Mauricien article on the ""Manga Pop Art"" repaint controversy (volunteer artists felt their free work was being erased; foundation president Jean-Paul Lam clarified a 2-yearly refresh policy). Photo replaced with user-pasted mural photo (Sword Art Online-style characters), re-composited 2026-09-20 (blur-pad, 1000x379) since native ratio (~1.9:1) was narrower than the app's ~2.64:1 display box and would have clipped hair/legs on center-crop. Lat/long not independently re-geocoded to the exact alley pin - kept existing Chinatown-area coordinates, which sit ~220m south of the China Town North Gate POI and are consistent with Venpin Street being a small alley off Royal Road within that same block. Updated 2026-09-20: kept fact 1 only per user pick, cleared fact 2. Photo re-composited at 1.3x scale (blur-pad foreground enlarged from the raw source) per user request - mural now fills most of the frame with only ~30px blur padding per side, versus the original contain-fit version.",-20.1600031,57.507832,promoted - already live in sites.csv,port-louis-venpin-street-mural.jpg,,,,,,,,,
Port Louis existing POIs (voice rewrite pass),2,Square Khadafi,history,"51 Madad ul Islam St, Port Louis, Mauritius",,,,"This public square in Plaine Verte, Port Louis's Muslim quarter, is popularly known as Khadafi Square - after Libyan leader Muammar Gaddafi donated a statue of himself to the city here in the 1980s, reflecting Libyan-Mauritian ties of that era. The statue came down after Gaddafi's fall from power in 2011, but the square kept his name, and it remains a community gathering point for the neighbourhood.","The statue that gave the square its name outlasted Gaddafi's own rule by only months - it came down soon after his 2011 overthrow and death, yet locals still call the square by his name today.",,,,Re-imported from sites.csv 2026-09-19 for the new-voice/multi-fact rewrite pass - was already promoted and live; original about_site_text/interesting_fact preserved as the starting point before rewrite. Rewritten 2026-09-19 to the blended second-person/sensory voice (see feedback_poi_narrative_voice_standard memory).,-20.1589129,57.5114255,promoted - already live in sites.csv,port-louis-square-khadafi.jpg,,,,,,,,,
Port Louis existing POIs (voice rewrite pass),2,Old Ghoon Mazaar,religious_building,"47b Benares St, Port Louis, Mauritius",,,,"This mazaar - a shrine to a revered holy figure - stands on Benares Street in Plaine Verte, the historic Muslim quarter of Port Louis on the far side of the Citadelle hill. The district is the traditional home of the Ghoon (or Yamsé) festival, observed since 1790 by Mauritius's Shia Muslim minority to commemorate the martyrdom of Hussain, grandson of the Prophet Muhammad, during the Islamic month of Muharram.","This tradition hasn't always been safe to practice: during the 1850 Yamsé Ghoon Riots, the annual Muharram procession here was violently attacked by a mob of Creole ex-slaves, forcing marchers to abandon their ceremonial Ghoon structures and flee through the streets - several people died, and the police chief was heavily criticised for failing to intervene.",,,,"Re-imported from sites.csv 2026-09-19 for the new-voice/multi-fact rewrite pass - was already promoted and live; original about_site_text/interesting_fact preserved as the starting point before rewrite. Rewritten 2026-09-19 to the blended second-person/sensory voice (see feedback_poi_narrative_voice_standard memory). Additional facts researched 2026-09-19 (real WebSearch pass, not restyle-only). User picked fact 2 (1850 Yamsé Ghoon Riots) during POI Reader review 2026-09-20; moved to fact 1, original fact 1 cleared.",-20.1594574,57.514343,promoted - already live in sites.csv,,,,,,,,,,
Port Louis existing POIs (voice rewrite pass),2,Islamic Cultural Centre,building,"Port Louis, Mauritius",,,,"This community centre serves Port Louis's Muslim community, established in August 1987 to meet a long-felt need for a dedicated cultural institution, in line with the Mauritian government's policy of promoting the cultural heritage of all communities on the island. It was placed on a formal legal footing two years later through the Islamic Cultural Centre Trust Fund Act, proclaimed on 15 December 1989.","The Centre's founding legislation has been amended three times since 1989 - in 1991, 2000 and 2001 - reflecting how its role expanded over more than three decades.",,,,"Re-imported from sites.csv 2026-09-19 for the new-voice/multi-fact rewrite pass - was already promoted and live; original about_site_text/interesting_fact preserved as the starting point before rewrite. Rewritten 2026-09-19 to the blended second-person/sensory voice (see feedback_poi_narrative_voice_standard memory). Additional facts researched 2026-09-19 (real WebSearch pass, not restyle-only). User picked fact 1 during POI Reader review 2026-09-20; fact 2 cleared.",-20.1634853,57.5127263,promoted - already live in sites.csv,port-louis-islamic-cultural-centre.jpg,,,,,,,,,
Port Louis existing POIs (voice rewrite pass),2,FORENA (Fondation Ressources et Nature) - Endemic tree plantation,quirky,"Port Louis, Mauritius",,,,"Near the Citadelle (Fort Adelaide), this reforestation site is planted with endemic Mauritian species by FORENA, a local environmental NGO working to restore the island's native forest cover. The hill has suffered serious soil erosion linked to climate change, and FORENA's plan covers roughly 11-12 hectares of the Citadelle's slopes, part of a wider mission that has planted over 20,000 endemic trees and replanted more than 20 hectares across Mauritius.",FORENA's broader restoration work has earned it over 20 Bio ECOcert organic-farming certifications alongside its tree-planting - a sign the foundation pairs reforestation with sustainable agriculture training for local communities.,,,,Re-imported from sites.csv 2026-09-19 for the new-voice/multi-fact rewrite pass - was already promoted and live; original about_site_text/interesting_fact preserved as the starting point before rewrite. Rewritten 2026-09-19 to the blended second-person/sensory voice (see feedback_poi_narrative_voice_standard memory).,-20.1630374,57.5094557,promoted - already live in sites.csv,port-louis-forena.jpg,,,,,,,,,
Port Louis existing POIs (voice rewrite pass),2,Statue de Saint Louis,statue,"St. Louis Cathedral's Garden, Pope Hennessy St, Port Louis, Mauritius",,,,"A bronze statue of Saint Louis - King Louis IX of France, the cathedral and city's namesake saint - stands on a stepped stone pedestal in the peaceful courtyard and garden directly outside Saint Louis Cathedral, on Pope Hennessy and Bourbon Streets. It shares the square with a separate 18th-century heritage obelisk that once served as a water fountain, together forming a quiet corner right at the cathedral's front doors.","Louis IX is the only French king ever canonised a saint - he led two Crusades and died of dysentery outside Tunis in 1270. Mauritius's oldest cathedral, and the streets around this square, all carry his name because of that dedication.",,,,"Re-imported from sites.csv 2026-09-19 for the new-voice/multi-fact rewrite pass - was already promoted and live; original about_site_text/interesting_fact preserved as the starting point before rewrite. Rewritten 2026-09-19 to the blended second-person/sensory voice (see feedback_poi_narrative_voice_standard memory). Photo replaced 2026-09-20 with user-pasted photo (811x522). Re-composited (blur-pad, 1000x379) since native ratio was much narrower than the app's ~2.64:1 display box and would have decapitated/cropped the statue on center-crop.",-20.1650637,57.5059323,promoted - already live in sites.csv,port-louis-statue-de-saint-louis.jpg,,,,,,,,,
Port Louis existing POIs (voice rewrite pass),2,Photographic Museum Of Mauritius,museum,"Rue du Vieux Conseil, Port Louis, Mauritius",,,,"This museum of historic photography sits on Rue du Vieux Conseil, founded in 1966 by photographer Tristan Bréville and his wife to preserve the island's photographic memory going back to 1839. Housed in an 18th-century building that once belonged to French botanist and administrator Pierre Poivre, it holds over 50,000 old photographs of Mauritius, alongside a collection of historic cameras and equipment.","Among its collection is one of the rarest lenses in photographic history, made by Charles Chevalier for Jacques Daguerre - inventor of the daguerreotype - in 1834, just a few years before photography itself was publicly unveiled.",,,,"Re-imported from sites.csv 2026-09-19 for the new-voice/multi-fact rewrite pass - was already promoted and live; original about_site_text/interesting_fact preserved as the starting point before rewrite. Rewritten 2026-09-19 to the blended second-person/sensory voice (see feedback_poi_narrative_voice_standard memory). Additional facts researched 2026-09-19 (real WebSearch pass, not restyle-only). User picked fact 1 during POI Reader review 2026-09-20; fact 2 cleared.",-20.164162,57.50356,promoted - already live in sites.csv,port-louis-photographic-museum.jpg,,,,,,,,,
Port Louis existing POIs (voice rewrite pass),2,National Assembly of the Republic of Mauritius,building,"National Assembly, Intendance St, Port Louis, Mauritius",,,,"This is the seat of the Mauritian parliament, on Intendance Street, housed in the historic New Treasury Building next to Government House - itself the oldest building in the capital, dating to 1738 when Governor Mahé de La Bourdonnais rebuilt it in stone. The Legislative Council has met on this site since 1875, a lineage that runs directly through to today's democratically elected National Assembly.","Lawmakers have been meeting on this exact site since 1875 - nearly 150 years of continuous legislative history, spanning French colonial rule, the British Empire and an independent Mauritius.",,,,"Re-imported from sites.csv 2026-09-19 for the new-voice/multi-fact rewrite pass - was already promoted and live; original about_site_text/interesting_fact preserved as the starting point before rewrite. Rewritten 2026-09-19 to the blended second-person/sensory voice (see feedback_poi_narrative_voice_standard memory). Additional facts researched 2026-09-19 (real WebSearch pass, not restyle-only). User picked fact 1 during POI Reader review 2026-09-20; facts 2 and 3 cleared.",-20.1630085,57.5033735,promoted - already live in sites.csv,port-louis-national-assembly.jpg,,,,,,,,,
Port Louis existing POIs (voice rewrite pass),2,Natural History Museum,museum,"Port Louis, Mauritius",,,,"This is the Mauritius Institute's Natural History Museum, on the ground floor of a National Heritage building constructed between 1880 and 1884 and modelled partly on Sri Lanka's Colombo Museum. Its collections trace back to 1826, when naturalists Julien Desjardins and Louis Bouton first proposed a museum to the governor - the resulting Desjardins Museum opened in 1842, decades before the current building existed, and the institution was declared a National Museum in 2000.","The museum's most complete dodo skeleton wasn't unearthed until 1904, discovered by a Port Louis barber named Étienne Thirioux, whose amateur fossil-hunting turned up two near-complete dodo skeletons - the finer one stayed here in Mauritius, the other ended up in a museum in Durban, South Africa. Remarkably, his discoveries went almost unrecognised by scientists for decades and were never properly described in scientific literature until long after his death.",,,,"Re-imported from sites.csv 2026-09-19 for the new-voice/multi-fact rewrite pass - was already promoted and live; original about_site_text/interesting_fact preserved as the starting point before rewrite. Rewritten 2026-09-19 to the blended second-person/sensory voice (see feedback_poi_narrative_voice_standard memory). Additional facts researched 2026-09-19 (real WebSearch pass, not restyle-only). User combined facts 1 and 2 during POI Reader review 2026-09-20 into a single fact 1.",-20.1632341,57.5023736,promoted - already live in sites.csv,port-louis-natural-history-museum.jpg,,,,,,,,,
Port Louis existing POIs (voice rewrite pass),2,Église Adventiste Du Septième Jour Port-Louis,religious_building,"St Louis St, Port Louis, Mauritius",,,,"This Seventh-day Adventist congregation sits on St Louis Street, part of a Protestant denomination formally organised in 1863 out of mid-19th-century Christian eschatological movements. Distinctively, Adventists worship on Saturdays rather than Sundays, and the congregation here is active locally in health, education and humanitarian work, alongside the denomination's wider emphasis on Biblical authority.","The faith arrived in Mauritius in 1912, when a local woman named Rosina Le Même returned from Europe and began spreading the Adventist message - by 1958 the young Mauritius Mission already had fifteen churches and around 1,300 members across the island.",,,,"Re-imported from sites.csv 2026-09-19 for the new-voice/multi-fact rewrite pass - was already promoted and live; original about_site_text/interesting_fact preserved as the starting point before rewrite. Rewritten 2026-09-19 to the blended second-person/sensory voice (see feedback_poi_narrative_voice_standard memory). Additional facts researched 2026-09-19 (real WebSearch pass, not restyle-only).",-20.1659055,57.5016627,promoted - already live in sites.csv,,,,,,,,,,
Port Louis existing POIs (voice rewrite pass),2,La Galerie du Génie,building,"6 Edith Cavell St, Port Louis, Mauritius",,,,"This 602-square-metre exhibition and events space sits on Edith Cavell Street, inside an 18th-century building originally known as the Hôtel du Génie. It now hosts art exhibitions, markets and concerts as part of EDITH, a cultural venue aiming to make the space Port Louis's community meeting point for the local arts scene.","The building once stored the survey maps of Jean Baptiste Lislet Geoffroy, the island's pioneering 18th-century hydrographic engineer - the son of a French engineer and Niama, an enslaved Senegalese princess, who wasn't legitimised by his father until he was 38. Despite that start, he became one of the era's most respected cartographers, elected to the French Academy of Sciences in 1786 - an extraordinary achievement for a mixed-race man born into slavery - making today's contemporary-art space the former archive of some of Mauritius's earliest scientific cartography.",,,,"Re-imported from sites.csv 2026-09-19 for the new-voice/multi-fact rewrite pass - was already promoted and live; original about_site_text/interesting_fact preserved as the starting point before rewrite. Rewritten 2026-09-19 to the blended second-person/sensory voice (see feedback_poi_narrative_voice_standard memory). Additional facts researched 2026-09-19 (real WebSearch pass, not restyle-only). User combined facts 1 and 2 during POI Reader review 2026-09-20 into a single fact 1.",-20.164012,57.4995742,promoted - already live in sites.csv,port-louis-la-galerie-du-genie.jpg,,,,,,,,,
Port Louis existing POIs (voice rewrite pass),2,The Bank of Mauritius Museum,museum,"Sir William Newton St, Port Louis, Mauritius",,,,"This museum on the history of currency in Mauritius is run by the country's central bank inside its original premises on Sir William Newton Street. It opened on 3 March 2018, marking the 50th anniversary of both the Bank of Mauritius and Mauritian independence, and displays around 500 artefacts spanning from the 12th-century Arab period through to the present, drawn together with contributions from the MCB Group, HSBC Mauritius, the Royal Mint and banknote maker Thomas De La Rue.","Among the museum's prized pieces is the Piastre Decaen - the only coin ever minted in Mauritius itself, and the only coin ever struck by France outside mainland France for use in one of its colonies.",,,,"Re-imported from sites.csv 2026-09-19 for the new-voice/multi-fact rewrite pass - was already promoted and live; original about_site_text/interesting_fact preserved as the starting point before rewrite. Rewritten 2026-09-19 to the blended second-person/sensory voice (see feedback_poi_narrative_voice_standard memory). Additional facts researched 2026-09-19 (real WebSearch pass, not restyle-only). User picked fact 1 during POI Reader review 2026-09-20; fact 2 cleared.",-20.1619686,57.5034549,promoted - already live in sites.csv,port-louis-bank-of-mauritius-museum.jpg,,,,,,,,,
Port Louis existing POIs (voice rewrite pass),2,Queen Victoria Statue,statue,"Royal Rd, Port Louis, Mauritius",,,,"This statue of Queen Victoria stands at Place d'Armes in front of Government House, erected in 1897 during the height of the British colonial era on the island. Its inscription reads ""To the memory of beloved and much regretted Queen Victoria Empress of India - the Inhabitants of Mauritius"", a formal show of affection colonial-era Mauritius expressed toward the monarch.","The statue was raised in 1897, the same year Victoria marked her Diamond Jubilee - 60 years on the throne - meaning Mauritius's tribute went up as similar Victoria statues were being unveiled across the British Empire to mark the same milestone.",,,,"Re-imported from sites.csv 2026-09-19 for the new-voice/multi-fact rewrite pass - was already promoted and live; original about_site_text/interesting_fact preserved as the starting point before rewrite. Rewritten 2026-09-19 to the blended second-person/sensory voice (see feedback_poi_narrative_voice_standard memory). Photo re-composited 2026-09-20 (blur-pad, 1000x379) to fix top-of-frame crop (source photo was narrower than the app's ~2.64:1 display box, cropping the crown) - same bug/fix as project_port_louis_route memory.",-20.1624886,57.502831,promoted - already live in sites.csv,port-louis-queen-victoria-statue.jpg,,,,,,,,,
Port Louis existing POIs (voice rewrite pass),2,Statue of William Newton,statue,"Royal Rd, Port Louis, Mauritius",,,,"This statue honours Sir William Newton (1842-1915), a Mauritian lawyer of mixed Indo-Mauritian and Scottish descent who led the reformist movement launched in 1882 demanding an elected element in the colonial Legislative Council. His campaigning under the administration of Governor Sir John Pope Hennessy helped bring about the Constitutional Reform of 1885, which for the first time let Indo-Mauritians and other non-white islanders elect their own representatives.","The Constitution Newton helped win came into force on 20 October 1885 - the first time in Mauritian history that non-white islanders could vote for their own representatives in the colonial legislature. Newton himself embodied the divide he fought to close: born in 1842 to an Indo-Mauritian mother and a Scottish father, he belonged to the island's ""Gens de couleur"" community that colonial law treated as second-class. He won a British scholarship to study law in England, came home to practise as a barrister, and led the Reform Party he founded for thirty years, right up until his death in 1915.",,,,"Re-imported from sites.csv 2026-09-19 for the new-voice/multi-fact rewrite pass - was already promoted and live; original about_site_text/interesting_fact preserved as the starting point before rewrite. Rewritten 2026-09-19 to the blended second-person/sensory voice (see feedback_poi_narrative_voice_standard memory). Additional facts researched 2026-09-19 (real WebSearch pass, not restyle-only). Photo re-composited 2026-09-20 (blur-pad, 1000x379) to fix crop (source photo narrower than the app's ~2.64:1 display box). User combined facts 1 and 2 during POI Reader review 2026-09-20 into a single fact 1.",-20.162442,57.5026104,promoted - already live in sites.csv,port-louis-william-newton-statue.jpg,,,,,,,,,
Port Louis existing POIs (voice rewrite pass),2,Statue of Sir John Pope Hennessy,statue,"Royal Rd, Port Louis, Mauritius",,,,"This statue honours Sir John Pope Hennessy, an Irish-born colonial administrator who served as Governor of Mauritius from 1883 to 1889. Regarded as a progressive and liberal governor by the standards of his time, his administration presided over the reformist movement that produced the 1885 Constitutional Reform, extending the vote to Indo-Mauritian and other non-white islanders for the first time.","Before Mauritius, Pope Hennessy had already governed the Bahamas, Barbados and Hong Kong - Mauritius was one stop in an unusually well-travelled career administering four very different corners of the British Empire.",,,,"Re-imported from sites.csv 2026-09-19 for the new-voice/multi-fact rewrite pass - was already promoted and live; original about_site_text/interesting_fact preserved as the starting point before rewrite. Rewritten 2026-09-19 to the blended second-person/sensory voice (see feedback_poi_narrative_voice_standard memory). Additional facts researched 2026-09-19 (real WebSearch pass, not restyle-only). Photo re-composited 2026-09-20 (blur-pad, 1000x379) to fix crop (source photo narrower than the app's ~2.64:1 display box). User picked fact 1 during POI Reader review 2026-09-20; fact 2 cleared.",-20.1623196,57.5027475,promoted - already live in sites.csv,port-louis-john-pope-hennessy-statue.jpg,,,,,,,,,
Port Louis existing POIs (voice rewrite pass),2,China Town South Gate,quirky,"48 Royal Rd, Port Louis, Mauritius",,,,"This is one of the ornamental Friendship Gates marking the entrance to Port Louis's Chinatown on Royal Road, one of the oldest Chinatowns in Africa. The gates were a gift from Foshan, in Guangdong province, Port Louis's twin city in China, symbolising the long-standing links between the two places and the wider friendship between Mauritius and China.","Chinatown's roots reach back to the 1780s, when the first Chinese migrants arrived in Port Louis from Guangzhou aboard British, French and Danish ships - making it one of the oldest continuously inhabited Chinese communities anywhere in Africa.",,,,Re-imported from sites.csv 2026-09-19 for the new-voice/multi-fact rewrite pass - was already promoted and live; original about_site_text/interesting_fact preserved as the starting point before rewrite. Rewritten 2026-09-19 to the blended second-person/sensory voice (see feedback_poi_narrative_voice_standard memory).,-20.1595616,57.5056429,promoted - already live in sites.csv,port-louis-china-town-gate.jpg,,,,,,,,,
Port Louis existing POIs (voice rewrite pass),2,Intercontinental Slavery Museum,museum,"Port Louis, Mauritius",,,,"This museum documents the history of slavery and indentured labour in the Indian Ocean, opened on 4 September 2023 inside Port Louis's former military hospital - the oldest building in the city, constructed between 1736 and 1740 under Governor Mahé de La Bourdonnais, reportedly by enslaved labour. Its exhibits include objects unearthed from the old slave cemetery at Albion during 2021-22 excavations, alongside 63 ethnographic plaster busts cast in 1846 from the faces of enslaved people from Mauritius, Tanzania and the Comoros.","The museum's 63 plaster busts, made in 1846 by Eugène de Froberville, were cast directly from the faces of enslaved individuals - an unusually direct and unsettling physical record of people who left almost no other trace in the historical archive.",,,,"Re-imported from sites.csv 2026-09-19 for the new-voice/multi-fact rewrite pass - was already promoted and live; original about_site_text/interesting_fact preserved as the starting point before rewrite. Rewritten 2026-09-19 to the blended second-person/sensory voice (see feedback_poi_narrative_voice_standard memory). Additional facts researched 2026-09-19 (real WebSearch pass, not restyle-only). User picked fact 1 during POI Reader review 2026-09-20; fact 2 cleared.",-20.1590301,57.5021829,promoted - already live in sites.csv,port-louis-intercontinental-slavery-museum.jpg,,,,,,,,,
Port Louis existing POIs (voice rewrite pass),2,Mauritius Postal Museum,museum,"Port Louis Waterfront, Trunk Road, Port Louis, Mauritius",,,,"This museum traces the island's postal history, housed in a mid-Victorian building on the waterfront built between 1865 and 1870 and listed as a national monument since 1958. It served as Mauritius's main post office from December 1870 (gaining the Central Telegraph Office in 1877) before being converted into a museum in 2008, covering postal services from the Dutch and French periods through British rule.","Mauritius's famous 1847 ""Post Office"" stamps - the Penny Red and Two Pence Blue - stayed completely unknown to collectors until 1864, when a Bordeaux merchant's wife found copies tucked away in her husband's old papers. The single surviving envelope bearing both stamps together, the ""Bordeaux Cover,"" later sold at a 1993 Zurich auction for 5.75 million Swiss francs - about $4 million, the highest price ever paid for a philatelic item at the time.",,,,"Re-imported from sites.csv 2026-09-19 for the new-voice/multi-fact rewrite pass - was already promoted and live; original about_site_text/interesting_fact preserved as the starting point before rewrite. Rewritten 2026-09-19 to the blended second-person/sensory voice (see feedback_poi_narrative_voice_standard memory). Additional facts researched 2026-09-19 (real WebSearch pass, not restyle-only). User picked fact 3 during POI Reader review 2026-09-20, but it referenced ""the stamps"" assuming facts 1/2 had already been read - rewritten standalone to name the 1847 Penny Red/Two Pence Blue stamps directly, then moved to fact 1. Facts 2 and 3 cleared.",-20.1599754,57.5016688,promoted - already live in sites.csv,port-louis-postal-museum.jpg,,,,,,,,,
Port Louis existing POIs (voice rewrite pass),2,Alte Windmühle (Windmill Museum),museum,"Waterfront Underpass, Port Louis, Mauritius",,,,"This is Port Louis's historic waterfront windmill, built in 1736 to grind flour for dockworkers in the harbour - a French-style mill with four sails and a pointed cap. After the British took the island in 1810 it was repurposed as a signal tower, then abandoned for much of the 20th century before being restored to full working order in 1998 with help from the French windmill association ARAM. It has operated as a small museum around the restored mill since 1999.","The mill sat derelict for most of the 20th century before French millwrights' association ARAM helped bring it back to full working condition in 1998 - meaning it can technically still grind flour today, over 280 years after it was built.",,,,Re-imported from sites.csv 2026-09-19 for the new-voice/multi-fact rewrite pass - was already promoted and live; original about_site_text/interesting_fact preserved as the starting point before rewrite. Rewritten 2026-09-19 to the blended second-person/sensory voice (see feedback_poi_narrative_voice_standard memory).,-20.1594586,57.5011402,promoted - already live in sites.csv,port-louis-alte-windmuhle.jpg,,,,,,,,,
Port Louis existing POIs (voice rewrite pass),2,SBM Fountain,quirky,"Quay St, Port Louis, Mauritius",,,,"This dancing fountain on the Port Louis waterfront was donated by the State Bank of Mauritius as part of a revamp of the waterfront masterminded by developer Landscope Mauritius. Lit and choreographed to music in the evenings, it was conceived as a symbol of unity and harmony among Mauritius's diverse communities.",,"The bank behind this fountain, the State Bank of Mauritius, was only created in 1973 - but Mauritius's first bank of any kind dates back much further, to 1814, though that original institution didn't last long.",,,"Re-imported from sites.csv 2026-09-19 for the new-voice/multi-fact rewrite pass - was already promoted and live; original about_site_text/interesting_fact preserved as the starting point before rewrite. Rewritten 2026-09-19 to the blended second-person/sensory voice (see feedback_poi_narrative_voice_standard memory). Additional facts researched 2026-09-19 (real WebSearch pass, not restyle-only).",-20.1603956,57.5005954,promoted - already live in sites.csv,port-louis-sbm-fountain.jpg,,,,,,,,,
Port Louis existing POIs (voice rewrite pass),2,SAJ Statue,statue,"Quay St, Port Louis, Mauritius",,,,"This bronze statue of Sir Anerood Jugnauth (""SAJ"") was unveiled at the Port Louis Waterfront on 15 June 2024, honouring the former Prime Minister and President who dominated Mauritian politics for decades. It stands beside an earlier statue of Sir Seewoosagur Ramgoolam, placing two of independent Mauritius's most prominent leaders side by side on the same esplanade.","At 3.6 metres tall, the SAJ statue was built about 30 centimetres taller than the neighbouring Ramgoolam statue, and its Rs 13.5 million cost and sculptor Devanand Bungshee's likeness both drew public criticism at the time of unveiling.",,,,"Re-imported from sites.csv 2026-09-19 for the new-voice/multi-fact rewrite pass - was already promoted and live; original about_site_text/interesting_fact preserved as the starting point before rewrite. Rewritten 2026-09-19 to the blended second-person/sensory voice (see feedback_poi_narrative_voice_standard memory). Additional facts researched 2026-09-19 (real WebSearch pass, not restyle-only). Photo re-composited 2026-09-20 (blur-pad, 1000x379) to fix crop (source photo narrower than the app's ~2.64:1 display box). User picked fact 1 during POI Reader review 2026-09-20; fact 2 cleared.",-20.1606836,57.5009595,promoted - already live in sites.csv,port-louis-saj-statue.jpg,,,,,,,,,
Port Louis existing POIs (voice rewrite pass),2,Bust of Queen Victoria,statue,"Le Caudan Waterfront, Port Louis, Mauritius",,,,"Tucked into the shopping arcade at Le Caudan Waterfront, this granite bust of Queen Victoria stands framed by palms and colonnaded balconies, a stone's throw from the harbour that gives the waterfront its name. It's a separate tribute from the full-length Queen Victoria Statue at Place d'Armes in front of Government House (erected 1897) - this one keeping watch over cafes and shopfronts rather than a government square, a quieter reminder of the same colonial-era habit of memorialising the monarch across Mauritius.",,,,,"Re-imported from sites.csv 2026-09-19 for the new-voice/multi-fact rewrite pass - was already promoted and live; original about_site_text/interesting_fact preserved as the starting point before rewrite. Rewritten 2026-09-19 to the blended second-person/sensory voice (see feedback_poi_narrative_voice_standard memory). Updated 2026-09-20 per user request: description was too vague on location - pinned to Le Caudan Waterfront specifically (confirmed via the user's pasted photo showing the Caudan shopping arcade/Giordano storefront and matching the existing lat/long, which sit west of the Place d'Armes statue). Could not independently source a sculptor, exact erection date or dedication history for this specific bust beyond its Caudan location - flagging as thin-sourced rather than inventing detail. Photo replaced with user-pasted photo (844x497), re-composited (blur-pad, 1000x379) since native ratio was narrower than the app's ~2.64:1 display box.",-20.1631999,57.4984905,promoted - already live in sites.csv,port-louis-bust-of-queen-victoria.jpg,,,,,,,,,
Port Louis existing POIs (voice rewrite pass),2,Victoria Metro Station,building,"Place Victoria Bus Terminal, Port Louis, Mauritius",,,,"This is the starting terminus of the Metro Express, Mauritius's modern light-rail network, at the Place Victoria transport hub in central Port Louis. Phase 1 opened here on 3 October 2019, running just as far as Rose Hill Central - today the line runs the full length of the island's central plateau, all the way from this Port Louis terminus to Curepipe (completed October 2022), with a branch peeling off at Rose Hill to reach the University of Mauritius at Réduit. The station connects seamlessly to buses, taxis and a pedestrian bridge to Caudan Waterfront.","Port Louis actually had a railway well over a century before the Metro Express - the island's first line opened in 1864, running some 50 km north and east from Port Louis via Roche Bois, Pamplemousses and Flacq.",,,,"Re-imported from sites.csv 2026-09-19 for the new-voice/multi-fact rewrite pass - was already promoted and live; original about_site_text/interesting_fact preserved as the starting point before rewrite. Rewritten 2026-09-19 to the blended second-person/sensory voice (see feedback_poi_narrative_voice_standard memory). Researched 2026-09-19: found real, recent fatal Metro Express accident reports naming specific victims - deliberately not used as a tour fact, felt inappropriate/insensitive to cite named accident deaths of real recently-deceased people in casual tour commentary. Additional facts researched 2026-09-19 (real WebSearch pass, not restyle-only). User picked fact 1 during POI Reader review 2026-09-20; fact 2 cleared. Description updated per user request to explain the tram's current full route (Port Louis to Curepipe, plus the Rose Hill-Reduit branch), not just the original 2019 Phase 1 stretch - confirmed via WebSearch (Wikipedia/Systra/Railway News) that the line reached full completion to Curepipe by October 2022.",-20.1626232,57.4980481,promoted - already live in sites.csv,port-louis-victoria-metro-station.jpg,,,,,,,,,
Port Louis existing POIs (voice rewrite pass),2,Caudan Arts Centre,building,"Caudan Waterfront, Port Louis, Mauritius",,,,"This performing-arts venue at Caudan Waterfront was built on what was once a car park, inaugurated in December 2018 as the first new theatre built in Mauritius in nearly a century. Its 431-seat auditorium, designed by architect Maurice Giraud and Didier Ho Architecture with acoustics engineering by Arup, hosts drama, music and dance, alongside a restaurant, bars, a conference room and exhibition space.","Before this venue opened in 2018, Mauritius had gone almost 100 years without a purpose-built theatre - making the Caudan Arts Centre the first new stage of its kind on the island in nearly a century.",,,,"Re-imported from sites.csv 2026-09-19 for the new-voice/multi-fact rewrite pass - was already promoted and live; original about_site_text/interesting_fact preserved as the starting point before rewrite. Rewritten 2026-09-19 to the blended second-person/sensory voice (see feedback_poi_narrative_voice_standard memory). Additional facts researched 2026-09-19 (real WebSearch pass); best material woven into the description itself, not just left as a bullet fact. User picked fact 1 during POI Reader review 2026-09-20; fact 2 cleared.",-20.1619747,57.4983684,promoted - already live in sites.csv,port-louis-caudan-arts-centre.jpg,,,,,,,,,
Port Louis existing POIs (voice rewrite pass),2,MCine Port-Louis Waterfront,building,"Caudan Waterfront, Port Louis, Mauritius",,,,"This multiplex cinema at Caudan Waterfront has three screens seating around 550 people, screening a mix of Hollywood and Bollywood releases with 7.1 Dolby Digital sound. It shares the harbour-front entertainment strip with a second cinema, Star Caudan, making Caudan Waterfront the main hub for film-going in Port Louis.",,,,,"Re-imported from sites.csv 2026-09-19 for the new-voice/multi-fact rewrite pass - was already promoted and live; original about_site_text/interesting_fact preserved as the starting point before rewrite. Rewritten 2026-09-19 to the blended second-person/sensory voice (see feedback_poi_narrative_voice_standard memory). User dropped this POI during POI Reader review 2026-09-20 - marked verdict=drop, not deleted from CSV. Was already live in sites.csv as a duplicate-in-progress row; needs removal from sites.csv when this batch is promoted, not carried forward.",-20.1612261,57.4994466,promoted - already live in sites.csv,,drop,,,,,,,,
Port Louis existing POIs (voice rewrite pass),2,Port Louis Casino,building,"Port Louis, Mauritius",,,,"This casino at Caudan Waterfront is part of the complex that opened on 25 November 1996, on land once occupied by warehouses and a meteorological observatory. It occupies the Barkly Wharf building, named for Sir Henry Barkly, Governor of Mauritius from 1863 to 1870, and is known for a striking facade styled like the bow of a pirate ship, complete with bowsprit mast and statuary.","The building's pirate-ship facade - a bowsprit mast and figurehead-style statues built into the architecture - makes it one of the more theatrical pieces of commercial design on the whole waterfront, and it backs it up with scale: it's the largest casino in Port Louis, running 214 gaming machines and 16 table games under that pirate-ship roof.",,,,"Re-imported from sites.csv 2026-09-19 for the new-voice/multi-fact rewrite pass - was already promoted and live; original about_site_text/interesting_fact preserved as the starting point before rewrite. Rewritten 2026-09-19 to the blended second-person/sensory voice (see feedback_poi_narrative_voice_standard memory). Additional facts researched 2026-09-19 (real WebSearch pass, not restyle-only). User combined facts 1 and 2 into a single fact during POI Reader review 2026-09-20.",-20.1614726,57.4989954,promoted - already live in sites.csv,port-louis-casino.jpg,,,,,,,,,
Port Louis existing POIs (voice rewrite pass),2,Craft Market,quirky,"Caudan Waterfront, Port Louis, Mauritius",,,,"Wander the two storeys here and you're browsing roughly thirty stalls, nearly all of them run by the Mauritian craftspeople who actually made what's on the table - wood carvings, wicker baskets, embroidered linen, handmade jewellery, scented candles and freshly ground spices, much of it made by the stallholders themselves, their families, or brought in from their home villages. Look out especially for the model ships: intricate wooden replicas of famous vessels, a craft with real roots on this island rather than a tourist gimmick. The wider Caudan complex this market sits inside opened on 25 November 1996, on ground with commercial history stretching back to 1726, when Jean Dominique Michel de Caudan arrived from Languedoc and set up a saltpan on this stretch of coast.","The Caudan area's recorded history as commercial ground stretches back to 1726, when its namesake founded a saltworks here - two and a half centuries before the site became a modern shopping and crafts destination.","Those model ships aren't a novelty act - Mauritius has a genuine ship-model industry, with workshops like Historic Marine (founded 1982 in Goodlands) and Bobato (since 1990) building museum-quality replicas of famous vessels from the Titanic to the wrecked Saint Géran, using master woodworkers and an all-female rigging team who hand-sew cotton sails and tie knots too small to see clearly without magnification.",,https://caudan.com/craft-markets/,"Re-imported from sites.csv 2026-09-19 for the new-voice/multi-fact rewrite pass - was already promoted and live; original about_site_text/interesting_fact preserved as the starting point before rewrite. Rewritten 2026-09-19 to the blended second-person/sensory voice (see feedback_poi_narrative_voice_standard memory). User asked 2026-09-20 to research who actually sells here - confirmed via caudan.com official page + independent guides that stalls are run by local Mauritian artisans/families (~30 stalls: textiles, wood carving, jewellery, model ships, baskets, spices), not third-party resellers. Description rewritten to cover this + model-ship craft added as fact 2, sourced via WebSearch (Historic Marine/Bobato workshop history). User-pasted photo of the market entrance added 2026-09-20; blur-pad composited to fit the app display box (raw was 621x357, narrower than the ~2.64:1 box).",-20.1614607,57.4981841,promoted - already live in sites.csv,port-louis-craft-market.jpg,,,,,,,,,
Port Louis existing POIs (voice rewrite pass),2,Umbrella Square,quirky,"The Docks, Port Louis, Mauritius",,,,"Walk this pedestrian stretch at Caudan Waterfront and a photogenic ""umbrella sky"" opens up overhead - a canopy of colourful open umbrellas suspended above you, creating a floating rainbow ceiling and dappled shade below. Also known as Umbrella Street, the installation follows a globally popular format, the Umbrella Sky Project, that began in the Portuguese town of Águeda in 2011 and has since spread to public spaces on several continents. It's become one of the most-photographed spots on the Port Louis waterfront, its playful modern art sitting against the backdrop of the city's older port heritage.","The Águeda original was created by the Portuguese art collective Sextafeira Produções in 2011 as part of the city's Agitágueda Art Festival - the idea proved so popular it has since spread to cities as far apart as Lisbon, France, the UK and Bahrain, with Port Louis just one stop on that list.",,,,"Re-imported from sites.csv 2026-09-19 for the new-voice/multi-fact rewrite pass - was already promoted and live; original about_site_text/interesting_fact preserved as the starting point before rewrite. Rewritten 2026-09-19 to the blended second-person/sensory voice (see feedback_poi_narrative_voice_standard memory). Additional facts researched 2026-09-19 (real WebSearch pass, not restyle-only). User picked fact 2 (kept as the single fact) during POI Reader review 2026-09-20.",-20.1610975,57.4981458,promoted - already live in sites.csv,port-louis-umbrella-square.jpg,,,,,,,,,
Port Louis existing POIs (voice rewrite pass),2,Caudan Waterfront,quirky,"Caudan Waterfront, Port Louis, Mauritius",,,,"This is the outdoor plaza, marina and promenade at the heart of the wider Caudan waterfront development, which opened on 25 November 1996 on former docklands and has since become one of Port Louis's most popular spots for both tourists and locals - restaurants and bars along the harbour, a working marina, public art and statues scattered through the open space, including one of Sir Seewoosagur Ramgoolam, independent Mauritius's first Prime Minister. The whole area takes its name from Jean Dominique Michel de Caudan, a saltpan worker (""saunier"") from Languedoc in France who set up a saltpan here in 1726, on what was then a small coral islet and bay southwest of the young settlement - over the next two and a half centuries the site went on to host a gunpowder magazine, an astronomical and meteorological observatory, warehouses and dry docks, long before any of today's restaurants and marina arrived.","By the 1980s, the waterfront had fallen into serious decline - Mauritius's cargo shipping had modernised and moved elsewhere in the port, leaving Le Caudan's old wharves and warehouses obsolete and abandoned before the 1996 redevelopment turned it into what's here today.",,,,"Re-imported from sites.csv 2026-09-19 for the new-voice/multi-fact rewrite pass - was already promoted and live; original about_site_text/interesting_fact preserved as the starting point before rewrite. Rewritten 2026-09-19 to the blended second-person/sensory voice (see feedback_poi_narrative_voice_standard memory). Additional facts researched 2026-09-19 (real WebSearch pass, not restyle-only). Additional facts researched 2026-09-19 (real WebSearch pass, not restyle-only). User picked fact 3 (kept as the single fact) during POI Reader review 2026-09-20.",-20.161,57.4985,promoted - already live in sites.csv,port-louis-caudan-waterfront.jpg,,,,,,,,,
Port Louis existing POIs (voice rewrite pass),2,Swing Bridge,quirky,"Port Louis, Mauritius",,,,"Cross this bridge over a channel of Port Louis harbour at Caudan Waterfront, built to swing open and let boat traffic pass through - and here's the twist: it isn't originally Mauritian at all. The bridge began its working life at Cape Town's Victoria & Alfred Waterfront in South Africa, installed there in 1997, before being replaced and sold on; Caudan Development Ltd bought it secondhand and shipped it here in 2021, making it Mauritius's first true swing bridge. It now opens over a working port whose basin was expanded and dredged repeatedly from the late 18th century onward, notably under naval engineer Chevalier de Tromelin in the 1780s and Governor Decaen's improvements in the early 1800s.","This is Mauritius's first true swing bridge - before 2021, the country had none. It spent its first 22 years of service thousands of kilometres away at Cape Town's V&A Waterfront in South Africa, before Caudan Development bought it secondhand and shipped it here.",,,,"Re-imported from sites.csv 2026-09-19 for the new-voice/multi-fact rewrite pass - was already promoted and live; original about_site_text/interesting_fact preserved as the starting point before rewrite. Rewritten 2026-09-19 to the blended second-person/sensory voice (see feedback_poi_narrative_voice_standard memory). Additional facts researched 2026-09-19 (real WebSearch pass); best material woven into the description itself, not just left as a bullet fact. User picked fact 2 (kept as the single fact) during POI Reader review 2026-09-20.",-20.1597798,57.4960076,promoted - already live in sites.csv,port-louis-swing-bridge.jpg,,,,,,,,,
Port Louis existing POIs (voice rewrite pass),2,Odysseo- oceanarium (Mauritius) LTD,quirky,"Harbour Waterfront, Port Louis, Mauritius",,,,"This is Mauritius's first and largest oceanarium, a 5,500-square-metre complex on the Port Louis harbour waterfront that opened in 2021. Spread across six themed zones from mangroves to open ocean, its 45 aquariums hold more than 200 marine species, with underwater tunnels, interactive shows, a shark touch-pool and a children's laboratory built around a conservation-education mission.","Odysseo is the largest oceanarium anywhere in the Mascarene Islands, ahead of similar attractions in Réunion and the Seychelles, and it earns that scale with six zones covering the full range of Indian Ocean habitats - Coral Reef, Lagoon, Mangroves and Beaches, Open Sea, Invertebrates and a Sub-Oceanic View - rather than one big shared tank.",,,,"Re-imported from sites.csv 2026-09-19 for the new-voice/multi-fact rewrite pass - was already promoted and live; original about_site_text/interesting_fact preserved as the starting point before rewrite. Rewritten 2026-09-19 to the blended second-person/sensory voice (see feedback_poi_narrative_voice_standard memory). Additional facts researched 2026-09-19 (real WebSearch pass); best material woven into the description itself, not just left as a bullet fact. User combined facts 1 and 2 into a single fact during POI Reader review 2026-09-20.",-20.1593375,57.4951185,promoted - already live in sites.csv,port-louis-odysseo.jpg,,,,,,,,,
Port Louis existing POIs (voice rewrite pass),2,Statue of Maurice Curé,statue,"Port Louis, Mauritius",,,,"This statue honours Dr Maurice Curé (1886-1977), the medical doctor who conceived and launched the Mauritius Labour Party on 23 February 1936, the island's first mass political party campaigning for the rights of labourers and artisans. He led it for its first five years, until 1941, working alongside co-founders including Emmanuel Anquetil, Barthélemy Ohsan and Pandit Sahadeo before stepping back from leadership.","Curé trained as a doctor, not a politician - he only turned to founding the Labour Party after returning to Mauritius in 1913 and serving as the Municipality of Port Louis's own medical doctor. He didn't hand over power gracefully either: forced to resign as party president in 1941, with Anquetil taking over. Even Sir Seewoosagur Ramgoolam, the party's most famous leader and independent Mauritius's first Prime Minister, wasn't one of the founders - he only joined in 1947, more than a decade after Curé had already stepped down.",,,,"Re-imported from sites.csv 2026-09-19 for the new-voice/multi-fact rewrite pass - was already promoted and live; original about_site_text/interesting_fact preserved as the starting point before rewrite. Rewritten 2026-09-19 to the blended second-person/sensory voice (see feedback_poi_narrative_voice_standard memory). Additional facts researched 2026-09-19 (real WebSearch pass, not restyle-only). User combined facts 1 and 2 into a single fact during POI Reader review 2026-09-20. Photo blur-pad composited (raw was cropping in the app display box).",-20.1617968,57.5021584,promoted - already live in sites.csv,port-louis-statue-of-maurice-cure.jpg,,,,,,,,,
Port Louis existing POIs (voice rewrite pass),2,H.M Borstal,history,"Port Louis, Mauritius",,,,"On the outskirts of Port Louis stands a building with two very different lives. The French built it as a hospital; British colonial administration later repurposed it as ""Her Majesty's Borstal"" - a youth reform institution rather than a prison. The word ""borstal"" itself comes from a single village near Rochester, Kent, where the first one opened in 1902 under prison commissioner Sir Evelyn Ruggles-Brise: instead of locking young offenders up alongside hardened adult convicts, the regime leaned on education, structured work and discipline, on the theory that a teenager was still reformable in a way a grown criminal might not be. The Prevention of Crime Act 1908 rolled the model out across Britain, and from there it followed the empire outward - to India, Canada, Ireland, and here, to a former French hospital in Mauritius. Look closely at the lettering on the building today and you'll notice the ""M"" of ""H.M."" has quietly vanished - one small, physical trace of 1968 independence outliving the institution's original colonial name.","The whole borstal system - the word and the institution - traces back to one village: Borstal, near Rochester in Kent, where the first reform-focused youth facility opened in 1902. By the time Mauritius got its own ""Her Majesty's Borstal,"" the model had spread across the British Empire to India, Canada and Ireland as well.",,,,"Re-imported from sites.csv 2026-09-19 for the new-voice/multi-fact rewrite pass - was already promoted and live; original about_site_text/interesting_fact preserved as the starting point before rewrite. Rewritten 2026-09-19 to the blended second-person/sensory voice (see feedback_poi_narrative_voice_standard memory). Description expanded 2026-09-20 per user request - researched via WebSearch (Wikipedia Borstal system origin/spread; the building itself has limited independently-sourced detail beyond French-hospital-to-Borstal repurposing and the missing ""M"" detail, both already reflected in the original text - no fabricated specifics added).",-20.1777615,57.470891,promoted - already live in sites.csv,port-louis-hm-borstal.jpg,,,,,,,,,
Port Louis existing POIs (voice rewrite pass),2,Musée La Bonté Innée,history,"Couvent des Sœurs BPS, Edith Cavell St, Port Louis, Mauritius",,,,"Inside the Couvent des Sœurs BPS on Rue Edith Cavell, this small museum opened in 2024 to tell the life story of Mère Augustine (born Caroline Lenferna de Laresle, 1824-1900), the Mauritian nun who founded the Congrégation des Sœurs de Charité de Notre-Dame-du-Bon-et-Secours on this same site in 1850. Objects, paintings, photographs and archival documents trace her work and the congregation's long history of healthcare and education on the island.","During Port Louis's 1854 cholera epidemic, Mère Augustine and two fellow sisters nursed the sick through the outbreak, and that same year she founded the colony's first orphanage, taking in children without distinction of race or colour - a founding act the museum is built around.",,,,Re-imported from sites.csv 2026-09-19 for the new-voice/multi-fact rewrite pass - was already promoted and live; original about_site_text/interesting_fact preserved as the starting point before rewrite. Rewritten 2026-09-19 to the blended second-person/sensory voice (see feedback_poi_narrative_voice_standard memory).,-20.1669467,57.5035735,promoted - already live in sites.csv,port-louis-musee-la-bonte-innee.jpg,,,,,,,,,
Port Louis existing POIs (voice rewrite pass),2,Jardins de la Compagnie (Company Garden),park,"La Chaussée, Port Louis, Mauritius",,,,"Walk into Port Louis's oldest and largest public garden, laid out in the 18th century on land first used as a vegetable plot by the French East India Company. Under threat of a smallpox epidemic the ground was pressed into service as a cemetery until the burial ground was moved to the West Cemetery in 1771, after which the site was replanted as an ornamental park. Today its avenues of towering banyan and royal palm trees, fountains and quiet benches make it a favourite lunchtime retreat for office workers in the surrounding capital, and it doubles as an open-air gallery of Mauritian history, dotted with more than a dozen statues and busts of the writers, doctors and independence-era figures who shaped the island.","Look closely among the trees and you'll find a cluster of individual monuments worth tracking down in their own right, including tributes to journalist Remy Ollier, poet Léoville L'Homme, physiologist Brown-Séquard and civil-rights lawyer Manilal Doctor - each with its own story told elsewhere on this tour.",,,https://www.lonelyplanet.com/points-of-interest/jardins-de-la-compagnie/1344076,"Re-imported from sites.csv 2026-09-19 for the new-voice/multi-fact rewrite pass - was already promoted and live; original about_site_text/interesting_fact preserved as the starting point before rewrite. Rewritten 2026-09-19 to the blended second-person/sensory voice (see feedback_poi_narrative_voice_standard memory). Additional facts researched 2026-09-19 (real WebSearch pass, not restyle-only). User-pasted photo of the banyan avenue added 2026-09-20 (blur-pad composited, raw was 586x311, narrower than the ~2.64:1 display box); fact 1 kept, fact 2 dropped.",-20.1636664,57.50201179999999,promoted - already live in sites.csv,port-louis-jardins-de-la-compagnie.jpg,,,,,,,,,
Port Louis existing POIs (voice rewrite pass),2,Statue of Remy Ollier,statue,"Jardins de la Compagnie, Port Louis, Mauritius",,,,"This monument in the Company Garden honours Remy Ollier (1816-1845), a mixed-race Mauritian journalist often called the father of the island's free press. Barred by his ancestry from full civil rights under colonial rule, Ollier founded the newspaper La Sentinelle de Maurice in 1843 specifically to campaign against the discriminatory laws that denied ""free coloured"" Mauritians equal status with white colonists, and his agitation helped force reforms within just a few years of the paper's launch.","Ollier's own parentage explains his cause: his father was a French artillery captain, his mother Julie Guillemeau a freed slave - making him one of the ""gens de couleur"" he fought for. He petitioned Queen Victoria herself for the right of coloured Mauritians to sit on the colonial council, a request granted a few years later.",,,https://en.wikipedia.org/wiki/R%C3%A9my_Ollier,"Re-imported from sites.csv 2026-09-19 for the new-voice/multi-fact rewrite pass - was already promoted and live; original about_site_text/interesting_fact preserved as the starting point before rewrite. Rewritten 2026-09-19 to the blended second-person/sensory voice (see feedback_poi_narrative_voice_standard memory). Additional facts researched 2026-09-19 (real WebSearch pass, not restyle-only). User picked fact 2 (kept as the single fact) during POI Reader review 2026-09-20.",-20.1636664,57.50201179999999,promoted - already live in sites.csv,port-louis-statue-of-remy-ollier.jpg,,,,,,,,,
Port Louis existing POIs (voice rewrite pass),2,Statue of Leoville L'Homme,statue,"Jardins de la Compagnie, Port Louis, Mauritius",,,,"This monument honours Éphrem Léoville L'Homme (1857-1928), regarded as one of Mauritius's foremost poets and a key figure in the island's 19th-century literary revival. Writing in French at a time when Mauritian literature was rarely taken seriously beyond the island, his poetry gave voice to everyday Mauritian life and helped establish a distinctly local literary identity separate from mainland France.","In 1883, his one-act play Le Dernier Tribut was staged in Port Louis - the first time any work by a Mauritian-born writer had ever been performed on a Mauritian stage. He was also the first Mauritian ever named a Fellow of the Library Association, reflecting the decades he spent working as a librarian alongside his writing.",,,,"Re-imported from sites.csv 2026-09-19 for the new-voice/multi-fact rewrite pass - was already promoted and live; original about_site_text/interesting_fact preserved as the starting point before rewrite. Rewritten 2026-09-19 to the blended second-person/sensory voice (see feedback_poi_narrative_voice_standard memory). Additional facts researched 2026-09-19 (real WebSearch pass, not restyle-only). User picked fact 2 (kept as the single fact) during POI Reader review 2026-09-20. Photo blur-pad composited (raw was cropping in the app display box).",-20.1636664,57.50201179999999,promoted - already live in sites.csv,port-louis-statue-of-leoville-lhomme.jpg,,,,,,,,,
Port Louis existing POIs (voice rewrite pass),2,Statue of Manilal Doctor,statue,"Jardins de la Compagnie, Port Louis, Mauritius",,,,"This life-size statue honours Manilal Maganlal Doctor (1881-1956), the Indian barrister sent to Mauritius in 1907 by Mahatma Gandhi himself to provide free legal aid to indentured Indian labourers. Practising at the Supreme Court, Doctor took on bonded workers' cases pro bono and founded the newspaper The Hindustani to campaign for their rights, under the motto ""Liberty of Individuals! Fraternity of Men!!! Equality of Race!!!""","Mauritius was only the start: Gandhi sent him on to Fiji in 1912 for the same fight, where he organised a major strike in 1920 that so rattled colonial authorities they had him deported to New Zealand and barred from practising law altogether.",,,https://en.wikipedia.org/wiki/Manilal_Doctor,"Re-imported from sites.csv 2026-09-19 for the new-voice/multi-fact rewrite pass - was already promoted and live; original about_site_text/interesting_fact preserved as the starting point before rewrite. Rewritten 2026-09-19 to the blended second-person/sensory voice (see feedback_poi_narrative_voice_standard memory). Additional facts researched 2026-09-19 (real WebSearch pass, not restyle-only). User picked fact 3 (kept as the single fact) during POI Reader review 2026-09-20. Photo blur-pad composited (raw was cropping in the app display box).",-20.1636664,57.50201179999999,promoted - already live in sites.csv,port-louis-statue-of-manilal-doctor.jpg,,,,,,,,,
Port Louis existing POIs (voice rewrite pass),2,Bust of Charles-Edouard Brown-Sequard,statue,"Jardins de la Compagnie, Port Louis, Mauritius",,,,"This bronze bust honours Charles-Édouard Brown-Séquard (1817-1894), the Port Louis-born physiologist and neurologist who became one of the 19th century's most influential medical scientists, teaching at the Collège de France in Paris and first describing the spinal-cord injury pattern now known as Brown-Séquard syndrome.","In 1889, aged 72, he injected himself with extracts from ground-up dog and guinea pig testicles, claiming it rejuvenated him - the resulting ""Brown-Séquard Elixir"" became a public sensation, and cartoonists caricatured him as a crazed doctor surrounded by monkeys. It was almost certainly a placebo effect, but the experiment is now credited as the birth of modern hormone therapy.",,,https://en.wikipedia.org/wiki/Charles-%C3%89douard_Brown-S%C3%A9quard,"Re-imported from sites.csv 2026-09-19 for the new-voice/multi-fact rewrite pass - was already promoted and live; original about_site_text/interesting_fact preserved as the starting point before rewrite. Rewritten 2026-09-19 to the blended second-person/sensory voice (see feedback_poi_narrative_voice_standard memory). Additional facts researched 2026-09-19 (real WebSearch pass, not restyle-only). User picked fact 2 (kept as the single fact) during POI Reader review 2026-09-20.",-20.1636664,57.50201179999999,promoted - already live in sites.csv,port-louis-bust-of-brown-sequard.jpg,,,,,,,,,
Port Louis existing POIs (voice rewrite pass),2,Statue of Adrien d'Epinay,statue,"Jardins de la Compagnie, Port Louis, Mauritius",,,,"This monument in the Company Garden marks the centenary of the death of Adrien d'Épinay (1789-1839), a Mauritian lawyer and politician who led early campaigns against extending civil rights to free people of colour while separately championing planter interests through the compensation negotiations that followed the abolition of slavery - making him one of the most consequential, if controversial, figures in the island's 19th-century political history.","In 1832 he didn't just campaign against abolition - he led an actual rebellion, proposing the motion that forced the expulsion of a British anti-slavery official sent to the island, in what colonial authorities branded ""open and public rebellion."" Then, when compensation finally came in 1837, he made sure he and his wife both claimed their share: between them they were paid for 455 enslaved people they had owned - his 120 earning him £4,324, hers 335 earning her £10,868, a combined sum worth well over a million dollars today.",,,,"Re-imported from sites.csv 2026-09-19 for the new-voice/multi-fact rewrite pass - was already promoted and live; original about_site_text/interesting_fact preserved as the starting point before rewrite. Rewritten 2026-09-19 to the blended second-person/sensory voice (see feedback_poi_narrative_voice_standard memory). Additional facts researched 2026-09-19 (real WebSearch pass, not restyle-only). User combined facts 2 and 3 into a single fact during POI Reader review 2026-09-20 (dropped fact 1). Photo blur-pad composited (raw was cropping in the app display box).",-20.1636664,57.50201179999999,promoted - already live in sites.csv,port-louis-statue-of-adrien-depinay.jpg,,,,,,,,,
Port Louis existing POIs (voice rewrite pass),2,Statue of Ti Frere (Alphonse Ravaton),statue,"Jardins de la Compagnie, Port Louis, Mauritius",,,,"This statue honours Alphonse Ravaton (1900-1992), known to every Mauritian as ""Ti Frère"" (""Little Brother""), the singer and songwriter widely credited as the father of modern sega - the Creole music and dance style descended from the songs of enslaved and indentured labourers that later became Mauritius's national music.","Ti Frère spent much of his life working as a labourer and only found wide fame late in life, in the 1960s and 70s, when folklorists began recording him - this statue, unveiled 28 April 2000, celebrates a musician who was, for decades, more famous among ordinary Mauritians than any politician.",,,,"Re-imported from sites.csv 2026-09-19 for the new-voice/multi-fact rewrite pass - was already promoted and live; original about_site_text/interesting_fact preserved as the starting point before rewrite. Rewritten 2026-09-19 to the blended second-person/sensory voice (see feedback_poi_narrative_voice_standard memory). Additional facts researched 2026-09-19 (real WebSearch pass, not restyle-only). User picked fact 1 (kept as the single fact) during POI Reader review 2026-09-20. Photo blur-pad composited (raw was cropping in the app display box).",-20.1636664,57.50201179999999,promoted - already live in sites.csv,port-louis-statue-of-ti-frere.jpg,,,,,,,,,
Port Louis existing POIs (voice rewrite pass),2,Bust of Raoul Rivet,statue,"Jardins de la Compagnie, Port Louis, Mauritius",,,,"This bust honours Raoul Rivet, a Franco-Mauritian journalist and writer, inscribed with his own words ""Je dois à la France d'être un homme pensant"" (""I owe to France the fact that I am a thinking man"") - a tribute to the French cultural and literary education that shaped Mauritius's colonial-era intelligentsia.","Rivet directed Le Mauricien for 35 years, from 1922 to 1957, and the family media dynasty he founded kept control of the paper for over a century afterward - his son Jacques Rivet remained at the helm until 2022.",,,,"Re-imported from sites.csv 2026-09-19 for the new-voice/multi-fact rewrite pass - was already promoted and live; original about_site_text/interesting_fact preserved as the starting point before rewrite. Rewritten 2026-09-19 to the blended second-person/sensory voice (see feedback_poi_narrative_voice_standard memory). Additional facts researched 2026-09-19 (real WebSearch pass, not restyle-only). User picked fact 2 (kept as the single fact) during POI Reader review 2026-09-20.",-20.1636664,57.50201179999999,promoted - already live in sites.csv,port-louis-bust-of-raoul-rivet.jpg,,,,,,,,,
Port Louis existing POIs (voice rewrite pass),2,Monument to Soeur Marie Barthelemy,monument,"Jardins de la Compagnie, Port Louis, Mauritius",,,,"This monument remembers Sœur Marie Barthélemy, a Catholic nun known in Mauritius as the ""mother of the poor"" for her charitable work among Port Louis's destitute during the 19th century, in an era when organised social welfare barely existed on the island.","She died at sea on 17 August 1897, and the road running along this side of the Company Garden - Mère Barthélemy Street - is named after her, meaning her memory is woven into the neighbourhood's street plan as well as this one monument.",,,,Re-imported from sites.csv 2026-09-19 for the new-voice/multi-fact rewrite pass - was already promoted and live; original about_site_text/interesting_fact preserved as the starting point before rewrite. Rewritten 2026-09-19 to the blended second-person/sensory voice (see feedback_poi_narrative_voice_standard memory).,-20.1636664,57.50201179999999,promoted - already live in sites.csv,port-louis-monument-to-soeur-marie-barthelemy.jpg,,,,,,,,,
Port Louis existing POIs (voice rewrite pass),2,Al-Idrissi Monument,monument,"Jardins de la Compagnie, Port Louis, Mauritius",,,,"This monument honours Muhammad al-Idrisi (c.1100-1165), the medieval Arab geographer and cartographer whose 12th-century world map and geographical writings, produced for the Norman court of Sicily, were centuries ahead of their time and remained a key reference for European mapmakers for generations. Its presence in the Company Garden recognises the broader Arab and Islamic contribution to the science of navigation and exploration.","Unveiled on 8 August 2010, it's one of the newest monuments in the garden and one of very few anywhere in the world honouring al-Idrisi specifically for his cartographic legacy rather than any direct connection to Mauritius. The map he's remembered for, the Tabula Rogeriana, was made for a Christian king by a Muslim scholar - a genuinely unusual collaboration for the 12th century - and Roger II had it engraved onto a massive solid silver disc two metres across, one of the most extravagant maps ever made.",,,,"Re-imported from sites.csv 2026-09-19 for the new-voice/multi-fact rewrite pass - was already promoted and live; original about_site_text/interesting_fact preserved as the starting point before rewrite. Rewritten 2026-09-19 to the blended second-person/sensory voice (see feedback_poi_narrative_voice_standard memory). Additional facts researched 2026-09-19 (real WebSearch pass, not restyle-only). User combined facts 1 and 2 into a single fact during POI Reader review 2026-09-20.",-20.1636664,57.50201179999999,promoted - already live in sites.csv,port-louis-al-idrissi-monument.jpg,,,,,,,,,
Port Louis existing POIs (voice rewrite pass),2,Slavery Abolition Monument,monument,"Jardins de la Compagnie, Port Louis, Mauritius",,,,"This memorial in the Company Garden marks the abolition of slavery in Mauritius, which took effect on 1 February 1835 - more than 20 years after the island passed to British control, and only after the British government paid compensation not to the roughly 70,000 enslaved people freed, but to their former owners.","The compensation itself was staggering - and it went entirely to owners, never to the people they had enslaved. Mauritius's slaveholders received £2,112,632 (worth roughly £1.5 billion today), funded by a government loan from the Rothschild and Montefiore banking families that British taxpayers didn't finish repaying until 2015 - nearly two centuries after the fact.",,,,"Re-imported from sites.csv 2026-09-19 for the new-voice/multi-fact rewrite pass - was already promoted and live; original about_site_text/interesting_fact preserved as the starting point before rewrite. Rewritten 2026-09-19 to the blended second-person/sensory voice (see feedback_poi_narrative_voice_standard memory). Additional facts researched 2026-09-19 (real WebSearch pass, not restyle-only). User picked fact 2 (kept as the single fact) during POI Reader review 2026-09-20. Photo blur-pad composited (raw was cropping in the app display box).",-20.1636664,57.50201179999999,promoted - already live in sites.csv,port-louis-slavery-abolition-monument.jpg,,,,,,,,,
Port Louis existing POIs (voice rewrite pass),2,King Edward VII Statue,statue,"Champ de Mars Racecourse, Port Louis, Mauritius",,,,"This statue of King Edward VII stands within the grounds of the Champ de Mars Racecourse, sculpted by Prosper d'Épinay - the same Mauritian-born sculptor responsible for several of the other historic statues around Port Louis - and erected during the height of British colonial rule to honour the reigning monarch.","It shares the racecourse grounds with a separate obelisk raised to a French governor, meaning the Champ de Mars quietly commemorates rulers from both the French and British colonial eras inside what is still an active, working racecourse rather than a museum.",,,,"Re-imported from sites.csv 2026-09-19 for the new-voice/multi-fact rewrite pass - was already promoted and live; original about_site_text/interesting_fact preserved as the starting point before rewrite. Rewritten 2026-09-19 to the blended second-person/sensory voice (see feedback_poi_narrative_voice_standard memory). Additional facts researched 2026-09-19 (real WebSearch pass, not restyle-only). User picked fact 1 (kept as the single fact) during POI Reader review 2026-09-20. Photo blur-pad composited (raw was cropping in the app display box).",-20.1692212,57.5101827,promoted - already live in sites.csv,port-louis-king-edward-vii-statue.jpg,,,,,,,,,
Port Louis existing POIs (voice rewrite pass),2,Kwan Tee Pagoda,religious_building,"Royal Street, Port Louis, Mauritius",,,,"Built by the Chinese community in 1842 in what is now Port Louis's Chinatown district, this is honoured as the oldest pagoda in the Southern Hemisphere and on the African continent. It's dedicated to Kwan Tee (Guan Di), a real 3rd-century Chinese general later deified as a symbol of loyalty, integrity and justice, and worshipped in Chinese communities worldwide as a god of wealth and war.","It was founded by Ahime Choisanne, credited as the founder of the Chinese community in Mauritius itself, and every year on Guan Di's birthday the pagoda hosts Fête Mine, one of the oldest continuously celebrated festivals in the Sino-Mauritian calendar.",,,https://mauritiusnow.com/blog/things-to-do/kwan-tee-pagoda/,"Re-imported from sites.csv 2026-09-19 for the new-voice/multi-fact rewrite pass - was already promoted and live; original about_site_text/interesting_fact preserved as the starting point before rewrite. Rewritten 2026-09-19 to the blended second-person/sensory voice (see feedback_poi_narrative_voice_standard memory). Additional facts researched 2026-09-19 (real WebSearch pass, not restyle-only). User picked fact 2 (kept as the single fact) during POI Reader review 2026-09-20.",-20.1617207,57.491986999999995,promoted - already live in sites.csv,port-louis-kwan-tee-pagoda.jpg,,,,,,,,,
Port Louis existing POIs (voice rewrite pass),2,Kailassam Temple,religious_building,"Port Louis, Mauritius",,,,"Established in 1854, this is recognised as the oldest Hindu temple in Mauritius, founded not long after the first waves of Indian indentured labourers began arriving at Aapravasi Ghat to work the island's sugar plantations. Dedicated to Shiva, it remains an active place of worship for Port Louis's Hindu community today.","The temple's 1854 founding places it squarely within the earliest years of Indian indentured migration to Mauritius, which began in 1834 - built by, and for, some of the very first generation of Indo-Mauritians the Aapravasi Ghat site elsewhere on this tour was built to process. It was a direct response to catastrophe, too: a devastating cholera epidemic swept the island that same year, and Port Louis's Tamil merchants and traders came together to build the temple as an offering and spiritual refuge in the midst of the crisis. It's still the main venue for the Cavadee festival today, one of the most important dates on the Hindu calendar for Mauritius's Tamil community, drawing devotees carrying ornate wooden arches (kavadi) pierced through their skin as an act of devotion and penance.",,,https://www.gpsmycity.com/attractions/kailassam-temple-1653.html,"Re-imported from sites.csv 2026-09-19 for the new-voice/multi-fact rewrite pass - was already promoted and live; original about_site_text/interesting_fact preserved as the starting point before rewrite. Rewritten 2026-09-19 to the blended second-person/sensory voice (see feedback_poi_narrative_voice_standard memory). Additional facts researched 2026-09-19 (real WebSearch pass, not restyle-only). User combined facts 1, 2 and 3 into a single fact during POI Reader review 2026-09-20.",-20.1490075,57.519575800000005,promoted - already live in sites.csv,port-louis-kailassam-temple.jpg,,,,,,,,,
Port Louis existing POIs (voice rewrite pass),2,St James Cathedral,religious_building,"St Denis St, Port Louis, Mauritius",,,,"This is the oldest Anglican church in Mauritius, consecrated as a cathedral on 26 June 1850. The building itself is older still and started life as ""La Poudrière,"" a French colonial gunpowder magazine; after the British took control of the island the structure was converted for public use as a church from 1812, given an octagonal spire to make it look the part, and finally reopened for worship on Christmas Day 1831, before further wings were added in 1846 to fit its growing congregation.",The cathedral's unusually thick walls - up to nine feet in places - aren't a design flourish. They're literally the walls of the old French gunpowder magazine the building was constructed on top of.,,,https://en.wikipedia.org/wiki/St_James_Old_Cathedral,"Re-imported from sites.csv 2026-09-19 for the new-voice/multi-fact rewrite pass - was already promoted and live; original about_site_text/interesting_fact preserved as the starting point before rewrite. Rewritten 2026-09-19 to the blended second-person/sensory voice (see feedback_poi_narrative_voice_standard memory). Additional facts researched 2026-09-19 (real WebSearch pass, not restyle-only). User picked fact 2 (kept as the single fact) during POI Reader review 2026-09-20.",-20.167424,57.5056921,promoted - already live in sites.csv,port-louis-st-james-cathedral.jpg,,,,,,,,,
Port Louis existing POIs (voice rewrite pass),2,Institute of Contemporary Art Indian Ocean (ICAIO),gallery,"Sir Seewoosagur Ramgoolam St, Port Louis, Mauritius",,,,"This contemporary art gallery on Sir Seewoosagur Ramgoolam Street was set up in 2015 by Salim Currimjee, a Mauritian artist, photographer and architect, to give Indian Ocean-region artists a dedicated space for serious contemporary exhibitions rather than tourist-facing craft displays.","ICAIO runs roughly four exhibitions a year, each lasting about three months, making it one of the few venues in Port Louis where the art on the walls actually changes throughout the year rather than being a permanent, static collection.",,,,Re-imported from sites.csv 2026-09-19 for the new-voice/multi-fact rewrite pass - was already promoted and live; original about_site_text/interesting_fact preserved as the starting point before rewrite. Rewritten 2026-09-19 to the blended second-person/sensory voice (see feedback_poi_narrative_voice_standard memory).,-20.1606104,57.508242599999996,promoted - already live in sites.csv,port-louis-icaio.jpg,,,,,,,,,
Port Louis existing POIs (voice rewrite pass),2,Didus Art Gallery,gallery,"Caudan Waterfront, Port Louis, Mauritius",,,,"Inside the Caudan Waterfront shopping centre, this gallery has spent more than twenty years showcasing painters, sculptors and craftspeople from across the Indian Ocean region, mixing contemporary work with more traditional Mauritian art.","Its name nods to the dodo, Mauritius's extinct flightless bird and unofficial national mascot - a reminder that even a commercial gallery inside a shopping mall leans on the island's most famous piece of natural history for its branding.",,,,Re-imported from sites.csv 2026-09-19 for the new-voice/multi-fact rewrite pass - was already promoted and live; original about_site_text/interesting_fact preserved as the starting point before rewrite. Rewritten 2026-09-19 to the blended second-person/sensory voice (see feedback_poi_narrative_voice_standard memory).,-20.1609464,57.497961399999994,promoted - already live in sites.csv,port-louis-didus-art-gallery.jpg,,,,,,,,,
Port Louis existing POIs (voice rewrite pass),2,House of Digital Art,gallery,"Edith Cavell St, Port Louis, Mauritius",,,,"This gallery is dedicated to digital and technology-driven art forms, blending traditional artistic expression with video, new media and interactive installations - a genuinely unusual offering on an island whose art scene is more often associated with painting and sculpture.","Its presence in central Port Louis, alongside more traditional venues like Didus Art Gallery and ICAIO, reflects a growing contemporary-art scene in the capital that goes well beyond the postcard seascapes sold to tourists elsewhere on the island.",,,,Re-imported from sites.csv 2026-09-19 for the new-voice/multi-fact rewrite pass - was already promoted and live; original about_site_text/interesting_fact preserved as the starting point before rewrite. Rewritten 2026-09-19 to the blended second-person/sensory voice (see feedback_poi_narrative_voice_standard memory).,-20.1639949,57.499632399999996,promoted - already live in sites.csv,port-louis-house-of-digital-art.jpg,,,,,,,,,
Port Louis existing POIs (voice rewrite pass),2,Line Barracks,history,"Line Barracks St, Port Louis, Mauritius",,,,"In the heart of Port Louis stands a former colonial military barracks - inaugurated in 1740, making it almost as old as Government House itself - later repurposed as a police headquarters and formally listed by the Mauritius National Heritage Fund as a Scheduled Ancient Site. Barracks like this once housed the garrisons that controlled the island under both French and British rule, and the buildings' long institutional afterlife as a police compound has helped keep much of the original colonial-era structure intact. It's also been the operational nerve centre for some of the city's worst unrest in living memory - the 1967 election riots, the 1968 pre-independence riots, and the 1999 riots that followed the death in police custody of Kaya, the country's most famous seggae musician, were all commanded and coordinated from here.","Line Barracks still functions as an operational police headquarters today, making it a rare case of a Port Louis heritage site that has never stopped being used for the purpose it was originally built for - military and civil order - across more than two centuries.",,,,"Re-imported from sites.csv 2026-09-19 for the new-voice/multi-fact rewrite pass - was already promoted and live; original about_site_text/interesting_fact preserved as the starting point before rewrite. Rewritten 2026-09-19 to the blended second-person/sensory voice (see feedback_poi_narrative_voice_standard memory). Additional facts researched 2026-09-19 (real WebSearch pass, not restyle-only); best material woven into the description itself per user request, not just left as a bullet fact. User picked fact 1 (kept as the single fact) during POI Reader review 2026-09-20.",-20.1644326,57.4998949,promoted - already live in sites.csv,port-louis-line-barracks.jpg,,,,,,,,,
Port Louis existing POIs (voice rewrite pass),2,Trou Fanfaron,history,"Trou Fanfaron, Port Louis, Mauritius",,,,"This stretch of Port Louis harbour is where, from 1849, ships carrying indentured labourers from India actually docked and unloaded their passengers before they were processed at the neighbouring Aapravasi Ghat depot - clerks chalked numbers onto new arrivals' coats and doctors inspected them for scurvy and smallpox right here on the wharf, vaccinating anyone who hadn't already been, before the first labourers were marched off within days to sugar estates across the island. Anyone suspected of carrying a contagious disease never made it this far - they were quarantined instead, often on remote islets off the coast, a precaution that failed catastrophically in 1856 when around 300 Indian arrivals died of cholera in the rudimentary quarantine camp on Gabriel Island, 12km offshore.",By 1860 the facility here had been expanded to process up to 600 immigrants at a time - a scale that gives some sense of just how relentless the flow of new arrivals through this one stretch of wharf really was.,,,,"Re-imported from sites.csv 2026-09-19 for the new-voice/multi-fact rewrite pass - was already promoted and live; original about_site_text/interesting_fact preserved as the starting point before rewrite. Rewritten 2026-09-19 to the blended second-person/sensory voice (see feedback_poi_narrative_voice_standard memory). Additional facts researched 2026-09-19 (real WebSearch pass, not restyle-only); best material woven into the description itself per user request, not just left as a bullet fact. User picked fact 2 (kept as the single fact) during POI Reader review 2026-09-20.",-20.1563889,57.491944399999994,promoted - already live in sites.csv,port-louis-trou-fanfaron.jpg,,,,,,,,,
Port Louis existing POIs (voice rewrite pass),2,Bourbon Street Food Vendors,quirky,"Bourbon Street, near Central Market, Port Louis, Mauritius",,,,"Walk this stretch of Bourbon Street, right by Port Louis Central Market, and you'll find some of the best-loved everyday Mauritian street food sold each morning - dholl puri (soft split-pea flatbreads filled with spiced bean curry and rougaille sauce), crunchy gateaux piments (chilli-lentil fritters) and fresh alouda drinks, dished out from stalls locals queue for on their way to work.","Dholl puri is so central to Mauritian daily life it's often called the island's unofficial national dish, despite being sold almost exclusively from unglamorous street stalls rather than restaurants - weekday mornings from around 7 to 10:30am are peak time to catch it fresh. The dish was invented essentially by accident: plantation labourers' wives, making the most of what they had, kneaded their flour dough with the same water dal had just been boiled in, and leftover lentil grains ended up baked right into the bread. But it wasn't sold on street corners until after independence in 1968 - the widespread poverty of that era created the market for something this filling, cheap and portable, and it's been a fixture of Mauritian street food ever since.",,,,"Re-imported from sites.csv 2026-09-19 for the new-voice/multi-fact rewrite pass - was already promoted and live; original about_site_text/interesting_fact preserved as the starting point before rewrite. Rewritten 2026-09-19 to the blended second-person/sensory voice (see feedback_poi_narrative_voice_standard memory). Additional facts researched 2026-09-19 (real WebSearch pass, not restyle-only). User combined facts 1, 2 and 3 into a single fact during POI Reader review 2026-09-20.",-20.1606919,57.5029509,promoted - already live in sites.csv,port-louis-bourbon-street-food-vendors.jpg,,,,,,,,,
Port Louis existing POIs (voice rewrite pass),2,Jim Boulettes,quirky,"Bourbon Street, Port Louis, Mauritius",,,,"This no-frills stall on Bourbon Street is famous among Port Louis regulars for boulettes - small Chinese-Mauritian steamed or fried dumplings, sold cheap and fast, that count among the island's most popular grab-and-go snacks.","Boulettes reflect Mauritius's 19th-century Chinese immigration just as directly as the pagodas and Chinatown gate elsewhere on this tour - descended from Cantonese dim sum traditions, they've become so thoroughly adopted into everyday Mauritian eating habits that most people no longer think of them as ""Chinese food"" at all. The dish itself changed to fit the island: traditional Hakka boulettes used cabbage, but Cantonese-Mauritian cooks swapped in chayote (christophine) since cabbage wasn't always available locally - a small substitution that's now just how it's made.",,,,"Re-imported from sites.csv 2026-09-19 for the new-voice/multi-fact rewrite pass - was already promoted and live; original about_site_text/interesting_fact preserved as the starting point before rewrite. Rewritten 2026-09-19 to the blended second-person/sensory voice (see feedback_poi_narrative_voice_standard memory). Additional facts researched 2026-09-19 (real WebSearch pass, not restyle-only). User combined facts 1 and 2 into a single fact during POI Reader review 2026-09-20.",-20.1636122,57.505840400000004,promoted - already live in sites.csv,port-louis-jim-boulettes.jpg,,,,,,,,,
Port Louis existing POIs (voice rewrite pass),2,Cafe L'Amicale,quirky,"Emmanuel Anquetil St, Port Louis, Mauritius",,,,"This long-running Chinese-Mauritian restaurant sits near Port Louis's Chinatown gate, part of a small cluster of eateries - alongside Anam and Canton - that have served the Sino-Mauritian community's own comfort food for generations, rather than a westernised ""Chinese restaurant"" menu aimed at tourists.","Its location just off the Chinatown arch makes it an easy stop for anyone exploring the historic Chinatown quarter, one Port Louis is proud to call one of the oldest outside China itself.",,,,Re-imported from sites.csv 2026-09-19 for the new-voice/multi-fact rewrite pass - was already promoted and live; original about_site_text/interesting_fact preserved as the starting point before rewrite. Rewritten 2026-09-19 to the blended second-person/sensory voice (see feedback_poi_narrative_voice_standard memory).,-20.1588141,57.5057821,promoted - already live in sites.csv,port-louis-cafe-lamicale.jpg,,,,,,,,,
Port Louis existing POIs (voice rewrite pass),2,Lambic Beer Bar,quirky,"St Georges St, Port Louis, Mauritius",,,,"This gastropub sits inside a restored 19th-century colonial house on St Georges Street, popular for its wide range of Belgian and craft beers alongside Mauritian comfort food - an unusual pairing of European beer culture and Creole cooking in one of central Port Louis's older buildings.",The building's colonial-era architecture is as much a draw as the beer list - it's one of a dwindling number of 19th-century townhouses in the capital that has been restored and kept in everyday public use rather than demolished for office towers.,,,,Re-imported from sites.csv 2026-09-19 for the new-voice/multi-fact rewrite pass - was already promoted and live; original about_site_text/interesting_fact preserved as the starting point before rewrite. Rewritten 2026-09-19 to the blended second-person/sensory voice (see feedback_poi_narrative_voice_standard memory).,-20.1652371,57.4998088,promoted - already live in sites.csv,port-louis-lambic-beer-bar.jpg,,,,,,,,,
Port Louis existing POIs (voice rewrite pass),2,Namaste Restaurant,quirky,"Caudan Waterfront, Port Louis, Mauritius",,,,"This restaurant on the Caudan Waterfront overlooks Port Louis harbour, specialising in North Indian and Mughal-style dishes prepared by chefs trained in Delhi - a reflection of the deep, centuries-old links between Mauritius and the Indian subcontinent that run through much of this tour, from Aapravasi Ghat to the island's Hindu temples.","Its harbour-view setting means diners can watch cargo ships and cruise liners come into port while eating a cuisine that first arrived on this same waterfront with indentured labourers nearly two centuries ago - and the restaurant itself sits on the site of the Indian Ocean's first-ever meteorological observatory, built here in the 19th century when this same peninsula also housed a gunpowder magazine and dry docks, a considerably calmer history than curry enjoys today.",,,,"Re-imported from sites.csv 2026-09-19 for the new-voice/multi-fact rewrite pass - was already promoted and live; original about_site_text/interesting_fact preserved as the starting point before rewrite. Rewritten 2026-09-19 to the blended second-person/sensory voice (see feedback_poi_narrative_voice_standard memory). Additional facts researched 2026-09-19 (real WebSearch pass, not restyle-only). User combined facts 1 and 2 into a single fact during POI Reader review 2026-09-20.",-20.1610003,57.49866249999999,promoted - already live in sites.csv,port-louis-namaste-restaurant.jpg,,,,,,,,,
Port Louis existing POIs (voice rewrite pass),2,Caudan Centre,building,"Caudan Waterfront, Port Louis, Mauritius",,,,"This is the main shopping and leisure building at Le Caudan Waterfront - officially Barkly Wharf, named after Sir Henry Barkly, governor of Mauritius from 1863 to 1870. Opened in 1996 as the island's first shopping mall, it now holds boutiques, souvenir shops, restaurants, a cinema and a casino under one roof, alongside Le Pavillon shopping arcade at its entrance - the built, indoor counterpart to the open-air marina and plaza just outside its doors.",,"The building's official name honours a governor who barely stayed still: Sir Henry Barkly held colonial governorships in British Guiana, Jamaica, Victoria (Australia), Mauritius and the Cape Colony in South Africa, one after another, while also founding Victoria's Royal Society, National Gallery and National Observatory in his spare time.",,,"Re-imported from sites.csv 2026-09-19 for the new-voice/multi-fact rewrite pass - was already promoted and live; original about_site_text/interesting_fact preserved as the starting point before rewrite. Rewritten 2026-09-19 to the blended second-person/sensory voice (see feedback_poi_narrative_voice_standard memory). Additional facts researched 2026-09-19 (real WebSearch pass, not restyle-only).",-20.160863,57.498089,promoted - already live in sites.csv,port-louis-caudan-centre.jpg,,,,,,,,,
