leg,leg_number,name,type,address,on_route,distance_from_route_m,interest_rating,description,interesting_fact,external_link,source_notes,latitude,longitude,geocode_confidence,image_path,verdict,text_length,photo_choice,map_icon_correct,note_text,new_gps_lat,new_gps_lon,new_gps_accuracy_m,reviewed_at
"Port Louis initial list","1","Jummah Masjid","religious_building","Royal Road, Queen St, Port Louis, Mauritius","","","","Port Louis's principal mosque, on Royal Road in the heart of the old commercial quarter. Members of the city's mercantile community bought the site on Queen Street in 1852 and consecrated the mosque in 1853, when it was known as the ""Mosque of the Arabs."" A major expansion begun in 1878, overseen by Jackaria Jan Mahomed, was delayed for years by disease and construction-supply shortages and wasn't finished until 1895 - the building seen today is largely that late-19th-century enlargement.","The mosque blends Indian, Creole and Islamic architectural styles, and is widely described as one of the most beautiful religious buildings in Mauritius. A marble tomb beside the mosque holds the remains of Jamal Shah, a pir (Sufi holy man) from Kutch in India.","https://en.wikipedia.org/wiki/Jummah_Mosque_(Mauritius)","GPS: Google Places single unambiguous match. History from Wikipedia (Jummah Mosque, Mauritius) via WebSearch.","-20.1597222","57.505","confirmed - google places (single match)","port-louis-jummah-masjid.jpg","","","","","","","","",""
"Port Louis initial list","1","Government House","building","Intendance St, Port Louis, Mauritius","","","","The seat of Mauritius's colonial and now national government, at the top of Place d'Armes. The first Government House, built of wood in 1725 under the French, was destroyed by a cyclone in 1727. Construction of a permanent building began under French governors Nicolas de Maupin and Mahé de Labourdonnais, who enlarged it into the building's current footprint in 1738, originally named the Hôtel du Gouvernement.","Place d'Armes, the grand palm-lined boulevard leading up to it, is often called the most iconic street in Mauritius and is lined with statues of figures from the island's history.","","GPS: Google Places, chosen from 3 candidates (also matched ""Government House Police Post"", ""Sterling House"" - address and location both point clearly to the main building). History from Lonely Planet/Holidify via WebSearch.","-20.1630396","57.5035699","confirmed - google places (verified against 3 candidates)","port-louis-government-house.jpg","","","","","","","","",""
"Port Louis initial list","1","Place d'Armes","history","Place d'Armes, Port Louis, Mauritius","","","","The grand royal-palm-lined boulevard running from Government House down to the waterfront, and the most iconic public space in Port Louis. Originally the site of a fortification and battery built by Governor De Nyon and later reinforced by Mahe de Labourdonnais, it was laid out as the ceremonial approach to Government House, the French colonial residence dating to 1738. Today the avenue is lined with statues of the figures who shaped the island's history, from colonial governors like Sir William Stevenson and Sir John Pope Hennessy to Queen Victoria and lawyer Sir William Newton, who helped democratise Mauritius's electoral system.","At the quayside end of the avenue stands a bronze statue of Mahe de Labourdonnais, cast by French sculptor A. Dumont and inaugurated on 30 August 1859 - it has since become one of the most recognised emblems of Port Louis itself.","","GPS: Google Places single match (a neighbourhood-type result covering the boulevard itself). History from Lonely Planet/Holidify via WebSearch. Expanded via WebSearch (Lonely Planet, Holidify, GPSmyCity, Commonwealth Walkway) per user request for longer description.","-20.1617613","57.5021551","confirmed - google places (single match)","port-louis-place-d-armes.jpg","","","","","","","","",""
"Port Louis initial list","1","Central Market Port Louis","history","9 Corderie St, Port Louis, Mauritius","","","","The historic heart of Port Louis's daily life, dating to 1839 under British colonial rule (the market itself traces back further, to a 1828 origin before moving to this site in 1833). Its wrought-iron gates, decorated with floral motifs and dating from 1839, are a well-known piece of the city's Victorian-era heritage. The building was heavily renovated between 2001 and 2004 after several fires, while its original character was preserved.","For nearly two centuries the market has been a meeting point for all of Mauritius's communities - Creole, Franco-Mauritian, Indian, Chinese and African - trading side by side, and it's still often called the Bazaar or Victoria Market by locals.","","GPS: Google Places single match. History from pickyourtrail.com/ilemaurice.im via WebSearch.","-20.1606919","57.5029509","confirmed - google places (single match)","port-louis-central-market-port-louis.jpg","","","","","","","","",""
"Port Louis initial list","1","Champ de Mars","history","9 Dauphine St, Port Louis, Mauritius","","","","Home to the Champ de Mars Racecourse, inaugurated on 25 June 1812 by the Mauritius Turf Club - the oldest horse-racing club in the Southern Hemisphere and the second-oldest in the world. Before it was a racecourse, French governor Mahé de La Bourdonnais used the ground as a military training field for his troops.","When Mauritius became independent on 12 March 1968, the flag-hoisting ceremony marking the occasion was held here at the Champ de Mars - tying the island's oldest sporting institution to its newest chapter as a nation.","https://en.wikipedia.org/wiki/Champ_de_Mars_Racecourse","GPS: Google Places single match. History from Wikipedia/Atlas Obscura/Medium via WebSearch.","-20.1692212","57.5101827","confirmed - google places (single match)","port-louis-champ-de-mars.jpg","","","","","","","","",""
"Port Louis initial list","1","Citadelle (Fort Adelaide)","building","Sebastopol St, Port Louis, Mauritius","","","","Also known as Fort Adelaide, this hilltop citadel overlooking Port Louis was built by the British between 1830 and 1840, named after Queen Adelaide, consort of King William IV. It was built to guard against invasion and control local unrest amid racial tensions of the period, using hundreds of Indian contractors over six years of construction.","Despite its imposing basalt-stone walls, the fort was never actually used in combat, and today survives as the best-preserved of the major British fortresses built on the island.","","GPS: Google Places single match. History from templeseeker.com/mauritiusattractions.com via WebSearch.","-20.1637146","57.5102772","confirmed - google places (single match)","port-louis-citadelle-fort-adelaide.jpg","","","","","","","","",""
"Port Louis initial list","1","Cannon Stand","history","69 Emmanuel Anquetil St, Port Louis, Mauritius","","","","A row of cast-iron cannons mounted on wooden carriages along the ramparts of the Citadelle (Fort Adelaide), still aimed out over Port Louis harbour just as they were when the fort was completed. Built from black basalt in a Moorish style between 1830 and 1840 under British colonial rule, the fort was raised to guard against a feared French invasion and to help control local opposition to the abolition of slavery, though its guns were, in the end, never fired in anger.","Despite bristling with cannons and room for a 200-strong garrison, Fort Adelaide never saw combat - it functioned instead as a show of force overlooking the harbour, and today its ramparts are better known as one of the best viewpoints over Port Louis and the surrounding mountains.","","GPS: Google Places single match. Not independently researched - grouped with the Citadelle above. Expanded via WebSearch (Mauritius Attractions, Wanderlog, thingstodoinportlouis) per user request for longer description; photo is user-provided.","-20.1633953","57.5097652","confirmed - google places (single match)","port-louis-cannon-stand.jpg","","","","","","","","",""
"Port Louis initial list","1","Blue Penny Museum","museum","Caudan Waterfront, Port Louis, Mauritius","","","","A museum dedicated to the history and art of Mauritius, at Caudan Waterfront, opened in November 2001. Its centrepiece is the pair of 1847 ""Post Office"" stamps - the one-penny orange-red and two-pence blue - among the rarest and most valuable stamps in the world, whose designs were based on Britain's Penny Black and feature Queen Victoria's profile.","A consortium of Mauritian companies, led by the Mauritius Commercial Bank, paid $2,000,000 in 1993 to buy the stamps back to the island after almost 150 years abroad. To protect them from light damage, the originals are only illuminated for ten minutes on the quarter-past of every opening hour - the rest of the time, visitors see facsimiles.","https://en.wikipedia.org/wiki/Blue_Penny_Museum","GPS: Google Places single match. History from Wikipedia/bluepenny.museum via WebSearch.","-20.1609278","57.497513","confirmed - google places (single match)","port-louis-blue-penny-museum.jpg","","","","","","","","",""
"Port Louis initial list","1","Aapravasi Ghat World Heritage Site","history","1 Quay St, Port Louis, Mauritius","","","","A UNESCO World Heritage Site since 2006, and the place where the modern indentured-labour diaspora began. Built in 1849, the Aapravasi Ghat (""Immigration Depot"") was the main entry point for almost 500,000 indentured labourers - mostly from India, but also China, Africa, Madagascar and Southeast Asia - brought to Mauritius between 1849 and 1923, mainly to work the island's sugar plantations after the abolition of slavery.","Roughly 70% of Mauritians today are descended from these indentured labourers - making this small 1,640 m² depot one of the most significant sites anywhere for understanding the origins of modern Mauritian society, and one of the earliest examples of the labour-migration system that would go on to reshape economies worldwide.","https://whc.unesco.org/en/list/1227/","GPS: Google Places single match. History from UNESCO/mauritiusnow.com via WebSearch - a sensitive, historically important site, facts cross-checked against the official UNESCO listing.","-20.158554","57.5029509","confirmed - google places (single match)","port-louis-aapravasi-ghat-world-heritage-site.jpg","","","","","","","","",""
"Port Louis initial list","1","Sir Sewoosagur Ramgoolam Statue","statue","Port Louis, Mauritius","","","","A statue at Caudan Waterfront of Sir Seewoosagur Ramgoolam, the first Prime Minister of independent Mauritius. Born in 1900 at Belle Rive to an indentured labourer from India, he rose from a self-enrolled mission-school pupil to co-found the Mauritius Labour Party in 1936, campaigning for voting and workers' rights. He served as Mayor of Port Louis, Chief Minister and Premier before leading Mauritius to independence on 12 March 1968 as its first Prime Minister, later serving as Governor-General - a journey still celebrated as the model of the nation's founding story.","As the first head of the independent government, Ramgoolam established free education, free healthcare and a national social security system - a legacy still commemorated with wreath-laying ceremonies held at statues like this one, and remembered every year on his birthday, 12 September, celebrated as SSR's birth anniversary.","","GPS: Google Places single match. History from Alamy/journaldudimanche.com via WebSearch. Note: an earlier automated image search for this entry returned the WRONG statue (a Pierre Poivre bust in the unrelated SSR Botanical Garden) - image left blank, needs a manual photo. Description expanded via WebSearch (BlackPast.org, Wikipedia, Encyclopedia.com) per user request; photo still needed - repaste requested, clipboard was empty on last attempt.","-20.1607402","57.500884","confirmed - google places (single match)","port-louis-ramgoolam-statue.jpg","","","","","","","","",""
"Port Louis initial list","1","Port Louis Fire Station","building","Maillard St, Port Louis, Mauritius","","","","The Port Louis Fire and Rescue Service's main station, a working municipal building housed in a handsome colonial-era structure dating to 1906 - the oldest fire station still in operation in Mauritius. It replaced an earlier station relocated from the port area in 1850, part of the city's long, hard-won response to the devastating fires of 1816 and 1892 that tore through Port Louis when most buildings were still made of wood and straw.","The station's watch tower once served as a lookout for spotting fires across the city before modern communications existed, and it still houses one of only three surviving Merryweather clocks in the world - a rare mechanical relic from the early era of organised firefighting.","","GPS: Google Places single match. Not researched - a working public-service building, unlikely to be tour-worthy. Expanded via WebSearch (Wanderlog, Le Musee des Pompiers de La Reunion, Caudan Waterfront heritage guide) per user request for longer description; photo is user-provided.","-20.164693","57.504012","confirmed - google places (single match)","port-louis-fire-station.jpg","","","","","","","","",""
"Port Louis initial list","1","Café du Vieux Conseil","building","Rue du Vieux Conseil, Port Louis, Mauritius","","","","A colonial-era courtyard café on Rue du Vieux Conseil (""Old Council Street""), tucked among the historic government-quarter buildings near Government House. Housed in an old Port Louis institution with a veranda and timber kiosks shaded by large trees, the courtyard doubles as a venue for lunches, concerts, exhibitions and evening events alongside its regular menu of Mauritian, Indian and Italian dishes.","The chef's specialty is a pancake served with either asparagus or thinly sliced smoked marlin - a small sign of how thoroughly French, Indian and Mauritian culinary traditions blend together on a single menu here.","","GPS: Google Places single match. A working restaurant, not independently researched. Expanded via WebSearch (Tripadvisor, Petit Fute, Mindtrip) per user request for longer description; photo requested but clipboard grab failed twice - repaste needed.","-20.1641494","57.5039678","confirmed - google places (single match)","port-louis-cafe-du-vieux-conseil.jpg","","","","","","","","",""
"Port Louis initial list","1","Port Louis Theatre","building","Remy Ollier St & Jules Koenig St, Port Louis, Mauritius","","","","The Port Louis Theatre, the oldest theatre in the Indian Ocean region. Governor Robert Farquhar laid its first stone in 1820, and architect Pierre Poujade built it in the style of classic London playhouses, with the theatre inaugurated on 11 June 1822. Inside, three tiers of seating for around 600 sit beneath an ornately painted dome ceiling of cherubs and chandeliers, and for over a century it was the island's sole home for opera, drama and balls, until the Plaza Theatre opened in Rose Hill in 1933.","The idea of bringing theatre to Mauritius dates back even earlier than the building itself - a French warship's health officer first brought a troupe to perform in Port Louis in 1790, though it was disbanded just two years later by a smallpox epidemic.","","GPS: Google Places single match. Not independently researched - worth a WebSearch pass if it becomes a shortlisted landmark (Mauritius has a historic Port Louis Theatre dating to the 1820s, but this wasn't confirmed against this specific listing). Confirmed via WebSearch (Opera Mauritius, GPSmyCity, vintagemauritius.org) that this listing is the historic 1822 Municipal Theatre; description expanded accordingly.","-20.1635722","57.5043847","confirmed - google places (single match)","port-louis-port-louis-theatre.jpg","","","","","","","","",""
"Port Louis initial list","1","Aurelie Perrine Passenger Terminal","building","Port Louis, Mauritius","","","","A passenger ferry terminal on the Port Louis waterfront, run by the Mauritius Ports Authority and operated by Mauritius Shipping Corporation under the Coraline service. From here, the ms Mauritius Trochetia sails several times a month to Rodrigues and Reunion Island, carrying both passengers and cargo, making the terminal the main sea link between mainland Mauritius and its outer islands. Facilities include a canteen, money changer and duty-free shop for travellers.","The crossing to Rodrigues, roughly 560km east across open ocean, takes about 36 hours outbound and around 24 hours on the return leg (longer in rough seas) - a reminder that for most of the year the Mauritius Trochetia is Rodrigues's lifeline for both people and freight, alongside its short air link.","","GPS: Google Places single match. Functional transport infrastructure, not independently researched. Expanded via WebSearch (Mauritius Shipping, Mauritius Ports Authority) per user request for longer description; crossing-time fact verified against a second WebSearch pass (Mauritius Shipping Corporation, Tripadvisor); photo requested but clipboard grab failed - repaste needed.","-20.155356","57.4982434","confirmed - google places (single match)","port-louis-aurelie-perrine.jpg","","","","","","","","",""
"Port Louis initial list","1","Eastern Roche Bois Cemetery","history","Cemetery Rd, Port Louis, Mauritius","","","","A historic public cemetery at the eastern edge of Port Louis, in the Roche Bois neighbourhood close to the docks, entered through a dark basalt archway topped with a cross. Rows of graves stretch back beneath the palms, reflecting generations of the city's residents, and the site is also recognised by the Commonwealth War Graves Commission for the burials it holds.","Tucked among the older graves are two Commonwealth war burials from the First World War, their granite headstones maintained by the CWGC - one near the entrance, the other by the boundary wall in the section marked 'E2'.","","GPS: Google Places single match. Not independently researched. Expanded via WebSearch (Commonwealth War Graves Commission) per user request for longer description; photo is user-provided.","-20.1476739","57.5016246","confirmed - google places (single match)","port-louis-eastern-roche-bois-cemetery.jpg","","","","","","","","",""
"Port Louis initial list","1","Fort George","history","Port Louis, Mauritius","","","","The site of Fort George, the largest stone fortification ever built in Mauritius, guarding the northern entrance to Port Louis harbour. A fortification has stood on this ground since Mahe de Labourdonnais's time in 1730, but the British rebuilt it in earnest in the 19th century - named for King George III and IV - both to deter a French attack and to keep the island's slave-owning planters in check after the 1831 Mauritius Rebellion. By 1882 it carried a mix of upgraded Rifled Muzzle Loading guns, making it the most heavily armed post at the harbour mouth.","Fort George was declared a national monument in 1998 and reconfirmed as national heritage in 2003, but much of the site has fallen into serious disrepair - heritage campaigners have pushed for years to save what remains of Mauritius's largest stone fort from being lost for good.","","GPS: Google Places, 2 near-identical candidates. Not independently WebSearch-verified - a Wikimedia image search for this entry returned an unrelated power-station photo, so image left blank. Expanded via WebSearch (pinkroutes.com Defence of British Ports, Mauritius Heritage, Mauritius Times) per user request for longer description; photo is user-provided.","-20.1472519","57.4913463","confirmed - google places (verified against 2 candidates)","port-louis-fort-george.jpg","","","","","","","","",""
"Port Louis initial list","1","Christian Decotter Cruise Terminal","building","Port Louis, Mauritius","","","","A cruise-ship passenger terminal on the Port Louis waterfront at Les Salines, named after Christian Decotter, a Mauritian aviation and tourism figure who spent decades in commercial aviation and travel management with companies including Rogers and MTTB, and headed the Concorde travel agency from 1979. Renovated and reopened in 2008, the terminal was the first in the region able to berth the world's largest cruise ships, cementing Port Louis Harbour's role as the premier cruise hub of the Indian Ocean - a 7,500-square-metre facility able to process up to 4,000 passengers at peak times across two access bridges.","Decotter became the public face of Mauritian tourism policy in the 1990s: spokesperson for the PMSD party, then appointed Chairman of the Tourism Advisory Board in March 1995 under Minister Xavier-Luc Duval. Off duty he was a keen sportsman - a competitive volleyball and basketball player and multiple island tennis-tournament winner - before his death in July 2003.","","GPS: Google Places single match. Functional port infrastructure. Expanded via WebSearch (Mauritius Ports Authority, GPSmyCity, CruiseMapper) per user request for longer description; photo is user-provided. Biographical detail on Christian Decotter (aviation/tourism career, PMSD spokesperson, Tourism Advisory Board chairman 1995, sportsman, d. July 2003) supplied directly by user via Google search.","-20.1564475","57.4921317","confirmed - google places (single match)","port-louis-christian-decotter-cruise-terminal.jpg","","","","","","","","",""
"Port Louis initial list","1","Pere Laval Church & Museum","religious_building","27 Ste Croix Rd, Port Louis, Mauritius","","","","A major Catholic pilgrimage shrine in the Sainte-Croix district, built around the tomb of Father Jacques-Desire Laval - a French missionary priest and trained doctor who spent nearly 23 years ministering to Mauritius's recently freed slaves and is credited with converting 67,000 people to Christianity. Known as the 'Apostle of Mauritius', he died on 9 September 1864, and more than thirty thousand mourners followed his casket to the tomb opposite the church where it still lies today. He was beatified by Pope John Paul II in 1979, and the site is often described as the Lourdes of the Indian Ocean, with numerous miracles attributed to pilgrims who have visited.","Every 8 September, people set out from across Mauritius on foot for an overnight march to reach the shrine by his feast day on the 9th - tens of thousands of pilgrims of every faith, some travelling from as far as France, South Africa and Britain, gather to mark the anniversary of his death.","","GPS: Google Places single match. General knowledge of Pere Laval's significance in Mauritian Catholic history - not individually WebSearch-verified this session, worth confirming dates/details if shortlisted. Renamed to Pere Laval Church & Museum and expanded via WebSearch (Lonely Planet, Wikipedia, Mauritius Attractions, Super Holidays Mauritius) per user request; photo is user-provided. Note: a separate Pere Laval Museum row also exists in this CSV (own photo/entry) - not merged, per literal scope of the request.","-20.1481173","57.5291991","confirmed - google places (single match)","port-louis-pere-laval-church.jpg","","","","","","","","",""
"Port Louis initial list","1","Plateau","viewpoint","Military Rd, Port Louis, Mauritius","","","","A scenic elevated vantage point ('Le Plateau') above Port Louis, off Military Road, looking out over the packed rooftops of the capital down to the harbour and Indian Ocean beyond. The name reflects the area's role in the city's history: after repeated disasters in Port Louis itself - the great fire of 1816, recurring malaria outbreaks and cyclones - much of the population moved up to this cooler, healthier central plateau, and many residents still live on these slopes today.","On a clear day the view stretches from the high-rise towers of the city centre, past the harbour's cranes and cargo ships, all the way out to the open ocean - a single sightline over more than two centuries of Port Louis's growth from a fire-prone colonial port to a modern capital.","","GPS: Google Places, 2 candidates (""Plateau"" and ""Le Plateau"" - same place, French/English naming). Not independently researched. Expanded via WebSearch (Britannica, State Magazine) per user request for longer description; photo is user-provided.","-20.1556021","57.5223588","confirmed - google places (verified against 2 candidates)","port-louis-plateau.jpg","","","","","","","","",""
"Port Louis initial list","1","Viewpoint of Port-Louis","viewpoint","Signal Mountain Road, Mauritius","","","","A lookout point atop Signal Mountain (Montagne des Signaux), a 323-metre peak overlooking Port Louis, reached by a tarred road that makes it the easiest of the island's peaks to climb on foot or by vehicle. The mountain takes its name from a French-era signal post once used to relay news of approaching ships to the harbour below, since replaced by a modern antenna farm.","The signal station here dates to the French colonial period, when lookouts used flag signals from the summit to alert Port Louis merchants to incoming ships hours before they reached the harbour.","","GPS: Google Places, 2 candidates (""Viewpoint of Port-Louis"" and generic ""Viewpoint"" nearby - same spot). Not independently researched. | Expanded via WebSearch (AllTrails, Expat.com, carrotmadman6 blog) 2026-09-17","-20.1783","57.5010142","confirmed - google places (verified against 2 candidates)","port-louis-viewpoint.jpg","","","","","","","","",""
"Port Louis initial list","1","Rajiv Gandhi Science Center","museum","Old Moka Rd, Port Louis, Mauritius","","","","An interactive science museum in Port Louis built through Indian government assistance, aimed at kindling scientific curiosity among young Mauritians through hands-on exhibits, models and outreach programmes. It supplements formal school science education and hosts lectures, seminars and science fairs for the public.","The centre traces back to a 1994 Trust Fund Act; its foundation stone was laid in 1995 in the presence of Sonia Gandhi, and it finally opened to the public on 30 November 2004, a decade after the enabling legislation was passed.","","GPS: Google Places single match. Not independently researched this session. | Expanded via WebSearch (High Commission of India Mauritius, MauritiusLII) 2026-09-17","-20.173252","57.4845504","confirmed - google places (single match)","port-louis-rajiv-gandhi-science-centre.jpg","","","","","","","","",""
"Port Louis initial list","1","La Tour Koenig","history","Tour Koenig, Port Louis, Mauritius","","","","A stone tower built in the early 19th century by Henry Koenig, a founder of the Mauritius Commercial Bank, as a gift for his Bavarian-born father to remind him of the windmills of his homeland - it was never a functioning mill. Standing about 17 metres tall in a Limousin stonework style unique on the island, it is now a national monument managed by the National Heritage Fund, within the grounds of the Nelson Mandela Cultural Centre.","The tower was left permanently unfinished after a worker fell to his death while placing its fifth carved stone coping - construction was never resumed.","","GPS: Google Places single match (resolved as the sublocality 'Tour Koenig' rather than the specific structure - Wikimedia image search separately found ""La Tour Koenig Windmill"", suggesting it IS a windmill; coordinates should be double-checked against the actual structure, not just the neighbourhood centroid, before promotion. | Expanded via WebSearch (SOS Patrimoine en Péril, Explory, The Bill Beaver Project) 2026-09-17. Confirms this is a decorative folly tower, not a working windmill as earlier source_notes speculated.","-20.1799149","57.4697973","needs manual verification - resolved to neighbourhood centroid, not the structure itself","port-louis-la-tour-koenig.jpg","","","","","","","","",""
"Port Louis initial list","1","Martello Tower","history","Port Louis, Mauritius","","","","A squat coastal defence tower built by the British between 1832 and 1835, one of five raised around Mauritius after the 1810 conquest from France amid fears of a French counter-attack. Its design copied the Torra di Mortella in Corsica, which had impressed British forces for its thick basalt walls, flat gun roof and self-contained garrison quarters. Restored in 1992 with funding from the Mauritian government and several foreign missions, it reopened as a museum in 2000 and is now a protected national heritage site.","Despite being purpose-built for war, none of Mauritius's Martello towers ever fired a shot in anger - they were rendered obsolete by advances in artillery before any French attack materialised.","","GPS: Google Places single match. General knowledge of Martello towers' purpose - not individually WebSearch-verified for this specific tower. | Expanded via WebSearch (Martellotowers.co.uk, Mauritius Attractions, Kupi.com) 2026-09-17","-20.1678097","57.4719236","confirmed - google places (single match)","port-louis-martello-tower.jpg","","","","","","","","",""
"Port Louis initial list","1","Memoire Des Naufrages Du Stargate","history","Port Louis, Mauritius","","","","A memorial to the ten people who died when the pleasure boat Stargate sank in rough seas near Baie-du-Tombeau while returning from a day trip to Île Plate, off the north coast. Fourteen young holidaymakers and crew were aboard; only four survived. The tragedy led to manslaughter charges against the boat's owner, Donald Veerabadren, over the vessel's seaworthiness.","Among the ten who died was the boat's own skipper, Mamode Dowlut, alongside nine young passengers including Irsand Pokun, Israq Khodabux and Yashill Oozeer - names still listed on the memorial.","","GPS: Google Places single match. Name translates as ""Memorial to the Shipwrecked of the Stargate"" - not independently researched, details of the wreck itself unconfirmed. | Expanded via WebSearch (lexpress.mu) 2026-09-17. Note: exact date of the sinking not confirmed by available sources (referenced in a 2003 news article) - description avoids stating a specific date.","-20.1539415","57.4875709","confirmed - google places (single match), content unverified","port-louis-memoire-des-naufrages-du-stargate.jpg","","","","","","","","",""
"Port Louis initial list","1","Les Salines Garden","quirky","Port Louis, Mauritius","","","","A public garden in the Les Salines district, named for a saltworks founded on the site in 1726 by salt-worker Jean Dominique Michel de Caudan during the era of Governor Mahé de Labourdonnais - salt was a vital commodity then, used to preserve meat for ships' stores. Also known as Robert Edward Hart Garden, it later became a pleasure ground and place of relaxation for Port Louis residents, and the district still holds Kwan Tee Pagoda, the oldest Chinese temple on the island, founded in 1842.","The salt pans that gave the district its name were founded in 1726, more than a decade before Port Louis itself became the island's capital under Labourdonnais in the 1730s.","","GPS: Google Places single match. Not independently researched. | Expanded via WebSearch (infoilemaurice.com) 2026-09-17","-20.1605512","57.4894478","confirmed - google places (single match)","port-louis-les-salines-garden.jpg","","","","","","","","",""
"Port Louis initial list","1","Tortoise Park","quirky","Port Louis, Mauritius","","","","A small tortoise enclosure in Port Louis, most likely home to Aldabra giant tortoises - a conservation-minded attraction of a type found at several sites around Mauritius. Fittingly, Port Louis itself was dubbed the 'Harbour of Tortoises' by early Dutch sailors who anchored here from 1606, giving any tortoise display in the capital a nice historical echo, even if this particular park's own founding history is not independently documented.","","","GPS: Google Places single match. Not independently researched - a good candidate for a quick photo-source visit if shortlisted, since tortoise parks are usually visually distinctive. | Expanded via WebSearch (mauritiusattractions.com, general Mauritius tortoise-park sources; historicmauritius/Port Louis Dutch-era naming): two attempts found no substantive independent source for this specific park - description draws on the general Port Louis 'Harbour of Tortoises' naming history and typical tortoise-park context only; interesting_fact left blank rather than fabricated. 2026-09-17","-20.1592789","57.4878258","confirmed - google places (single match)","port-louis-tortoise-park.jpg","","","","","","","","",""
"Port Louis initial list","1","Lenin Statue Bust","statue","Port Louis, Mauritius","","","","A bronze bust of Vladimir Lenin standing in a small square in Port Louis, an unlikely sight for a tropical island tour. It commemorates the Soviet Union's early recognition of Mauritian independence and Cold War-era ties between the two countries - one of the more unexpected monuments a visitor can stumble across in the capital.","The bust was installed in 1983 in what is known locally as Yuri Gagarin Square, named after the Soviet cosmonaut - making it a small cluster of Soviet-linked commemoration in one corner of Port Louis.","","GPS: Google Places single match. Historical/political context is a plausible inference, not independently verified - worth a WebSearch pass if shortlisted, as it's an unusual and potentially interesting story. | Expanded via WebSearch (rbth.com, Wikipedia list of Lenin sculptures) 2026-09-17","-20.1594014","57.4890984","confirmed - google places (single match), content unverified","port-louis-lenin-statue-bust.jpg","","","","","","","","",""
"Port Louis initial list","1","Cimetiere de l'Ouest","history","1 Cemetery Road, Port Louis, Mauritius","","","","The Western Cemetery of Port Louis, established in 1771 after its predecessor near the Pouce stream was closed over fears of infection - it was originally known as the Cimetière du Fort Blanc, after a nearby fort. Its ornate Creole, French and British tombstones and mausoleums chart the island's colonial history, though the cemetery, expanded to 60,000 square metres, was still overwhelmed by the catastrophic 1865-67 malaria epidemic that killed roughly a third of Port Louis's population.","The cemetery started out covering just 600 square metres in 1771 - a hundredth the size it eventually grew to as the city's burial needs multiplied over the following century.","","GPS: Google Places single match. Not independently researched. | Expanded via WebSearch (SOS Patrimoine en Péril, Geneanet) 2026-09-17","-20.1599011","57.4864133","confirmed - google places (single match)","port-louis-cimetiere-de-l-ouest.jpg","","","","","","","","",""
"Port Louis initial list","1","1892 Hurricane Memorial","history","Port Louis, Mauritius","","","","A memorial to the catastrophic cyclone of 29 April 1892, which struck Mauritius with winds over 195 km/h and remains one of the deadliest tropical cyclones ever recorded in the Southern Hemisphere. Roughly a third of Port Louis was flattened, some 1,500 houses were wrecked, 20,000 residents left homeless, and at least 596 people died in the city alone - out of about 1,200 deaths across the island.","The storm was powerful enough to snap the stone tomb-monument of Governor Malartic in Champ de Mars clean in two, a small but telling sign of just how violently the 1892 cyclone tore through the capital.","","GPS: Google Places single match. General knowledge of the 1892 cyclone's severity - the memorial's specific details (inscription, commissioning) not individually WebSearch-verified. | Expanded via WebSearch (Wikipedia 1892 Mauritius cyclone, vintagemauritius.org) 2026-09-17. Note: sources confirm the cyclone's severity in detail but no independently-documented specific memorial structure/inscription was found under this exact name - description focuses on the well-sourced disaster itself.","-20.1587515","57.4871723","confirmed - google places (single match)","port-louis-1892-hurricane-memorial.jpg","","","","","","","","",""
"Port Louis initial list","1","Marina","building","Port Louis, Mauritius","","","","A working small-boat marina on the Port Louis waterfront - locally known as ""Bassin des Chaloupes"" (basin of the whaleboats) - built as part of the Caudan Waterfront development that opened in 1996. It offers around 20 berths with power, water, showers and laundry facilities, with depths shifting between roughly 2 and 4 metres at low tide, and sits below the backdrop of the Moka mountain range, with fishing boats and pleasure craft moored side by side.","Port Louis is Mauritius's only official port of entry for yachts arriving from across the Indian Ocean - every visiting vessel must first clear Health, Immigration and Customs at the Customs Landing Steps in the main harbour (a fixed sequence that can take under an hour with an agent) before it's allowed to move here to the marina itself, and the commercial port only opens to arriving traffic between 6am and 6pm.","","GPS: Google Places single match, generic name. Functional waterfront infrastructure. | Expanded via WebSearch (caudan.com, wesailors.com) 2026-09-17. Generic name and location make it likely this is the Caudan Waterfront marina specifically - interesting_fact left blank since nothing distinctive/verifiable beyond berth count was found. | Further expanded 2026-09-17 via WebSearch (caudan.com ""The Marina"", mauport.com, noonsite.com cruiser clearance guide) - added local name ""Bassin des Chaloupes"" and the port-of-entry/clearance detail.","-20.1601104","57.4969383","confirmed - google places (single match)","port-louis-marina.jpg","","","","","","","","",""
"Port Louis initial list","1","Le Suffren Hotel & Marina","building","Port Louis, Mauritius","","","","A 4-star hotel on the Caudan Waterfront with its own marina, named after Pierre André de Suffren, the 18th-century French admiral who used Île de France (as Mauritius was then called) as his forward base while fighting the British for control of the Indian Ocean during the 1780s. Its nautical-themed rooms and harbour-facing terraces trade on that seafaring history at the water's edge of Port Louis.","Suffren arrived at Île de France in July 1781 to resupply his squadron before waging an inconclusive but fiercely fought naval campaign against Britain's Vice-Admiral Edward Hughes - the same rivalry the hotel's name still nods to over two centuries later.","","GPS: Google Places single match. A commercial hotel, not independently researched. | Expanded via WebSearch (Wikipedia Pierre André de Suffren, ninetysixhotels.com) 2026-09-17","-20.160376","57.495435","confirmed - google places (single match)","port-louis-le-suffren-hotel-marina.jpg","","","","","","","","",""
"Port Louis initial list","1","Meat Market","quirky","Central Market, Port Louis, Mauritius","","","","The butchery section of Port Louis's Central Market, on this site since the market moved to La Corderie Street in 1833, within a building whose gates and cast-iron colonial architecture were inaugurated by Governor Sir William Gomm in 1844. Physically separated from the market's adjoining fish and fresh-produce halls, it supplies much of the capital's daily cooking, and its trade largely follows halal practice, reflecting the sizeable Muslim community concentrated in this part of Port Louis. Trading starts well before dawn, with the busiest activity long over by the time most of the city's shops open for the day.","The oldest surviving building of Central Market dates to 1833 - meaning shoppers here are buying meat in a structure that predates the abolition of slavery in Mauritius (effective 1 February 1835, when 66,343 people were freed) by about two years.","","FLAG FOR USER: GPS needs manual verification. The Places API top match for this query was a specific, wrongly-named business (""Bam & Bambino Cold Storage"", one of 20 candidates that came back for a generic ""Meat Market"" search). Coordinates here are placed near Central Market Port Louis's confirmed location as a reasonable approximation - use in-app GPS correction (Dev Tools drag) once promoted, or treat as effectively the same stop as Central Market. | Expanded via WebSearch (infoilemaurice.com, pickyourtrail.com, thingstodoinportlouis.com) 2026-09-17 | fact date-checked against Wikipedia/ilemaurice.com on Mauritius abolition date 2026-09-17 | GPS corrected to user-provided on-site coordinates 2026-09-17, supersedes earlier placeholder flag. | Further expanded 2026-09-17 via WebSearch (pilotguides.com, holidify.com Central Market history) - added Governor Gomm/1844 inauguration detail and halal-trade context; interesting_fact unchanged (already verified).","-20.15959409788361","57.50236698857931","Confirmed by user on-site GPS","port-louis-meat-market.jpg","","","","","","","","",""
"Port Louis initial list","1","Fish Market","quirky","Port Louis, Mauritius","","","","The fish and seafood section of Central Market Port Louis, opening from around 6am each day as fishermen bring in their catch from the Indian Ocean - octopus (fresh and dried), shark, wahoo, marlin, lobster and more. Unlike the fixed-price stalls elsewhere in the market, this section still runs on an auction system, with fishmongers calling out and haggling over the price of each morning's catch in full view of shoppers - a louder, livelier way of trading than anywhere else in the market complex.","The market's fish auctions happen daily at dawn, which means the liveliest trading here is often over before most tourists - and even most Port Louis office workers - have started their day.","","GPS: Google Places single match. Not independently researched. | Expanded via WebSearch (infoilemaurice.com, pickyourtrail.com) 2026-09-17. No distinct fact specific to the fish section (beyond general market history already used for Meat Market) was found - interesting_fact left blank to avoid repeating that same fact. | GPS corrected to user-provided on-site coordinates 2026-09-17. | Further expanded 2026-09-17 via WebSearch (lemandalamoris.com, ilemaurice.im markets guide) - added the auction-trading detail as this section's distinguishing feature versus the meat/produce sections, and added an interesting_fact (previously left blank for lack of a distinct fact).","-20.15935494797741","57.50255714681074","Confirmed by user on-site GPS","port-louis-fish-market.jpg","","","","","","","","",""
"Port Louis initial list","1","Rabita Hall","building","28 Pope Hennessy St, Port Louis, Mauritius","","","","An event and function hall in central Port Louis, on Pope Hennessy Street close to St James Cathedral, the Supreme Court and the passport office, run by the Muslim Educational Society - a community organisation founded in 1926 by Mawlana Abdullah Rashid Nawab. Alongside weddings, community gatherings and religious lectures, the hall anchors a wider network of educational and social programmes the Society runs across the capital.","The same Society behind Rabita Hall also runs the Rabita Prevocational School, set up in 1999 to give young girls who have dropped out of mainstream education practical skills training and a path back into work - a reminder that a hall best known for weddings is also the public face of a century-old charitable network.","","GPS: Google Places single match. A functioning private venue with minimal public historical information - low priority for a walking-tour stop unless there's a specific story attached. | Expanded via WebSearch (Cybo, Facebook Muslim Educational Society - Rabita Hall) 2026-09-17. Society founding date/founder found but not independently corroborated beyond one source - treated as descriptive context rather than a standalone verified fact, so interesting_fact left blank. | Further expanded 2026-09-17 via WebSearch (actogether.mu Rabita Prevocational School listing, corroborating Facebook page) - founding date/founder now cross-confirmed by a second independent source; added the prevocational-school fact.","-20.1667938","57.5062056","confirmed - google places (single match)","port-louis-rabita-hall.jpg","","","","","","","","",""
"Port Louis initial list","1","Tombeau Malartic","history","Port Louis, Mauritius","","","","An obelisk-tomb in the grounds of Champ de Mars racecourse, raised in 1800 by the colonial administration for Anne Joseph Hippolyte de Maurès, Comte de Malartic, who governed the French territories east of the Cape of Good Hope from 1792 until his death in Port Louis on 28 July 1800. He was popular enough in office that the city's main street was later renamed Rue Malartic in his honour.","The 1892 cyclone was violent enough to snap Malartic's stone tomb-monument clean in two - a small but telling measure of just how destructive that storm was in Champ de Mars.","","GPS: Google Places single match. General knowledge of Governor Malartic's historical significance - specific tomb details not individually WebSearch-verified. | Expanded via WebSearch (Lonely Planet Malartic Tomb, Wikipedia Comte de Malartic) 2026-09-17","-20.1705861","57.5115532","confirmed - google places (single match)","port-louis-tombeau-malartic.jpg","","","","","","","","",""
"Port Louis initial list","1","Port Louis Gymkhana","building","Frère Felix De Valois St, Port Louis, Mauritius","","","","A social and sporting club in the British colonial 'gymkhana club' tradition, part of a model the Empire exported across its colonies from Africa to the Caribbean and Asia. Mauritius's gymkhana golf course, one of the oldest in the Southern Hemisphere, has hosted golf since 1844, when it began life as a service club for officers of the British Royal Navy stationed on the island.","The club's golf course has been played continuously since 1844, making it roughly contemporary with Port Louis's Central Market and one of the oldest sporting grounds anywhere in the Indian Ocean region.","","GPS: Google Places single match. Not independently researched. | Expanded via WebSearch (mauritiusnow.com, mauritius.com Gymkhana Club Golf Course) 2026-09-17","-20.1715418","57.5100317","confirmed - google places (single match)","port-louis-gymkhana.jpg","","","","","","","","",""
"Port Louis initial list","1","Tien Tan Chinese Pagoda","building","Foot of Signal Mountain, near Chinatown, Port Louis, Mauritius","","","","A Chinese Buddhist and Taoist temple at the foot of Signal Mountain, on the edge of Port Louis's Chinatown district, built in the 1960s as a scaled-down replica of Beijing's famous Temple of Heaven (Tian Tan), from which it takes its name - also written locally as Thien-Thane Pagode. A bright red staircase leads up to the temple against the green backdrop of the mountain, and inside there are no statues, only an altar where the faithful leave offerings beneath softly glowing lanterns and intricately carved decoration.","Unlike most pagodas, which are filled with statues of deities, the inside of Tien Tan Pagoda is deliberately bare but for a single altar - visitors come to light incense and leave offerings rather than to view religious imagery, in keeping with its Taoist roots.","","CORRECTED 2026-09-17, per user decision: this row previously covered a different building under the same name (a Chinese community/banquet hall on Justice Street, itself renamed here from ""Chinese Hall"" in an earlier review pass). Further research established that ""Tien Tan Pagoda"" properly refers to a real, separate, well-documented temple at the foot of Signal Mountain (also called Thien-Thane Pagode) - GPS, address, description, fact and photo have all been retargeted to that temple; the old Justice Street hall content has been dropped from this row entirely. GPS: Google Places single match (""Thien-Thane Pagode""). History via ozoutback.com, mauritiusattractions.com, voyageilemaurice.com WebSearch.","-20.176171","57.507138999999995","confirmed - google places (single match)","port-louis-tien-tan-pagoda.jpg","","","","","","","","",""
"Port Louis initial list","1","La Butte Glissement de terrain","history","Port Louis, Mauritius","","","","A site marking La Butte, one of Port Louis's recognised landslide-risk zones, where steep basalt slopes and clay-rich soils have repeatedly given way after heavy rain or nearby construction work. The area has been monitored and studied by the municipality and engineering researchers for years as part of wider efforts to manage landslide hazards across the city.","In August 2017, excavation work for the Metro Express rail project triggered a landslide at La Butte that cracked a road, brought down a utility pylon and damaged nearby walls - a vivid, recent example of why the site is flagged as high-risk.","","GPS: Google Places single match, only 1 review. Not independently researched - details of the landslide event unconfirmed. | Expanded via WebSearch (lexpress.mu, lemauricien.com Metro Express landslide reporting, allAfrica.com) 2026-09-17. Earlier source_notes speculated about 'the landslide event' (singular) - sources instead show this is a recurring risk zone with multiple recorded incidents, not one single historic event.","-20.1676602","57.4924214","confirmed - google places (single match), content unverified","port-louis-la-butte-glissement-de-terrain.jpg","","","","","","","","",""
"Port Louis initial list","1","Street Art and Murals","quirky","26 Dr Sun Yat Sen St, Port Louis, Mauritius","","","","A cluster of colourful murals along Dr Sun Yat Sen Street and the adjoining alley nicknamed 'Manga Street' (Venpin Street), in Port Louis's Chinatown. The artwork - including a giant dragon, a Bruce Lee portrait and anime-style characters - grew out of a revitalisation drive begun in 2005 by the New Chinatown Foundation, a group of young residents determined to breathe new life into a once run-down district.","Many of the murals here were painted to mark the 50th anniversary of bilateral ties between Mauritius and China, turning a once-neglected back alley into one of the most photographed spots in Port Louis.","","GPS: Google Places single match. MERGED ENTRY: the original saved list had two separate rows for this - ""Graffiti"" and ""Street Art and Murals"" - which both resolved to the exact same Google Places location (id ChIJBU9wuv1RfCERixnNYAZ19lQ), so they've been combined into one POI to avoid a duplicate. Original count was 88 places; this file has 87 rows for that reason. | Expanded via WebSearch (letsventureout.com, hive.blog Street Art series, enjoymaurice.com) 2026-09-17","-20.1600031","57.507832","confirmed - google places (single match) - merged duplicate list entry","port-louis-street-art-and-murals.jpg","","","","","","","","",""
"Port Louis initial list","1","Square Khadafi","history","51 Madad ul Islam St, Port Louis, Mauritius","","","","A public square in Plaine Verte, Port Louis's Muslim quarter, popularly known as Khadafi Square after Libyan leader Muammar Gaddafi donated a statue of himself to the city here in the 1980s, reflecting Libyan-Mauritian ties of that era. The statue was removed after Gaddafi's fall from power in 2011, but the square has kept his name and remains a community gathering point for the neighbourhood.","The statue that gave the square its name outlasted Gaddafi's own rule by only months - it came down soon after his 2011 overthrow and death, yet locals still call the square by his name today.","","GPS: Google Places, 2 candidates (""Square Khadafi""/""Khadafi Square"" - same place). Naming context is a plausible inference, not independently WebSearch-verified - worth confirming if shortlisted. | Expanded via WebSearch (mapcarta.com, GREAT AFRICA/Facebook, local Mauritius social media) 2026-09-17. Confirms earlier source_notes speculation about Libyan-funded ties - specifically a donated statue, since removed.","-20.1589129","57.5114255","confirmed - google places (verified against 2 candidates), naming context unverified","port-louis-square-khadafi.jpg","","","","","","","","",""
"Port Louis initial list","1","Old Ghoon Mazaar","religious_building","47b Benares St, Port Louis, Mauritius","","","","A mazaar (shrine to a revered holy figure) on Benares Street in Plaine Verte, the historic Muslim quarter of Port Louis that sits on the far side of the Citadelle hill. The district is the traditional home of the Ghoon (or Yamsé) festival, observed since 1790 by Mauritius's Shia Muslim minority to commemorate the martyrdom of Hussain, grandson of the Prophet Muhammad, during the Islamic month of Muharram.","The Ghoon festival tradition in Plaine Verte dates back to 1790 - old enough that Mauritius was still Île de France under French rule when it began, and it has been observed here through French, British and independent Mauritian eras alike.","","GPS: Google Places single match, no rating data yet. Not independently researched - the specific figure honoured here is unconfirmed. | Expanded via WebSearch (mautourco.com, halendar.wordpress.com, Lonely Planet Plaine Verte) 2026-09-17. Note: the specific holy figure honoured at this particular mazaar was not independently confirmed - description focuses on the well-documented Ghoon/Plaine Verte context instead.","-20.1594574","57.514343","confirmed - google places (single match), content unverified","","","","","","","","","",""
"Port Louis initial list","1","Islamic Cultural Centre","building","Port Louis, Mauritius","","","","A community centre serving Port Louis's Muslim community, established in August 1987 to meet a long-felt need for a dedicated cultural institution, in line with the Mauritian government's policy of promoting the cultural heritage of all communities on the island. It was placed on a formal legal footing two years later through the Islamic Cultural Centre Trust Fund Act, proclaimed on 15 December 1989 and subsequently amended several times.","The Centre's founding legislation has been amended three times since 1989 - in 1991, 2000 and 2001 - reflecting how its role expanded over more than three decades.","","GPS: Google Places single match. Not independently researched. | Expanded via WebSearch (yelo.mu, Islamic Cultural Centre Trust Fund Act references) 2026-09-17","-20.1634853","57.5127263","confirmed - google places (single match)","port-louis-islamic-cultural-centre.jpg","","","","","","","","",""
"Port Louis initial list","1","FORENA (Fondation Ressources et Nature) - Endemic tree plantation","quirky","Port Louis, Mauritius","","","","A reforestation site near the Citadelle (Fort Adelaide), planted with endemic Mauritian species by FORENA, a local environmental NGO working to restore the island's native forest cover. The hill has suffered serious soil erosion linked to climate change, and FORENA's plan covers roughly 11-12 hectares of the Citadelle's slopes as part of a wider mission that has planted over 20,000 endemic trees and replanted more than 20 hectares across Mauritius.","FORENA's broader restoration work has earned it over 20 Bio ECOcert organic-farming certifications alongside its tree-planting - a sign the foundation pairs reforestation with sustainable agriculture training for local communities.","","GPS: Google Places single match, only 1 review. Not independently researched. | Expanded via WebSearch (equatorinitiative.org, forena.mu, panorama.solutions) 2026-09-17","-20.1630374","57.5094557","confirmed - google places (single match)","port-louis-forena.jpg","","","","","","","","",""
"Port Louis initial list","1","Statue de Saint Louis","statue","St. Louis Cathedral's Garden, Pope Hennessy St, Port Louis, Mauritius","","","","A statue of Saint Louis (King Louis IX of France) standing in the garden of St Louis Cathedral, honouring the city and cathedral's namesake saint. It provides a quiet, reflective spot in the cathedral grounds, framed by the church's striking facade and well-kept gardens in the heart of Port Louis.","","","GPS: Google Places single match. Not independently researched. | Expanded via WebSearch (evendo.com, Lonely Planet St Louis Cathedral) 2026-09-17. Sources describe the statue's setting but no specific commissioning date/sculptor was independently found - interesting_fact left blank rather than fabricated.","-20.1650637","57.5059323","confirmed - google places (single match)","port-louis-statue-de-saint-louis.jpg","","","","","","","","",""
"Port Louis initial list","1","Photographic Museum Of Mauritius","museum","Rue du Vieux Conseil, Port Louis, Mauritius","","","","A museum of historic photography on Rue du Vieux Conseil, founded in 1966 by photographer Tristan Bréville and his wife to preserve the island's photographic memory since 1839. Housed in an 18th-century building that once belonged to French botanist and administrator Pierre Poivre, it holds over 50,000 old photographs of Mauritius along with a collection of historic cameras and equipment.","Among its collection is one of the rarest lenses in photographic history, made by Charles Chevalier for Jacques Daguerre - inventor of the daguerreotype - in 1834, just a few years before photography itself was publicly unveiled.","","GPS: Google Places single match. Not independently researched. Note: an automated image search for this entry returned an unrelated Danish painting (matched only on the word ""Mauritius"") - image left blank. | Expanded via WebSearch (musee.photo, mauritiusattractions.com, Wanderlog) 2026-09-17. Note: image left blank per earlier source_notes due to an unrelated Danish-painting mismatch - unaffected by this text update.","-20.164162","57.50356","confirmed - google places (single match)","port-louis-photographic-museum.jpg","","","","","","","","",""
"Port Louis initial list","1","National Assembly of the Republic of Mauritius","building","National Assembly, Intendance St, Port Louis, Mauritius","","","","The seat of the Mauritian parliament on Intendance Street, housed in the historic New Treasury Building next to Government House - itself the oldest building in the capital, dating to 1738 when Governor Mahé de Labourdonnais rebuilt it in stone. The Legislative Council has met on this site since 1875, a lineage that runs directly through to today's democratically elected National Assembly.","Lawmakers have been meeting on this exact site since 1875 - nearly 150 years of continuous legislative history, spanning French colonial rule, the British Empire and an independent Mauritius.","","GPS: Google Places single match. Not independently researched. | Expanded via WebSearch (Holidify Place d'Armes/Government House, distrust.wiki.ac.mu) 2026-09-17","-20.1630085","57.5033735","confirmed - google places (single match)","port-louis-national-assembly.jpg","","","","","","","","",""
"Port Louis initial list","1","Natural History Museum","museum","Port Louis, Mauritius","","","","The Mauritius Institute's Natural History Museum, on the ground floor of a National Heritage building constructed between 1880 and 1884 and modelled partly on Sri Lanka's Colombo Museum. Its collections trace back to 1826, when naturalists Julien Desjardins and Louis Bouton first proposed a museum to the governor - the resulting Desjardins Museum opened in 1842, decades before the current building existed, and the institution was declared a National Museum in 2000.","The museum's most complete dodo skeleton was not unearthed until 1904, discovered by a Port Louis barber named Étienne Thirioux, whose amateur fossil-hunting turned up one of the best specimens of the extinct bird ever found.","","GPS: Google Places single match. Dodo connection is well-established general knowledge; specific exhibit details not individually WebSearch-verified. | Expanded via WebSearch (Wikipedia Natural History Museum Port Louis, momaa.org) 2026-09-17","-20.1632341","57.5023736","confirmed - google places (single match)","port-louis-natural-history-museum.jpg","","","","","","","","",""
"Port Louis initial list","1","Église Adventiste Du Septième Jour Port-Louis","religious_building","St Louis St, Port Louis, Mauritius","","","","A Seventh-day Adventist congregation on St Louis Street, part of a Protestant denomination formally organised in 1863 out of mid-19th-century Christian eschatological movements. Distinctively, Adventists worship on Saturdays rather than Sundays and are active locally in health, education and humanitarian work, alongside the denomination's emphasis on Biblical authority.","","","GPS: Google Places, 2 candidates (this one and a Terre Rouge branch - address confirms this is the Port Louis one). Not independently researched. | Expanded via WebSearch (museeprotestant.org, oikoumene.org) 2026-09-17. General Adventist denomination history found; this specific Port Louis congregation's founding date was not independently confirmed - interesting_fact left blank rather than fabricated.","-20.1659055","57.5016627","confirmed - google places (verified against 2 candidates)","","","","","","","","","",""
"Port Louis initial list","1","La Galerie du Génie","building","6 Edith Cavell St, Port Louis, Mauritius","","","","A 602-square-metre exhibition and events space on Edith Cavell Street, inside an 18th-century building originally known as the Hôtel du Génie. It now hosts art exhibitions, markets and concerts as part of EDITH, a cultural venue aiming to make the space Port Louis's community meeting point for the local arts scene.","The building once served as storage for the survey maps of Jean Baptiste Lislet Geoffroy, the island's pioneering 18th-century hydrographic engineer - making a space now devoted to contemporary art the former archive of some of Mauritius's earliest scientific cartography.","","GPS: Google Places single match. Not independently researched. | Expanded via WebSearch (edith.mu History of EDITH, lejournaldesarchipels.com) 2026-09-17","-20.164012","57.4995742","confirmed - google places (single match)","port-louis-la-galerie-du-genie.jpg","","","","","","","","",""
"Port Louis initial list","1","The Bank of Mauritius Museum","museum","Sir William Newton St, Port Louis, Mauritius","","","","A museum on the history of currency in Mauritius, run by the country's central bank inside its original premises on Sir William Newton Street. It opened on 3 March 2018, marking the 50th anniversary of both the Bank of Mauritius and Mauritian independence, and displays around 500 artefacts spanning from the 12th-century Arab period through to the present, drawn together with contributions from the MCB Group, HSBC Mauritius, the Royal Mint and banknote maker Thomas De La Rue.","Among the museum's prized pieces is the Piastre Decaen - the only coin ever minted in Mauritius itself, and the only coin ever struck by France outside mainland France for use in one of its colonies.","","GPS: Google Places single match. Not independently researched. Note: an automated image search for this entry returned an unrelated shipwreck-survey document (matched only on the word ""Bank"") - image left blank. | Expanded via WebSearch (bom.mu About the Museum, numista.com) 2026-09-17","-20.1619686","57.5034549","confirmed - google places (single match)","port-louis-bank-of-mauritius-museum.jpg","","","","","","","","",""
"Port Louis initial list","1","Queen Victoria Statue","statue","Royal Rd, Port Louis, Mauritius","","","","A statue of Queen Victoria standing at Place d'Armes in front of Government House, erected in 1897 during the height of the British colonial era on the island. Its inscription reads 'To the memory of beloved and much regretted Queen Victoria Empress of India - the Inhabitants of Mauritius', reflecting the formal affection colonial-era Mauritius expressed toward the monarch.","The statue was raised in 1897, the same year Victoria marked her Diamond Jubilee - 60 years on the throne - meaning Mauritius's tribute went up as similar Victoria statues were being unveiled across the British Empire to mark the same milestone.","","GPS: Google Places single match. Not independently researched. | Expanded via WebSearch (Alamy, Wikimedia Commons Statue of Queen Victoria Port Louis) 2026-09-17","-20.1624886","57.502831","confirmed - google places (single match)","port-louis-queen-victoria-statue.jpg","","","","","","","","",""
"Port Louis initial list","1","Statue of William Newton","statue","Royal Rd, Port Louis, Mauritius","","","","A statue of Sir William Newton (1842-1915), a Mauritian lawyer of mixed Indo-Mauritian and Scottish descent who led the reformist movement launched in 1882 demanding an elected element in the colonial Legislative Council. His campaigning under the administration of Governor Sir John Pope Hennessy helped bring about the Constitutional Reform of 1885, which for the first time let Indo-Mauritians and other non-white islanders elect their own representatives.","The Constitution Newton helped win came into force on 20 October 1885 - the first time in Mauritian history that non-white islanders could vote for their own representatives in the colonial legislature.","","GPS: Google Places single match. General knowledge of William Newton's role in Mauritian political history - not individually WebSearch-verified. | Expanded via WebSearch (Wikipedia William Newton (Mauritian politician), mauritiusheritage.com) 2026-09-17","-20.162442","57.5026104","confirmed - google places (single match)","port-louis-william-newton-statue.jpg","","","","","","","","",""
"Port Louis initial list","1","Statue of Sir John Pope Hennessy","statue","Royal Rd, Port Louis, Mauritius","","","","A statue of Sir John Pope Hennessy, an Irish-born colonial administrator who served as Governor of Mauritius from 1883 to 1889. Regarded as a progressive and liberal governor by the standards of his time, his administration presided over the reformist movement that produced the 1885 Constitutional Reform, extending the vote to Indo-Mauritian and other non-white islanders for the first time.","Before Mauritius, Pope Hennessy had already governed the Bahamas, Barbados and Hong Kong - Mauritius was one stop in an unusually well-travelled career administering four very different corners of the British Empire.","","GPS: Google Places single match. General knowledge of Pope Hennessy's governorship - not individually WebSearch-verified. | Expanded via WebSearch (Wikipedia John Pope Hennessy, Alamy) 2026-09-17","-20.1623196","57.5027475","confirmed - google places (single match)","port-louis-john-pope-hennessy-statue.jpg","","","","","","","","",""
"Port Louis initial list","1","China Town Gate","quirky","48 Royal Rd, Port Louis, Mauritius","","","","One of the ornamental Friendship Gates marking the entrance to Port Louis's Chinatown on Royal Road, one of the oldest Chinatowns in Africa. The gates were a gift from Foshan, in Guangdong province, Port Louis's twin city in China, symbolising the long-standing links between the two places and the wider friendship between Mauritius and China.","Chinatown's roots reach back to the 1780s, when the first Chinese migrants arrived in Port Louis from Guangzhou aboard British, French and Danish ships - making it one of the oldest continuously inhabited Chinese communities anywhere in Africa.","","GPS: Google Places single match. Not independently researched. | Expanded via WebSearch (mauritiusnow.com, gpsmycity.com Chinatown Gate) 2026-09-17","-20.1595616","57.5056429","confirmed - google places (single match)","port-louis-china-town-gate.jpg","","","","","","","","",""
"Port Louis initial list","1","Intercontinental Slavery Museum","museum","Port Louis, Mauritius","","","","A museum documenting the history of slavery and indentured labour in the Indian Ocean, opened on 4 September 2023 inside Port Louis's former military hospital - the oldest building in the city, constructed between 1736 and 1740 under Governor Mahé de Labourdonnais, reportedly by enslaved labour. Its exhibits include objects unearthed from the old slave cemetery at Albion during 2021-22 excavations, alongside 63 ethnographic plaster busts cast in 1846 from the faces of enslaved people from Mauritius, Tanzania and the Comoros.","The museum's 63 plaster busts, made in 1846 by Eugène de Froberville, were cast directly from the faces of enslaved individuals - an unusually direct and unsettling physical record of people who left almost no other trace in the historical archive.","","GPS: Google Places single match. Wikimedia image search confirmed the correct building (""Intercontinental Slavey Museum Mauritius, Ex-Military Hospital Building""). General context on slavery's history in Mauritius is well-established; specific museum content not individually WebSearch-verified. | Expanded via WebSearch (Wikipedia Intercontinental Slavery Museum, UNESCO, ismmauritiusltd.govmu.org) 2026-09-17","-20.1590301","57.5021829","confirmed - google places (single match)","port-louis-intercontinental-slavery-museum.jpg","","","","","","","","",""
"Port Louis initial list","1","Mauritius Postal Museum","museum","Port Louis Waterfront, Trunk Road, Port Louis, Mauritius","","","","A museum tracing the island's postal history, in a mid-Victorian building on the waterfront built between 1865 and 1870 and listed as a national monument since 1958. It served as Mauritius's main post office from December 1870 (and gained the Central Telegraph Office in 1877) before being converted into a museum in 2008, covering postal services from the Dutch and French periods through British rule.","In 1846, Mauritius became the fifth country in the world - and the first British colony - to require prepayment of postage using stamps, producing the famous Penny Red and Two Pence Blue, the same stamps now celebrated at the nearby Blue Penny Museum.","","GPS: Google Places single match. Not independently researched. | Expanded via WebSearch (mauritiuspost.mu, Wikipedia Mauritius Postal Museum) 2026-09-17","-20.1599754","57.5016688","confirmed - google places (single match)","port-louis-postal-museum.jpg","","","","","","","","",""
"Port Louis initial list","1","Alte Windmühle (Windmill Museum)","museum","Waterfront Underpass, Port Louis, Mauritius","","","","Port Louis's historic waterfront windmill, built in 1736 to grind flour for dockworkers in the harbour - a French-style mill with four sails and a pointed cap. After the British took the island in 1810 it was repurposed as a signal tower, then abandoned for much of the 20th century before being restored to full working order in 1998 with help from the French windmill association ARAM. It has operated as a small museum around the restored mill since 1999.","The mill sat derelict for most of the 20th century before French millwrights' association ARAM helped bring it back to full working condition in 1998 - meaning it can technically still grind flour today, over 280 years after it was built.","","Merged 2026-09-17 from two duplicate CSV rows (""Alte Windmühle"" and ""Windmill Museum"") describing the same physical 1736 mill, ~10m apart in GPS - flagged as likely duplicates by background research, confirmed and combined at user instruction. Researched via WebSearch (windmillworld.com, letsdiscovermauritius.com, evendo.com, Alamy) 2026-09-17.","-20.1594586","57.5011402","confirmed - google places (single match)","port-louis-alte-windmuhle.jpg","","","","","","","","",""
"Port Louis initial list","1","SBM Fountain","quirky","Quay St, Port Louis, Mauritius","","","","A dancing fountain on the Port Louis waterfront, donated by the State Bank of Mauritius as part of a revamp of the waterfront masterminded by developer Landscope Mauritius. Lit and choreographed to music in the evenings, it was conceived as a symbol of unity and harmony among Mauritius's diverse communities.","","","GPS: Google Places single match. Not independently researched. | Expanded via WebSearch (evendo.com, portlouiswaterfront.com SBM Fountain Show) 2026-09-17. Installation date not independently confirmed - interesting_fact left blank rather than fabricated.","-20.1603956","57.5005954","confirmed - google places (single match)","port-louis-sbm-fountain.jpg","","","","","","","","",""
"Port Louis initial list","1","SAJ Statue","statue","Quay St, Port Louis, Mauritius","","","","A bronze statue of Sir Anerood Jugnauth ('SAJ'), unveiled at the Port Louis Waterfront on 15 June 2024, honouring the former Prime Minister and President who dominated Mauritian politics for decades. It stands beside an earlier statue of Sir Seewoosagur Ramgoolam, placing two of independent Mauritius's most prominent leaders side by side on the same esplanade.","At 3.6 metres tall, the SAJ statue was built about 30 centimetres taller than the neighbouring Ramgoolam statue, and its Rs 13.5 million cost and sculptor Devanand Bungshee's likeness both drew public criticism at the time of unveiling.","","GPS: Google Places single match. Identity inference (""SAJ"" = Sir Anerood Jugnauth) is plausible but not independently WebSearch-verified. | Expanded via WebSearch (defimedia.info, lexpress.mu, sundaytimesmauritius.com) 2026-09-17. Confirms earlier source_notes identity inference (SAJ = Sir Anerood Jugnauth) and gives exact unveiling date.","-20.1606836","57.5009595","confirmed - google places (single match), identity unverified","port-louis-saj-statue.jpg","","","","","","","","",""
"Port Louis initial list","1","Bust of Queen Victoria","statue","Port Louis, Mauritius","","","","A bust of Queen Victoria near the Port Louis waterfront, distinct from the full-length Queen Victoria Statue that stands at Place d'Armes in front of Government House (erected 1897). Like that statue, it dates from an era when such colonial-era tributes to the monarch were common across British territories.","","","GPS: Google Places single match, no rating data yet. Not independently researched. | Expanded via WebSearch (Alamy, Wikimedia Commons Statue of Queen Victoria category): two attempts confirmed this bust is documented as separate from the main Place d'Armes statue, but found no independent history specific to the bust itself (date, sculptor, commissioning) - interesting_fact left blank rather than fabricated. 2026-09-17","-20.1631999","57.4984905","confirmed - google places (single match)","","","","","","","","","",""
"Port Louis initial list","1","Victoria Metro Station","building","Place Victoria Bus Terminal, Port Louis, Mauritius","","","","The starting terminus of the Metro Express, Mauritius's modern light-rail network, at the Place Victoria transport hub in central Port Louis. Phase 1, running from Port Louis Victoria to Rose Hill Central, opened on 3 October 2019 with full commercial service from 10 January 2020, and the station now connects seamlessly to buses, taxis and a pedestrian bridge to Caudan Waterfront.","Port Louis actually had a railway well over a century before the Metro Express - the island's first line opened in 1864, running some 50 km north and east from Port Louis via Roche Bois, Pamplemousses and Flacq.","","GPS: Google Places single match. Not independently researched. | Expanded via WebSearch (Wanderlog, mauritiusmetroexpress.mu, railwaygazette.com) 2026-09-17","-20.1626232","57.4980481","confirmed - google places (single match)","port-louis-victoria-metro-station.jpg","","","","","","","","",""
"Port Louis initial list","1","Caudan Arts Centre","building","Caudan Waterfront, Port Louis, Mauritius","","","","A performing-arts venue at Caudan Waterfront built on what was once a car park, inaugurated in December 2018 as the first new theatre built in Mauritius in nearly a century. Its 431-seat auditorium, designed by architect Maurice Giraud and Didier Ho Architecture with acoustics engineering by Arup, hosts drama, music and dance, alongside a restaurant, bars, a conference room and exhibition space.","Before this venue opened in 2018, Mauritius had gone almost 100 years without a purpose-built theatre - making the Caudan Arts Centre the first new stage of its kind on the island in nearly a century.","","GPS: Google Places single match. Not independently researched. | Expanded via WebSearch (arup.com, caudan.com Caudan Arts Centre) 2026-09-17","-20.1619747","57.4983684","confirmed - google places (single match)","port-louis-caudan-arts-centre.jpg","","","","","","","","",""
"Port Louis initial list","1","MCine Port-Louis Waterfront","building","Caudan Waterfront, Port Louis, Mauritius","","","","A multiplex cinema at Caudan Waterfront with three screens seating around 550 people, screening a mix of Hollywood and Bollywood releases with 7.1 Dolby Digital sound. It shares the harbour-front entertainment strip with a second cinema, Star Caudan, making Caudan Waterfront the main hub for film-going in Port Louis.","","","GPS: Google Places single match. Commercial venue, not independently researched. | Expanded via WebSearch (cinema.mu, top-rated.online) 2026-09-17. Commercial venue with no distinctive standalone historical fact found - interesting_fact left blank rather than fabricated.","-20.1612261","57.4994466","confirmed - google places (single match)","","","","","","","","","",""
"Port Louis initial list","1","Port Louis Casino","building","Port Louis, Mauritius","","","","A casino at Caudan Waterfront, part of the complex that opened on 25 November 1996 on land once occupied by warehouses and a meteorological observatory. It occupies the Barkly Wharf building, named for Sir Henry Barkly, Governor of Mauritius from 1863 to 1870, and is known for a striking facade styled like the bow of a pirate ship, complete with bowsprit mast and statuary.","The casino building's pirate-ship facade - a bowsprit mast and figurehead-style statues built into the architecture - makes it one of the more theatrical pieces of commercial design anywhere on the Port Louis waterfront.","","GPS: Google Places single match. Commercial venue, not independently researched. | Expanded via WebSearch (focusgn.com 30th-anniversary coverage, caudan.com/culture_history/casino) 2026-09-17","-20.1614726","57.4989954","confirmed - google places (single match)","port-louis-casino.jpg","","","","","","","","",""
"Port Louis initial list","1","Craft Market","quirky","Caudan Waterfront, Port Louis, Mauritius","","","","The craft market at Caudan Waterfront, selling Mauritian handicrafts, textiles and souvenirs within the wider complex that opened on 25 November 1996. The Caudan development itself takes its name from Jean Dominique Michel de Caudan, who arrived from Languedoc and established a saltpan near this stretch of coast back in 1726.","The Caudan area's recorded history as commercial ground stretches back to 1726, when its namesake founded a saltworks here - two and a half centuries before the site became a modern shopping and crafts destination.","","GPS: Google Places single match. This entry's name in the original saved list rendered oddly (two bare lines, no rating/category) - interpreted as one place, ""Craft Market"" at Caudan Waterfront, to make the list total land on 88; flagged as the one genuinely ambiguous entry from the original scrape. | Expanded via WebSearch (Wikipedia Caudan Waterfront) 2026-09-17. Earlier source_notes ambiguity about this entry (rendered as two bare lines in the original scrape) is unchanged by this update - still treated as one place, the craft market at Caudan Waterfront.","-20.1614607","57.4981841","confirmed - google places (single match), source entry itself was ambiguous","","","","","","","","","",""
"Port Louis initial list","1","Umbrella Square","quirky","The Docks, Port Louis, Mauritius","","","","A pedestrian stretch at Caudan Waterfront transformed into a photogenic ""umbrella sky"" by a canopy of colourful open umbrellas suspended overhead, creating a floating rainbow ceiling and dappled shade below. Also known as Umbrella Street, the installation follows a globally popular format - the Umbrella Sky Project - that began in the Portuguese town of Agueda in 2011 and has since spread to public spaces on several continents. It has become one of the most-photographed spots on the Port Louis waterfront, its playful modern art sitting against the backdrop of the city's older port heritage.","The original Umbrella Sky Project in Agueda, Portugal, was inspired by the 1964 film Mary Poppins - Port Louis's version adapts that very European idea to a tropical setting, where the umbrellas do double duty shading pedestrians from the sun as much as decorating the walkway.","","GPS: Google Places single match. Not independently researched, but ""umbrella sky"" installations are a known feature of several Mauritius waterfront developments. | Expanded via WebSearch (kupi.com, dreamstime.com, SeeMauritius Facebook) 2026-09-17. Installation date not independently confirmed - interesting_fact left blank rather than fabricated. 'Umbrella sky' installations of this type are a known feature at several Mauritius waterfront developments, per earlier source_notes. | Further expanded 2026-09-17 via WebSearch (pps.org, joujoutravels.com, impactplan.pt on the Umbrella Sky Project's Agueda/2011/Mary Poppins origin) - added the concept's real-world origin story as the interesting_fact (previously left blank).","-20.1610975","57.4981458","confirmed - google places (single match)","port-louis-umbrella-square.jpg","","","","","","","","",""
"Port Louis initial list","1","Place du Caudan and Caudan Waterfront","quirky","Caudan Waterfront, Port Louis, Mauritius","","","","Place du Caudan is a small plaza within the wider Caudan Waterfront development, which opened on 25 November 1996 on former docklands and has since become one of Port Louis's most popular spots for both tourists and locals - a lively mix of restaurants, bars and a shopping mall along the harbour, dotted with statues, fountains and public art, including a statue of Sir Seewoosagur Ramgoolam, independent Mauritius's first Prime Minister. The whole waterfront takes its name from Jean Dominique Michel de Caudan, a saltpan worker (""saunier"") from Languedoc in France who set up a saltpan here in 1726, on what was then a small coral islet and bay southwest of the young settlement - over the next two and a half centuries the site went on to host a gunpowder magazine, an astronomical and meteorological observatory, warehouses and dry docks, long before any of today's restaurants and shops arrived.","The saltpan that gave Caudan its name has left its own trace nearby - it's remembered today in the Robert Edward Hart Garden, on the road leading into the waterfront, close to where Jean de Caudan once evaporated seawater for salt almost two centuries before the first shopping mall was ever built on this stretch of harbour.","","FLAG FOR USER: GPS needs manual verification. Places API's top match for this name was ""Caudan Waterfront"" itself (a shopping mall with 8,433 reviews), clearly the wrong scale of entity next to the original list's ""Place du Caudan / 4.8 (4 reviews)"" - a small, lightly-reviewed specific spot, not the whole complex. Coordinates here are a rough placement within the Caudan Waterfront cluster (near the SSR statue/craft market area) and should be corrected via in-app GPS dragging once promoted. | Expanded via WebSearch (Caudan Waterfront general sources): earlier source_notes flagged that Google Places resolved this to the whole Caudan Waterfront mall rather than the specific small, lightly-reviewed plaza - that GPS/scale mismatch is unresolved by this text update and still needs in-app correction; description kept general accordingly. interesting_fact left blank. 2026-09-17 | Expanded 2026-09-17 at user request to cover the wider Caudan Waterfront (restaurants/bars/shopping mall), photo added. | Further expanded 2026-09-17 via WebSearch (lagazette-mag.io ""Caudan through the ages"", ilemaurice.im) - added the Jean de Caudan/1726 saltpan origin story and the Robert Edward Hart Garden connection; GPS/scale mismatch flagged in earlier source_notes is unchanged and still needs in-app correction once promoted.","-20.161","57.4985","NEEDS MANUAL VERIFICATION - approximate placement only","port-louis-caudan-waterfront.jpg","","","","","","","","",""
"Port Louis initial list","1","Swing Bridge","quirky","Port Louis, Mauritius","","","","A bridge over a channel of Port Louis harbour, allowing boat traffic to pass through - part of a working port whose basin was expanded and dredged repeatedly from the late 18th century onward, notably under naval engineer Chevalier de Tromelin in the 1780s and under Governor Decaen's improvements in the early 1800s. The port's infrastructure kept growing through the 19th century, with the Mauritius Dock added in 1857, the Stevenson Dry Dock in 1859 and the Albion Dock in 1860, as Port Louis became one of the busiest reprovisioning stops on the sailing route between Europe and Asia.","","","GPS: Google Places single match. Not independently researched. | Expanded via WebSearch (vintagemauritius.org Port Louis Harbour and Shipyards, English and French-language searches): two attempts found no independent source describing this specific bridge by name (construction date, engineer) - description draws on well-documented general harbour development history instead; interesting_fact left blank rather than fabricated. 2026-09-17 | Retried 2026-09-17 (per the standing dead-end-retry rule) with narrower searches specifically on the bridge itself and on Trou Fanfaron/harbour infrastructure - still no independently verifiable construction date, engineer or name origin for this specific bridge. Description lengthened with general 19th-century dock-development context (Mauritius Dock 1857, Stevenson Dry Dock 1859, Albion Dock 1860) instead; interesting_fact left blank rather than fabricated.","-20.1597798","57.4960076","confirmed - google places (single match)","port-louis-swing-bridge.jpg","","","","","","","","",""
"Port Louis initial list","1","Odysseo- oceanarium (Mauritius) LTD","quirky","Harbour Waterfront, Port Louis, Mauritius","","","","Mauritius's first and largest oceanarium, a 5,500-square-metre complex on the Port Louis harbour waterfront that opened in 2021. Spread across six themed zones from mangroves to open ocean, its 45 aquariums hold more than 200 marine species, with underwater tunnels, interactive shows, a shark touch-pool and a children's laboratory built around a conservation-education mission.","Odysseo is the largest oceanarium anywhere in the Mascarene Islands - a distinction that puts this stretch of Port Louis harbour ahead of similar attractions in Réunion and the Seychelles.","","GPS: Google Places single match. Commercial attraction, not independently researched. | Expanded via WebSearch (odysseomauritius.com, kupi.com, hellotickets.com) 2026-09-17","-20.1593375","57.4951185","confirmed - google places (single match)","port-louis-odysseo.jpg","","","","","","","","",""
"Port Louis initial list","1","Statue of Maurice Curé","statue","Port Louis, Mauritius","","","","A statue of Dr Maurice Curé (1886-1977), the medical doctor who conceived and launched the Mauritius Labour Party on 23 February 1936, the island's first mass political party campaigning for the rights of labourers and artisans. He led it for its first five years, until 1941, working alongside co-founders including Emmanuel Anquetil, Barthélemy Ohsan and Pandit Sahadeo before stepping back from leadership.","Curé trained as a doctor, not a politician - he only turned to founding the Labour Party after returning to Mauritius in 1913 and serving as Municipality of Port Louis's own medical doctor.","","GPS: Google Places single match. General knowledge of Maurice Curé's role founding the Labour Party - not individually WebSearch-verified this session. | Expanded via WebSearch (Wikipedia Maurice Curé, mauritiustimes.com, lemauricien.com) 2026-09-17. Note: two attempts found no independently documented details about the statue itself (unveiling date, sculptor, location specifics) - description focuses on the well-documented historical figure instead.","-20.1617968","57.5021584","confirmed - google places (single match)","port-louis-statue-of-maurice-cure.jpg","","","","","","","","",""
"Port Louis initial list","1","H.M Borstal","history","Port Louis, Mauritius","","","","A former juvenile detention facility on the outskirts of Port Louis, whose building was originally constructed by the French as a hospital before being repurposed under British colonial administration as 'Her Majesty's Borstal' - a youth reform institution, part of a system used across the UK and Commonwealth to house and rehabilitate young offenders rather than send them to adult prisons.","","","GPS: Google Places single match, no rating data yet. Not independently researched - current status/accessibility as a tour stop unconfirmed, worth checking before shortlisting. | Expanded via WebSearch (Wikipedia Borstal, flickr.com/historicmauritius HM Borstal Port-Louis album): two attempts found the building's French-hospital origin and later Borstal use, but no specific establishment date or current operational status - interesting_fact left blank rather than fabricated; current status/accessibility as a tour stop still unconfirmed per earlier source_notes. 2026-09-17","-20.1777615","57.470891","confirmed - google places (single match), content unverified","port-louis-hm-borstal.jpg","","","","","","","","",""
"Port Louis initial list","1","Musée La Bonté Innée","history","Couvent des Sœurs BPS, Edith Cavell St, Port Louis, Mauritius","","","","A small museum inside the Couvent des Sœurs BPS on Rue Edith Cavell, opened in 2024 to tell the life story of Mère Augustine (born Caroline Lenferna de Laresle, 1824-1900), the Mauritian nun who founded the Congrégation des Sœurs de Charité de Notre-Dame-du-Bon-et-Secours on this same site in 1850. Objects, paintings, photographs and archival documents trace her work and the congregation's long history of healthcare and education on the island.","During Port Louis's 1854 cholera epidemic, Mère Augustine and two fellow sisters nursed the sick through the outbreak, and that same year she founded the colony's first orphanage, taking in children without distinction of race or colour - a founding act the museum is built around.","","Added 2026-09-17 from a user-submitted photo (sign reading ""Musee la bonte innee - La vie et l'oeuvre de Mere Augustine""). Researched via WebSearch (dioceseportlouis.org inauguration articles, Wikipedia Caroline Lenferna de Laresle). GPS: Google Places single match.","-20.1669467","57.5035735","confirmed - google places (single match)","port-louis-musee-la-bonte-innee.jpg","","","","","","","","",""
"Port Louis initial list","1","Jardins de la Compagnie (Company Garden)","park","La Chaussée, Port Louis, Mauritius","","","","Port Louis's oldest and largest public garden, laid out in the 18th century on land first used as a vegetable plot by the French East India Company. Under threat of a smallpox epidemic the ground was pressed into service as a cemetery until the burial ground was moved to the West Cemetery in 1771, after which the site was replanted as an ornamental park. Today its avenues of towering banyan and royal palm trees, fountains and quiet benches make it a favourite lunchtime retreat for office workers in the surrounding capital, and it doubles as an open-air gallery of Mauritian history, dotted with more than a dozen statues and busts of the writers, doctors and independence-era figures who shaped the island.","Look closely among the trees and you'll find a cluster of individual monuments worth tracking down in their own right, including tributes to journalist Remy Ollier, poet Leoville L'Homme, physiologist Brown-Sequard and civil-rights lawyer Manilal Doctor - each with its own story told elsewhere on this tour.","https://www.lonelyplanet.com/points-of-interest/jardins-de-la-compagnie/1344076","GPS: Google Places single unambiguous match. History from Lonely Planet, ilemaurice.im and vintagemauritius.org via WebSearch.","-20.1636664","57.50201179999999","confirmed - google places (single match)","port-louis-jardins-de-la-compagnie.jpg","","","","","","","","",""
"Port Louis initial list","1","Statue of Remy Ollier","statue","Jardins de la Compagnie, Port Louis, Mauritius","","","","A monument in the Company Garden to Remy Ollier (1816-1845), a mixed-race Mauritian journalist often called the father of the island's free press. Barred by his ancestry from full civil rights under colonial rule, Ollier founded the newspaper La Sentinelle de Maurice in 1843 specifically to campaign against the discriminatory laws that denied ""free coloured"" Mauritians equal status with white colonists, and his agitation helped force reforms within just a few years of the paper's launch.","Ollier died of tuberculosis in 1845 aged only 28, having spent barely two years as a public campaigner - this monument, unveiled for the centenary of his birth on 15 October 1916, was raised because that brief career was seen as having changed the course of Mauritian civil rights.","https://en.wikipedia.org/wiki/R%C3%A9my_Ollier","GPS reused from Jardins de la Compagnie (Google Places single match) - exact position within the garden NEEDS MANUAL VERIFICATION, in-app GPS correction recommended once promoted. Bio from vintagemauritius.org and Wikipedia (Remy Ollier) via WebSearch.","-20.1636664","57.50201179999999","approximate - shared garden location","port-louis-statue-of-remy-ollier.jpg","","","","","","","","",""
"Port Louis initial list","1","Statue of Leoville L'Homme","statue","Jardins de la Compagnie, Port Louis, Mauritius","","","","A monument to Ephrem Leoville L'Homme (1857-1928), regarded as one of Mauritius's foremost poets and a key figure in the island's 19th-century literary revival. Writing in French at a time when Mauritian literature was rarely taken seriously beyond the island, his poetry gave voice to everyday Mauritian life and helped establish a distinctly local literary identity separate from mainland France.","The monument stands not far from fellow writer Remy Ollier's in the Company Garden, so the two are easy to visit together - a poet and a pioneering journalist, born a generation apart, now sharing the same quiet stretch of parkland.","","GPS reused from Jardins de la Compagnie (Google Places single match) - exact position within the garden NEEDS MANUAL VERIFICATION, in-app GPS correction recommended once promoted. Bio from vintagemauritius.org via WebSearch.","-20.1636664","57.50201179999999","approximate - shared garden location","port-louis-statue-of-leoville-lhomme.jpg","","","","","","","","",""
"Port Louis initial list","1","Statue of Manilal Doctor","statue","Jardins de la Compagnie, Port Louis, Mauritius","","","","A life-size statue of Manilal Maganlal Doctor (1881-1956), the Indian barrister sent to Mauritius in 1907 by Mahatma Gandhi himself to provide free legal aid to indentured Indian labourers. Practising at the Supreme Court, Doctor took on bonded workers' cases pro bono and founded the newspaper The Hindustani to campaign for their rights, under the motto ""Liberty of Individuals! Fraternity of Men!!! Equality of Race!!!""","The statue's inscription reads simply ""He felt for the oppressed and served them"" - it was unveiled in 1959, three years after his death, and is still garlanded by visitors during commemorations, a rare honour among Port Louis's colonial-era monuments.","https://en.wikipedia.org/wiki/Manilal_Doctor","GPS reused from Jardins de la Compagnie (Google Places single match) - exact position within the garden NEEDS MANUAL VERIFICATION, in-app GPS correction recommended once promoted. Bio from Wikipedia (Manilal Doctor) and Mauritius Times via WebSearch.","-20.1636664","57.50201179999999","approximate - shared garden location","port-louis-statue-of-manilal-doctor.jpg","","","","","","","","",""
"Port Louis initial list","1","Bust of Charles-Edouard Brown-Sequard","statue","Jardins de la Compagnie, Port Louis, Mauritius","","","","A bronze bust honouring Charles-Edouard Brown-Sequard (1817-1894), the Port Louis-born physiologist and neurologist who became one of the 19th century's most influential medical scientists, teaching at the College de France in Paris and first describing the spinal-cord injury pattern now known as Brown-Sequard syndrome.","Brown-Sequard first studied that syndrome after observing spinal injuries among Mauritian sugarcane cutters back on his home island - this bust in the Company Garden is said to be the only public statue of him anywhere in the world, despite his international scientific reputation.","https://en.wikipedia.org/wiki/Charles-%C3%89douard_Brown-S%C3%A9quard","GPS reused from Jardins de la Compagnie (Google Places single match) - exact position within the garden NEEDS MANUAL VERIFICATION, in-app GPS correction recommended once promoted. Bio from Wikipedia and mauritiusmag.com via WebSearch.","-20.1636664","57.50201179999999","approximate - shared garden location","port-louis-bust-of-brown-sequard.jpg","","","","","","","","",""
"Port Louis initial list","1","Statue of Adrien d'Epinay","statue","Jardins de la Compagnie, Port Louis, Mauritius","","","","A monument in the Company Garden marking the centenary of the death of Adrien d'Epinay (1789-1839), a Mauritian lawyer and politician who led early campaigns against extending civil rights to free people of colour while separately championing planter interests through the compensation negotiations that followed the abolition of slavery - making him one of the most consequential, if controversial, figures in the island's 19th-century political history.","The monument was raised in 1939, exactly a century after his death, by admirers who saw him as a founder of organised Mauritian politics - a reminder that Port Louis's statues don't only honour reformers, but also the establishment figures reformers like Remy Ollier, whose statue stands nearby, were fighting against.","","GPS reused from Jardins de la Compagnie (Google Places single match) - exact position within the garden NEEDS MANUAL VERIFICATION, in-app GPS correction recommended once promoted. Bio from vintagemauritius.org via WebSearch.","-20.1636664","57.50201179999999","approximate - shared garden location","port-louis-statue-of-adrien-depinay.jpg","","","","","","","","",""
"Port Louis initial list","1","Statue of Ti Frere (Alphonse Ravaton)","statue","Jardins de la Compagnie, Port Louis, Mauritius","","","","A statue of Alphonse Ravaton (1900-1992), known to every Mauritian as ""Ti Frere"" (""Little Brother""), the singer and songwriter widely credited as the father of modern sega - the Creole music and dance style descended from the songs of enslaved and indentured labourers that later became Mauritius's national music.","Ti Frere spent much of his life working as a labourer and only found wide fame late in life, in the 1960s and 70s, when folklorists began recording him - this statue, unveiled 28 April 2000, celebrates a musician who was, for decades, more famous among ordinary Mauritians than any politician.","","GPS reused from Jardins de la Compagnie (Google Places single match) - exact position within the garden NEEDS MANUAL VERIFICATION, in-app GPS correction recommended once promoted. Bio from vintagemauritius.org via WebSearch.","-20.1636664","57.50201179999999","approximate - shared garden location","port-louis-statue-of-ti-frere.jpg","","","","","","","","",""
"Port Louis initial list","1","Bust of Raoul Rivet","statue","Jardins de la Compagnie, Port Louis, Mauritius","","","","A bust of Raoul Rivet, a Franco-Mauritian journalist and writer, inscribed with his own words ""Je dois a la France d'etre un homme pensant"" (""I owe to France the fact that I am a thinking man"") - a tribute to the French cultural and literary education that shaped Mauritius's colonial-era intelligentsia.","The bust was unveiled on 18 September 1980, more than a decade after Mauritian independence in 1968, showing how the island's French cultural heritage continued to be publicly honoured even after the colonial relationship with France itself had ended two centuries earlier.","","GPS reused from Jardins de la Compagnie (Google Places single match) - exact position within the garden NEEDS MANUAL VERIFICATION, in-app GPS correction recommended once promoted. Bio thin - genuine WebSearch dead end beyond vintagemauritius.org inscription record; birth/death dates not confidently found, left out rather than guessed.","-20.1636664","57.50201179999999","approximate - shared garden location","port-louis-bust-of-raoul-rivet.jpg","","","","","","","","",""
"Port Louis initial list","1","Monument to Soeur Marie Barthelemy","monument","Jardins de la Compagnie, Port Louis, Mauritius","","","","A monument to Soeur Marie Barthelemy, a Catholic nun remembered in Mauritius as the ""mother of the poor"" for her charitable work among Port Louis's destitute during the 19th century, in an era when organised social welfare barely existed on the island.","She died at sea on 17 August 1897, and the road running along this side of the Company Garden - Mere Barthelemy Street - is named after her, meaning her memory is woven into the neighbourhood's street plan as well as this one monument.","","GPS reused from Jardins de la Compagnie (Google Places single match) - exact position within the garden NEEDS MANUAL VERIFICATION, in-app GPS correction recommended once promoted. Bio from vintagemauritius.org via WebSearch.","-20.1636664","57.50201179999999","approximate - shared garden location","","","","","","","","","",""
"Port Louis initial list","1","Al-Idrissi Monument","monument","Jardins de la Compagnie, Port Louis, Mauritius","","","","A monument honouring Muhammad al-Idrisi (c.1100-1165), the medieval Arab geographer and cartographer whose 12th-century world map and geographical writings, produced for the Norman court of Sicily, were centuries ahead of their time and remained a key reference for European mapmakers for generations. Its presence in the Company Garden recognises the broader Arab and Islamic contribution to the science of navigation and exploration.","Unveiled on 8 August 2010, it's one of the newest monuments in the garden and one of very few anywhere in the world honouring al-Idrisi specifically for his cartographic legacy, rather than any direct connection to Mauritius itself.","","GPS reused from Jardins de la Compagnie (Google Places single match) - exact position within the garden NEEDS MANUAL VERIFICATION, in-app GPS correction recommended once promoted. History via vintagemauritius.org (WebFetch).","-20.1636664","57.50201179999999","approximate - shared garden location","port-louis-al-idrissi-monument.jpg","","","","","","","","",""
"Port Louis initial list","1","Slavery Abolition Monument","monument","Jardins de la Compagnie, Port Louis, Mauritius","","","","A memorial in the Company Garden marking the abolition of slavery in Mauritius, which took effect on 1 February 1835 - more than 20 years after the island passed to British control, and only after the British government paid compensation not to the roughly 70,000 enslaved people freed, but to their former owners.","Mauritius still marks 1 February every year as Abolition of Slavery Day, a public holiday - making this quiet garden monument a focal point for a commemoration most visitors to the island never see, even though it sits in one of Port Louis's most-visited parks.","","GPS reused from Jardins de la Compagnie (Google Places single match) - exact position within the garden NEEDS MANUAL VERIFICATION, in-app GPS correction recommended once promoted. Existence and general location via caudan.com heritage roundup (WebSearch); precise unveiling date not confidently sourced, left out rather than guessed.","-20.1636664","57.50201179999999","approximate - shared garden location","port-louis-slavery-abolition-monument.jpg","","","","","","","","",""
"Port Louis initial list","1","King Edward VII Statue","statue","Champ de Mars Racecourse, Port Louis, Mauritius","","","","A statue of King Edward VII standing within the grounds of the Champ de Mars Racecourse, sculpted by Prosper d'Epinay - the same Mauritian-born sculptor responsible for several of the other historic statues around Port Louis - and erected during the height of British colonial rule to honour the reigning monarch.","It shares the racecourse grounds with a separate obelisk raised to a French governor, meaning the Champ de Mars quietly commemorates rulers from both the French and British colonial eras inside what is still an active, working racecourse rather than a museum.","","GPS reused from Champ de Mars (Google Places single match) - exact statue position within the racecourse grounds NEEDS MANUAL VERIFICATION, in-app GPS correction recommended once promoted. Via educba.com and evendo.com WebSearch.","-20.1692212","57.5101827","approximate - shared racecourse location","port-louis-king-edward-vii-statue.jpg","","","","","","","","",""
"Port Louis initial list","1","Kwan Tee Pagoda","religious_building","Royal Street, Port Louis, Mauritius","","","","Built by the Chinese community in 1842 in what is now Port Louis's Chinatown district, Kwan Tee Pagoda is honoured as the oldest pagoda in the Southern Hemisphere and on the African continent. It's dedicated to Kwan Tee (Guan Di), a real 3rd-century Chinese general later deified as a symbol of loyalty, integrity and justice, and worshipped in Chinese communities worldwide as a god of wealth and war.","The pagoda has been enlarged and renovated several times, notably in 1895 and again in the early 2000s, but still houses a small library and historical artefacts documenting Chinese immigration to Mauritius - making it as much a community archive as a place of worship.","https://mauritiusnow.com/blog/things-to-do/kwan-tee-pagoda/","GPS: Google Places single unambiguous match. History from mauritiusnow.com and ilemaurice.im via WebSearch.","-20.1617207","57.491986999999995","confirmed - google places (single match)","port-louis-kwan-tee-pagoda.jpg","","","","","","","","",""
"Port Louis initial list","1","Kailassam Temple","religious_building","Port Louis, Mauritius","","","","Established in 1854, Kailassam Temple is recognised as the oldest Hindu temple in Mauritius, founded not long after the first waves of Indian indentured labourers began arriving at Aapravasi Ghat to work the island's sugar plantations. Dedicated to Shiva, it remains an active place of worship for Port Louis's Hindu community today.","The temple's founding in 1854 places it squarely within the earliest years of Indian indentured migration to Mauritius, which began in 1834 - meaning it was built by, and for, some of the very first generation of Indo-Mauritians the Aapravasi Ghat site elsewhere on this tour was built to process.","https://www.gpsmycity.com/attractions/kailassam-temple-1653.html","GPS: Google Places single unambiguous match. History via gpsmycity.com and WebSearch.","-20.1490075","57.519575800000005","confirmed - google places (single match)","port-louis-kailassam-temple.jpg","","","","","","","","",""
"Port Louis initial list","1","St James Cathedral","religious_building","St Denis St, Port Louis, Mauritius","","","","The oldest Anglican church in Mauritius, consecrated as a cathedral on 26 June 1850. The building itself is older still and started life as ""La Poudriere,"" a French colonial gunpowder magazine; after the British took control of the island the structure was converted for public use as a church from 1812, given an octagonal spire to make it look the part, and finally reopened for worship on Christmas Day 1831, before further wings were added in 1846 to fit its growing congregation.","An appeal was launched in 2019 to fund urgent restoration of the historic building - a reminder that this centuries-old cathedral, built from a repurposed explosives store, is still a living, actively-used place of worship rather than a museum piece.","https://en.wikipedia.org/wiki/St_James_Old_Cathedral","GPS: Google Places single unambiguous match. History from Wikipedia (St James Old Cathedral) and anglicannews.org via WebSearch.","-20.167424","57.5056921","confirmed - google places (single match)","port-louis-st-james-cathedral.jpg","","","","","","","","",""
"Port Louis initial list","1","Institute of Contemporary Art Indian Ocean (ICAIO)","gallery","Sir Seewoosagur Ramgoolam St, Port Louis, Mauritius","","","","A contemporary art gallery on Sir Seewoosagur Ramgoolam Street, set up in 2015 by Salim Currimjee, a Mauritian artist, photographer and architect, to give Indian Ocean-region artists a dedicated space for serious contemporary exhibitions rather than tourist-facing craft displays.","ICAIO runs roughly four exhibitions a year, each lasting about three months, making it one of the few venues in Port Louis where the art on the walls actually changes throughout the year rather than being a permanent, static collection.","","GPS: Google Places single unambiguous match. Via frolic.mu WebSearch.","-20.1606104","57.508242599999996","confirmed - google places (single match)","port-louis-icaio.jpg","","","","","","","","",""
"Port Louis initial list","1","Didus Art Gallery","gallery","Caudan Waterfront, Port Louis, Mauritius","","","","A gallery inside the Caudan Waterfront shopping centre that has spent more than twenty years showcasing painters, sculptors and craftspeople from across the Indian Ocean region, mixing contemporary work with more traditional Mauritian art.","Its name nods to the dodo, Mauritius's extinct flightless bird and unofficial national mascot - a reminder that even a commercial gallery inside a shopping mall leans on the island's most famous piece of natural history for its branding.","","GPS: Google Places single unambiguous match. Via holidify.com WebSearch.","-20.1609464","57.497961399999994","confirmed - google places (single match)","port-louis-didus-art-gallery.jpg","","","","","","","","",""
"Port Louis initial list","1","House of Digital Art","gallery","Edith Cavell St, Port Louis, Mauritius","","","","A gallery dedicated to digital and technology-driven art forms, blending traditional artistic expression with video, new media and interactive installations - a genuinely unusual offering on an island whose art scene is more often associated with painting and sculpture.","Its presence in central Port Louis, alongside more traditional venues like Didus Art Gallery and ICAIO, reflects a growing contemporary-art scene in the capital that goes well beyond the postcard seascapes sold to tourists elsewhere on the island.","","GPS: Google Places single unambiguous match. Via hellomondo.com WebSearch.","-20.1639949","57.499632399999996","confirmed - google places (single match)","port-louis-house-of-digital-art.jpg","","","","","","","","",""
"Port Louis initial list","1","Line Barracks","history","Line Barracks St, Port Louis, Mauritius","","","","A former colonial military barracks in the heart of Port Louis, later repurposed as a police headquarters, and formally listed by the Mauritius National Heritage Fund as a Scheduled Ancient Site. Barracks like this once housed the garrisons that controlled the island under both French and British rule, and the buildings' long institutional afterlife as a police compound has helped keep much of the original colonial-era structure intact.","Line Barracks still functions as an operational police headquarters today, making it a rare case of a Port Louis heritage site that has never stopped being used for the purpose it was originally built for - military and civil order - across more than two centuries.","","GPS approximate - Google Places matched the street rather than the specific compound; NEEDS MANUAL VERIFICATION, in-app GPS correction recommended once promoted. Via mindat.org and nhf.govmu.org heritage listing, WebSearch.","-20.1644326","57.4998949","approximate - street-level match","port-louis-line-barracks.jpg","","","","","","","","",""
"Port Louis initial list","1","Trou Fanfaron","history","Trou Fanfaron, Port Louis, Mauritius","","","","The stretch of Port Louis harbour where, from 1849, ships carrying indentured labourers from India actually docked and unloaded their passengers before they were processed at the neighbouring Aapravasi Ghat depot - clerks chalked numbers onto new arrivals' coats and doctors inspected them for scurvy right here on the wharf, before the first labourers were marched off within days to sugar estates across the island.","""Trou Fanfaron"" translates roughly as ""braggart's hole"" - an oddly jokey name for a site that was, in practice, the literal point of arrival for nearly half a million people during Mauritius's indentured-labour era.","","GPS: Google Places single unambiguous match. Via mindat.org WebSearch; historical detail cross-referenced with this file's existing Aapravasi Ghat World Heritage Site row.","-20.1563889","57.491944399999994","confirmed - google places (single match)","port-louis-trou-fanfaron.jpg","","","","","","","","",""
"Port Louis initial list","1","Bourbon Street Food Vendors","quirky","Bourbon Street, near Central Market, Port Louis, Mauritius","","","","A stretch of Bourbon Street, right by Port Louis Central Market, where some of the best-loved everyday Mauritian street food is sold each morning - dholl puri (soft split-pea flatbreads filled with spiced bean curry and rougaille sauce), crunchy gateaux piments (chilli-lentil fritters) and fresh alouda drinks, dished out from stalls locals queue for on their way to work.","Dholl puri is so central to Mauritian daily life that it's often described as the island's unofficial national dish, despite being sold almost exclusively from unglamorous street stalls rather than restaurants - weekday mornings from around 7 to 10:30am are peak time to catch it fresh.","","GPS reused from Central Market Port Louis (same immediate area) - represents a cluster of vendors rather than one fixed stall. Via hidmc.com and creolemauritius.com WebSearch.","-20.1606919","57.5029509","approximate - shared market-area location","port-louis-bourbon-street-food-vendors.jpg","","","","","","","","",""
"Port Louis initial list","1","Jim Boulettes","quirky","Bourbon Street, Port Louis, Mauritius","","","","A no-frills stall on Bourbon Street famous among Port Louis regulars for boulettes - small Chinese-Mauritian steamed or fried dumplings, sold cheap and fast, that count among the island's most popular grab-and-go snacks.","Boulettes reflect Mauritius's 19th-century Chinese immigration just as directly as the pagodas and Chinatown gate elsewhere on this tour - descended from Cantonese dim sum traditions, they've become so thoroughly adopted into everyday Mauritian eating habits that most people no longer think of them as ""Chinese food"" at all.","","Matched via Google Places as ""Jim Snack"" at the same Bourbon Street location - likely the same or a successor vendor to ""Jim Boulettes""; exact identity worth confirming on the ground. Via letsventureout.com and creolemauritius.com WebSearch.","-20.1636122","57.505840400000004","approximate - google places (name variant match)","port-louis-jim-boulettes.jpg","","","","","","","","",""
"Port Louis initial list","1","Cafe L'Amicale","quirky","Emmanuel Anquetil St, Port Louis, Mauritius","","","","A long-running Chinese-Mauritian restaurant near Port Louis's Chinatown gate, part of a small cluster of eateries - alongside Anam and Canton - that have served the Sino-Mauritian community's own comfort food for generations, rather than a westernised ""Chinese restaurant"" menu aimed at tourists.","Its location just off the Chinatown arch makes it an easy stop for anyone exploring the historic Chinatown quarter, one Port Louis is proud to call one of the oldest outside China itself.","","GPS: Google Places single unambiguous match. Via letsventureout.com WebSearch.","-20.1588141","57.5057821","confirmed - google places (single match)","port-louis-cafe-lamicale.jpg","","","","","","","","",""
"Port Louis initial list","1","Lambic Beer Bar","quirky","St Georges St, Port Louis, Mauritius","","","","A gastropub set inside a restored 19th-century colonial house on St Georges Street, popular for its wide range of Belgian and craft beers alongside Mauritian comfort food - an unusual pairing of European beer culture and Creole cooking in one of central Port Louis's older buildings.","The building's colonial-era architecture is as much a draw as the beer list - it's one of a dwindling number of 19th-century townhouses in the capital that has been restored and kept in everyday public use rather than demolished for office towers.","","GPS: Google Places single unambiguous match. Via mymauritiusguide.com WebSearch.","-20.1652371","57.4998088","confirmed - google places (single match)","port-louis-lambic-beer-bar.jpg","","","","","","","","",""
"Port Louis initial list","1","Namaste Restaurant","quirky","Caudan Waterfront, Port Louis, Mauritius","","","","A restaurant on the Caudan Waterfront overlooking Port Louis harbour, specialising in North Indian and Mughal-style dishes prepared by chefs trained in Delhi - a reflection of the deep, centuries-old links between Mauritius and the Indian subcontinent that run through much of this tour, from Aapravasi Ghat to the island's Hindu temples.","Its harbour-view setting means diners can watch cargo ships and cruise liners come into port while eating a cuisine that first arrived on this same waterfront with indentured labourers nearly two centuries ago.","","GPS: Google Places single unambiguous match. Via indian-ocean.com WebSearch.","-20.1610003","57.49866249999999","confirmed - google places (single match)","port-louis-namaste-restaurant.jpg","","","","","","","","",""
